sex,age,hemoglobin,leukocytes,glucose,cholesterol,creatinine,is_valid
0,55,137.0,6.77,5.39,3.2,82.5,1
1,51,129.1,6.8,5.01,4.4,89.6,1
1,23,157.9,5.59,5.3,2.97,64.9,1
0,26,117.6,5.92,4.39,3.26,60.4,1
0,61,134.4,4.47,5.35,5.55,66.5,1
1,59,154.8,2.91,5.06,8.17,112.8,1
0,58,142.4,6.31,6.67,5.33,92.1,1
1,29,174.1,5.16,4.44,4.88,80.0,1
0,55,138.4,8.44,5.67,4.42,92.1,1
0,22,147.7,2.57,5.81,3.5,60.5,1
1,28,152.9,7.02,4.27,6.41,83.9,1
1,54,197.9,10.32,5.27,4.36,76.9,1
1,63,136.4,6.17,4.75,3.46,103.2,1
1,65,146.6,6.5,4.17,5.52,89.5,1
1,89,165.6,7.27,5.26,5.39,119.1,1
1,80,164.3,7.41,5.26,6.14,85.4,1
1,45,163.8,5.76,4.77,6.31,108.2,1
0,75,139.6,4.69,5.35,5.83,56.6,1
1,24,127.3,7.67,4.76,4.68,111.7,1
0,80,152.8,3.07,4.88,6.19,76.8,1
1,46,153.3,8.0,5.3,7.35,101.7,1
0,73,148.4,5.79,6.22,7.51,69.3,1
0,88,97.7,6.51,6.52,5.48,69.2,1
1,69,157.9,5.55,5.28,6.23,105.9,1
1,85,144.0,9.08,6.21,7.31,126.4,1
1,18,167.8,6.95,4.26,4.98,80.2,1
0,30,138.8,5.92,4.64,4.54,67.4,1
1,63,160.2,5.87,5.58,4.81,89.0,1
1,57,139.4,6.23,5.05,5.23,75.2,1
0,26,133.5,10.81,4.03,3.49,49.4,1
0,70,127.3,4.13,5.95,6.21,63.5,1
0,22,142.2,8.45,4.23,5.69,66.2,1
0,90,142.8,7.52,5.44,5.44,96.7,1
1,29,160.4,9.27,5.47,4.17,111.3,1
1,50,136.9,7.63,5.47,4.05,85.2,1
0,78,130.8,6.51,5.68,5.98,86.5,1
1,55,194.7,8.34,4.34,5.09,85.8,1
1,72,178.5,6.91,4.78,4.14,97.3,1
0,69,85.5,7.86,5.67,8.0,79.3,1
1,87,153.3,9.07,6.08,4.14,131.0,1
0,51,145.9,6.67,5.32,3.72,77.6,1
1,89,99.4,10.77,7.59,3.48,30.0,0
1,55,148.6,5.34,4.92,5.69,108.9,1
0,83,124.7,7.31,5.77,5.02,92.2,1
0,71,138.2,4.92,4.71,4.72,87.9,1
1,27,141.1,5.87,4.86,4.95,81.4,1
0,64,148.4,4.76,4.53,5.62,76.1,1
1,82,152.0,7.42,5.0,5.01,98.8,1
1,27,196.1,9.7,6.99,7.8,162.4,0
1,79,170.0,4.18,5.93,6.09,108.2,1
1,25,135.3,4.5,4.98,5.7,122.0,1
0,81,120.6,5.47,4.95,5.58,64.4,1
0,75,169.9,1.96,2.72,8.67,30.0,0
0,29,166.3,6.95,4.83,4.37,64.4,1
0,71,119.6,6.21,4.33,5.91,89.2,1
0,26,102.1,7.17,5.36,4.84,89.4,1
1,59,146.4,7.31,4.64,5.94,103.8,1
0,85,135.3,7.83,7.02,6.17,76.7,1
1,33,169.5,3.07,4.32,2.96,102.9,1
1,30,192.1,4.47,5.13,4.04,75.8,1
1,48,177.3,7.5,4.68,5.03,91.2,1
1,44,159.4,6.88,4.96,5.3,92.2,1
0,21,121.5,8.26,4.83,5.16,71.8,1
1,51,180.3,3.72,5.68,5.51,87.8,1
0,36,127.9,5.64,5.55,4.09,60.1,1
0,27,124.4,5.97,5.24,5.37,48.4,1
1,38,150.9,6.8,5.59,4.03,103.4,1
0,19,116.3,6.56,4.32,5.52,51.4,1
0,84,121.6,7.34,6.05,6.88,90.2,1
0,90,124.5,6.29,5.55,5.79,80.4,1
1,44,167.6,8.97,5.65,4.3,110.5,1
0,81,123.1,9.54,5.68,4.99,61.7,1
0,51,112.9,4.49,5.54,4.04,101.5,1
0,84,104.5,6.58,5.83,4.85,108.5,1
1,30,161.1,7.94,5.31,4.44,97.0,1
0,38,134.3,7.55,4.49,4.26,78.8,1
0,72,158.6,10.64,6.52,1.65,119.0,0
0,34,126.6,6.96,5.5,4.24,87.8,1
1,78,159.0,3.65,6.38,5.64,110.8,1
1,49,177.0,6.47,5.07,4.67,70.8,1
1,47,144.6,3.87,5.59,4.13,85.0,1
0,51,133.2,7.41,4.19,2.87,79.4,1
0,76,143.8,4.49,5.17,6.55,86.4,1
1,18,147.6,6.79,4.72,4.32,98.1,1
1,72,153.6,7.07,4.44,5.73,73.1,1
1,74,153.0,6.64,4.59,5.64,107.0,1
0,77,109.6,5.36,5.65,5.99,102.2,1
0,90,130.5,6.12,5.39,6.02,41.1,1
1,75,154.0,8.63,5.32,5.59,112.8,1
1,56,163.7,5.74,5.0,5.81,125.3,1
0,52,114.0,6.54,4.41,5.92,87.8,1
1,46,156.5,5.5,4.96,6.16,96.1,1
1,78,173.9,8.34,5.56,4.81,112.4,1
0,46,163.6,6.64,4.74,5.14,72.0,1
1,59,174.3,5.12,4.98,3.74,106.1,1
0,25,116.8,6.51,4.65,4.07,73.5,1
0,41,139.7,6.07,5.51,4.64,74.7,1
1,37,150.1,9.01,4.9,5.41,85.4,1
1,49,160.4,6.42,3.98,4.87,90.5,1
0,54,120.0,4.01,4.49,5.69,98.1,1
1,70,128.3,7.4,6.01,5.09,89.2,1
0,49,126.9,9.71,4.72,4.46,44.1,1
1,28,169.0,8.65,4.77,3.84,149.1,1
0,57,135.6,4.51,6.41,5.76,67.3,1
1,21,164.9,6.02,5.09,4.08,92.0,1
1,79,156.3,6.44,4.3,3.4,92.9,1
1,74,159.7,6.47,6.38,6.05,98.9,1
1,34,165.5,7.19,5.0,3.84,85.3,1
0,37,129.2,5.88,5.18,4.91,95.2,1
1,20,160.2,4.85,4.88,3.38,93.0,1
0,44,158.7,8.21,5.61,4.89,57.5,1
1,20,161.1,4.48,4.65,1.82,53.0,1
1,86,153.0,5.06,4.8,5.69,115.7,1
0,27,135.8,4.47,5.0,3.75,65.7,1
1,66,193.3,13.37,3.18,6.98,134.7,0
1,59,148.6,6.69,6.37,5.87,84.0,1
0,35,136.6,8.09,4.71,4.59,74.2,1
0,76,121.8,5.09,5.51,5.3,74.4,1
0,25,132.3,4.24,4.37,3.85,86.1,1
0,82,116.9,5.7,5.83,6.45,77.6,1
0,72,131.4,6.17,5.75,5.05,57.8,1
1,64,163.4,6.88,4.95,6.62,134.2,1
1,82,149.6,3.47,5.9,6.75,105.6,1
0,47,102.2,7.36,5.15,6.22,59.2,1
1,38,166.1,4.89,4.91,5.63,99.7,1
1,29,159.9,5.33,4.38,4.03,102.3,1
0,85,113.6,8.61,7.06,5.75,82.5,1
1,47,167.9,2.57,5.81,4.76,102.8,1
1,78,132.2,7.08,6.01,6.31,102.6,1
1,42,172.5,7.07,5.71,4.83,110.9,1
1,87,151.4,5.03,5.88,5.52,110.3,1
1,81,118.9,5.7,5.41,7.11,110.2,1
0,40,135.7,8.7,3.41,4.51,46.4,1
1,53,149.6,10.03,4.46,4.5,71.6,1
1,75,145.1,8.42,6.82,5.14,86.9,1
0,34,122.5,9.89,5.61,5.64,69.0,1
1,19,157.2,5.26,4.81,4.55,84.6,1
0,39,125.8,3.66,4.04,5.19,57.7,1
0,61,154.9,1.75,4.01,7.36,108.1,0
0,27,153.4,7.95,4.64,2.57,59.3,1
1,42,153.1,3.16,5.45,3.88,61.0,1
0,85,117.5,4.83,5.01,5.45,54.9,1
0,23,117.8,5.03,4.45,4.74,63.0,1
0,21,146.5,7.14,5.25,3.53,68.2,1
1,48,136.7,6.91,6.28,4.05,110.9,1
1,18,101.4,10.82,2.55,7.27,43.2,0
0,20,126.2,6.82,4.1,5.59,41.9,1
0,31,126.0,4.44,5.48,2.68,94.3,1
1,25,141.9,5.73,4.02,2.11,93.3,1
0,77,173.3,1.75,3.36,9.3,130.0,0
1,26,158.5,6.23,4.95,3.14,98.1,1
0,56,134.9,5.06,6.49,4.76,61.0,1
1,69,142.3,7.74,4.93,4.03,106.9,1
0,63,129.3,6.45,5.12,4.99,44.9,1
0,65,143.8,6.09,5.44,5.18,94.4,1
1,44,131.7,9.68,4.78,6.33,100.0,1
0,82,128.7,7.19,4.57,6.29,80.5,1
1,23,144.4,5.84,5.23,3.31,104.0,1
1,25,142.7,5.45,4.89,2.78,89.6,1
1,80,156.9,4.37,5.82,6.05,118.1,1
1,22,150.6,6.38,4.64,3.97,85.2,1
1,32,139.5,7.05,5.79,3.99,81.6,1
0,30,153.9,3.05,4.55,5.67,74.7,1
0,20,148.8,4.04,4.05,2.82,51.3,1
0,26,105.4,5.57,5.79,4.19,63.8,1
1,59,133.0,4.52,3.97,5.75,101.9,1
0,66,139.3,6.58,5.3,4.26,85.3,1
0,24,130.3,6.83,4.71,5.65,71.6,1
0,86,150.9,6.28,5.62,4.81,61.7,1
0,24,143.8,7.49,3.83,4.42,67.1,1
0,68,134.7,5.45,4.71,4.74,64.4,1
0,76,114.1,6.42,6.11,3.05,73.3,1
1,56,162.8,4.69,6.07,4.74,88.5,1
1,53,136.6,7.01,4.94,5.77,83.0,1
1,25,178.1,6.64,4.22,3.57,79.7,1
0,35,139.8,4.34,3.85,4.13,45.2,1
1,80,140.6,6.22,6.16,5.14,115.2,1
0,43,144.8,6.43,5.64,5.34,83.9,1
1,20,192.6,7.01,3.01,4.08,77.6,1
1,71,150.6,7.07,4.01,5.44,108.3,1
1,67,162.6,5.2,5.49,5.37,99.0,1
0,22,128.3,7.87,4.89,3.97,52.7,1
0,21,136.2,7.44,4.43,5.94,56.3,1
1,26,135.8,5.2,4.77,3.6,94.1,1
0,21,134.9,4.44,4.57,5.05,83.2,1
0,62,131.5,5.33,5.35,6.39,83.0,1
0,27,161.3,3.85,4.26,4.42,64.3,1
0,62,103.9,6.87,5.32,5.29,81.0,1
0,30,129.8,8.63,4.45,5.08,70.1,1
0,88,147.5,9.06,5.27,5.43,64.4,1
1,70,150.4,4.54,4.33,3.69,112.9,1
1,45,153.9,7.92,4.97,4.68,99.6,1
1,49,143.6,6.65,5.62,6.46,105.1,1
0,22,120.8,2.19,4.53,4.95,55.6,1
1,22,131.4,5.9,4.52,4.51,88.3,1
0,57,90.6,9.36,4.01,2.74,136.0,0
0,19,120.3,8.68,5.3,4.25,67.7,1
0,64,132.4,4.93,6.4,5.31,70.9,1
0,45,120.7,7.51,6.43,4.51,57.3,1
1,28,151.0,6.31,4.86,4.99,99.4,1
0,57,124.5,3.9,4.56,4.66,57.7,1
1,58,154.5,5.51,4.96,4.88,103.4,1
0,72,121.9,9.26,5.82,6.23,59.7,1
1,32,141.9,6.19,5.74,4.47,93.5,1
0,57,99.2,3.42,6.18,9.1,143.9,0
0,79,145.1,8.03,5.74,6.16,80.4,1
1,37,159.2,5.69,4.48,4.67,91.7,1
1,78,144.1,4.19,5.48,5.25,111.8,1
0,70,128.2,4.43,5.35,4.21,63.6,1
1,49,125.3,9.11,5.36,3.99,82.7,1
0,82,126.7,6.77,6.85,6.19,69.6,1
1,88,146.2,3.38,6.01,6.29,115.9,1
1,35,143.5,8.0,4.67,3.81,112.4,1
0,89,116.8,3.28,5.38,6.14,68.0,1
1,18,153.0,5.01,4.56,4.55,91.6,1
0,27,207.8,11.01,6.65,3.33,131.6,0
0,21,151.3,11.04,4.8,6.37,108.5,1
0,44,118.7,7.97,3.61,5.4,69.6,1
0,86,120.6,5.63,5.56,5.1,96.0,1
1,61,147.5,6.55,5.24,5.89,101.8,1
0,63,142.8,8.16,4.65,4.32,86.9,1
0,24,136.8,9.06,4.53,6.48,87.4,1
1,55,156.9,6.05,5.9,4.0,100.4,1
0,45,140.5,6.11,5.79,5.29,72.8,1
1,52,146.9,5.01,4.86,5.04,94.5,1
0,37,153.8,7.7,5.27,4.37,78.1,1
1,32,157.8,8.35,3.98,4.21,114.4,1
1,87,139.5,3.01,5.53,6.97,119.2,1
1,58,151.8,5.79,5.41,5.67,116.1,1
0,48,150.7,4.32,6.04,4.82,66.4,1
0,23,128.3,6.77,5.46,6.02,63.6,1
1,73,167.9,4.27,5.62,5.35,86.2,1
0,52,122.4,4.12,4.63,5.7,75.9,1
1,46,144.9,8.52,5.91,3.71,111.3,1
0,66,140.3,6.2,5.19,4.16,65.8,1
1,27,145.2,6.39,5.07,5.18,93.6,1
1,56,167.7,7.28,5.17,5.4,107.5,1
0,81,134.2,8.25,6.81,7.55,70.2,1
0,51,118.8,5.75,4.8,4.39,70.7,1
1,18,158.1,5.79,5.22,4.97,112.6,1
0,34,125.4,5.79,4.86,4.46,73.1,1
1,22,164.0,8.45,5.07,5.2,85.3,1
0,54,159.9,6.38,6.18,5.77,75.1,1
1,44,151.0,5.98,3.86,4.86,103.7,1
1,27,166.3,7.2,4.77,3.87,133.9,1
0,68,130.6,9.8,4.88,5.05,97.2,1
1,30,158.4,6.63,5.12,3.6,144.4,1
0,42,130.3,6.01,5.44,5.17,57.1,1
1,90,139.1,10.0,5.47,3.27,120.4,1
0,22,139.8,8.89,4.42,3.92,95.4,1
0,36,129.1,8.63,5.06,5.53,73.3,1
0,41,119.3,5.6,4.25,5.61,67.2,1
0,55,146.7,5.42,5.42,3.65,84.8,1
0,35,135.0,3.2,4.43,5.22,67.9,1
1,88,97.6,2.26,7.98,1.56,115.3,0
0,18,155.3,6.64,3.88,4.02,50.6,1
1,87,124.8,3.26,5.36,6.43,76.9,1
0,57,150.4,8.66,4.8,4.26,77.3,1
0,20,121.8,5.89,4.52,5.68,82.1,1
1,26,161.6,6.11,5.62,4.75,81.7,1
1,25,149.7,3.78,5.28,4.92,103.5,1
0,38,119.4,7.39,4.68,5.73,80.0,1
0,42,152.5,7.4,4.74,5.64,78.3,1
1,64,236.9,1.75,3.98,3.3,49.2,0
1,40,153.7,5.75,4.3,4.21,100.2,1
1,70,159.0,11.23,5.46,4.4,118.5,1
0,39,134.0,4.33,4.62,4.53,82.3,1
0,37,159.3,5.2,4.85,5.17,54.0,1
1,38,125.5,7.77,5.46,3.6,124.5,1
1,42,162.5,4.67,4.63,5.36,82.7,1
0,79,118.2,4.54,6.17,5.92,74.7,1
0,36,98.1,8.54,6.26,4.56,111.1,1
0,37,127.9,7.59,5.32,4.8,80.2,1
1,87,180.0,7.37,5.65,5.8,87.0,1
0,65,120.7,6.83,6.07,5.7,79.3,1
0,31,145.8,5.25,4.2,5.29,80.4,1
0,81,146.9,6.05,6.53,8.2,78.1,1
1,31,157.7,6.36,4.41,4.77,88.9,1
0,29,135.9,8.02,6.14,4.0,53.3,1
0,50,106.3,7.27,4.72,3.28,56.0,1
0,68,119.5,4.83,5.82,4.09,62.7,1
0,31,147.5,7.92,3.93,3.94,92.0,1
1,72,154.7,3.48,5.35,6.06,80.3,1
0,29,98.1,11.02,6.44,1.61,30.0,0
0,75,131.5,4.44,4.66,5.87,95.7,1
1,24,191.5,4.96,5.48,3.82,106.0,1
0,51,125.4,9.97,4.43,5.43,94.9,1
1,64,178.7,3.85,4.92,6.07,89.4,1
1,37,159.3,5.03,4.44,4.38,106.3,1
0,62,156.2,7.42,6.01,5.63,91.4,1
1,68,135.8,5.65,6.03,4.96,112.5,1
0,65,133.3,6.78,6.14,4.19,87.6,1
1,46,150.5,9.07,4.62,5.42,79.4,1
0,74,131.7,7.68,6.32,5.85,84.7,1
1,71,172.2,5.66,4.99,5.95,105.9,1
1,41,162.6,6.26,4.56,5.68,94.8,1
1,71,172.2,7.46,5.05,5.2,89.5,1
0,85,118.4,7.64,5.28,5.54,82.0,1
0,77,117.0,6.54,5.5,5.28,60.0,1
0,71,130.1,7.15,4.96,5.73,68.1,1
0,73,129.1,7.15,5.63,5.34,88.8,1
1,76,150.6,6.33,3.97,5.63,114.4,1
0,39,118.7,5.41,5.12,4.13,80.2,1
1,70,172.0,7.84,4.8,4.48,91.6,1
1,32,152.4,7.03,4.48,3.82,79.9,1
0,44,154.0,2.75,4.67,5.25,61.5,1
0,86,128.6,5.01,6.26,5.68,94.6,1
1,38,166.9,5.63,5.27,4.32,99.8,1
0,79,137.5,6.14,5.49,6.18,73.4,1
0,48,119.8,8.67,4.69,6.27,75.9,1
1,33,163.2,12.26,5.36,4.21,106.9,1
1,25,187.4,2.07,5.85,3.52,80.9,1
0,58,135.0,7.05,5.25,6.01,66.6,1
0,50,145.5,6.63,4.19,5.01,83.2,1
0,55,141.9,6.18,4.8,4.93,77.3,1
1,21,163.5,7.48,5.05,5.34,112.6,1
1,37,160.1,6.77,4.69,4.5,108.2,1
1,18,167.4,5.85,4.15,4.72,84.3,1
1,40,168.4,6.55,4.46,4.94,46.9,1
1,85,132.2,7.5,5.73,8.62,102.3,1
0,29,137.8,7.33,3.91,4.46,56.8,1
0,68,127.4,6.84,5.4,6.2,82.0,1
1,18,153.3,5.45,4.72,4.13,119.8,1
1,59,174.5,11.57,5.02,5.59,82.5,1
1,85,141.5,7.15,5.05,5.52,108.9,1
0,42,111.9,7.87,5.64,5.56,86.2,1
0,32,145.7,5.59,4.08,4.55,77.8,1
0,59,109.8,6.84,5.39,5.63,78.9,1
0,38,104.3,6.83,5.41,4.08,41.8,1
1,83,166.3,3.06,5.74,4.94,100.1,1
1,79,155.5,5.21,6.32,3.89,98.8,1
0,65,137.6,5.18,4.69,5.63,90.0,1
0,64,124.0,5.42,4.89,4.7,88.6,1
1,61,134.1,4.57,5.04,7.2,90.4,1
0,71,112.1,6.58,7.44,4.99,46.1,1
1,51,151.8,9.02,5.47,6.14,73.6,1
1,88,133.1,6.73,6.14,6.79,120.5,1
0,43,137.3,4.37,5.44,4.64,72.0,1
0,18,128.3,4.64,4.72,3.7,50.2,1
1,68,157.0,5.82,6.05,5.24,78.6,1
1,66,156.7,3.95,4.27,6.34,101.8,1
0,89,133.9,7.05,5.9,7.84,77.3,1
1,46,163.9,8.94,5.35,3.81,122.1,1
1,49,150.9,5.46,5.75,4.99,96.2,1
1,59,157.9,6.64,4.59,4.64,103.7,1
0,46,135.9,5.73,4.44,4.59,72.7,1
1,75,117.1,5.37,4.91,7.04,111.0,1
1,49,165.8,6.84,5.45,4.29,123.9,1
0,75,131.7,5.31,5.85,4.05,88.9,1
0,49,140.6,5.04,4.57,5.16,103.0,1
1,34,138.3,3.59,6.06,5.02,104.8,1
0,90,123.3,6.62,5.92,5.42,51.7,1
0,56,115.0,8.42,5.31,4.51,61.4,1
0,69,141.3,7.77,5.31,5.52,86.8,1
1,61,133.8,9.19,5.87,4.01,94.4,1
1,44,142.7,5.29,5.29,5.26,97.2,1
0,88,136.2,8.03,6.85,5.45,63.2,1
1,45,147.1,4.52,4.35,6.15,118.9,1
0,90,114.1,7.78,4.82,6.09,98.5,1
1,49,169.7,9.46,4.69,4.84,94.0,1
1,19,173.3,7.4,5.02,4.17,92.7,1
1,20,169.8,9.49,4.44,2.66,115.1,1
0,89,198.0,1.75,8.38,7.94,33.2,0
1,56,151.9,6.26,5.0,4.94,73.3,1
0,46,129.3,4.85,5.74,4.97,83.5,1
1,77,143.6,6.56,5.06,5.37,106.3,1
0,63,133.2,6.99,6.05,6.55,77.0,1
0,66,122.5,6.55,6.21,5.08,61.1,1
0,68,123.7,5.65,5.08,4.6,61.6,1
1,32,166.8,5.62,5.17,3.14,50.1,1
0,24,152.4,7.12,4.92,4.08,62.4,1
1,71,159.9,6.21,5.78,4.48,69.0,1
0,19,162.0,4.43,5.46,3.21,63.8,1
0,70,119.4,3.08,6.03,5.12,80.5,1
1,27,130.7,5.43,5.11,5.56,78.8,1
0,37,98.2,1.75,3.87,8.0,32.9,0
1,69,142.5,5.0,4.67,4.23,127.8,1
1,63,150.6,5.74,5.32,5.29,101.7,1
0,75,103.0,6.24,4.86,5.88,83.9,1
0,62,117.3,5.3,5.32,5.77,49.8,1
0,21,112.4,10.44,5.39,5.86,74.8,1
1,79,146.6,4.23,5.58,4.53,77.9,1
1,33,151.8,8.68,3.39,3.86,70.8,1
0,27,135.6,6.21,4.18,3.94,53.4,1
0,82,147.4,5.32,5.98,5.97,72.8,1
0,32,144.0,7.56,4.56,2.19,72.0,1
0,57,107.0,5.68,5.73,4.93,72.8,1
1,53,164.8,5.05,4.47,3.46,80.2,1
1,74,155.3,9.72,5.74,5.48,100.3,1
0,21,133.4,2.55,4.97,6.28,61.6,1
1,25,158.2,6.06,5.25,5.31,98.2,1
0,48,135.3,6.84,4.73,3.86,69.9,1
0,52,121.4,9.03,5.65,4.66,46.6,1
1,75,91.6,10.85,4.82,1.94,45.6,0
1,62,172.6,11.29,3.97,6.41,106.3,1
1,28,147.6,7.87,4.85,2.58,109.0,1
0,89,112.7,2.24,4.65,5.38,57.0,1
0,51,131.0,3.88,4.65,4.39,62.1,1
0,88,111.2,6.93,5.25,4.7,68.7,1
0,90,102.2,4.44,5.71,7.29,93.1,1
1,21,153.7,7.49,4.94,3.01,103.1,1
1,54,177.3,5.68,5.75,4.01,78.5,1
0,48,131.6,4.35,5.28,6.4,80.8,1
1,54,158.3,4.76,5.61,4.99,116.7,1
0,40,101.0,8.03,4.35,4.64,76.2,1
1,58,161.8,2.86,5.9,4.6,86.3,1
0,53,133.1,8.38,3.22,5.06,86.4,1
0,31,123.9,8.43,5.78,4.23,75.3,1
1,39,159.8,5.9,5.79,4.12,93.2,1
0,28,136.8,3.97,5.27,3.3,85.8,1
0,79,113.2,7.5,6.92,5.62,74.9,1
0,67,135.3,5.62,4.32,4.8,75.6,1
0,46,150.4,3.77,5.56,4.5,86.2,1
0,46,129.0,9.94,5.17,5.51,65.8,1
0,23,121.7,4.91,4.89,4.0,54.8,1
1,39,154.4,3.85,4.29,4.68,101.8,1
1,85,165.3,7.01,5.91,7.21,122.6,1
0,20,116.6,6.38,4.91,4.75,37.9,1
0,28,142.9,9.18,4.41,4.07,83.4,1
1,79,142.9,5.82,5.54,4.59,99.5,1
1,55,159.1,5.83,4.44,4.98,89.7,1
1,20,150.5,7.1,4.46,5.11,86.3,1
1,53,147.2,6.86,5.77,4.53,111.2,1
1,72,176.6,6.91,6.07,5.4,108.8,1
0,43,111.6,6.99,5.51,4.31,57.6,1
0,45,139.8,6.8,5.65,4.53,77.8,1
1,64,180.6,5.75,5.94,4.13,118.8,1
1,61,106.8,2.26,3.51,8.67,162.8,0
0,83,66.0,1.75,3.51,2.92,97.6,0
1,36,138.2,7.95,5.59,5.99,106.5,1
0,38,121.9,9.0,4.14,4.8,54.2,1
1,29,160.5,5.28,4.0,3.88,99.7,1
1,66,157.8,10.83,4.53,6.57,87.1,1
0,56,112.3,5.22,4.17,5.39,79.8,1
0,43,119.6,5.23,4.41,4.97,63.1,1
0,68,118.0,7.47,5.1,5.29,58.7,1
1,45,153.8,7.29,5.98,4.98,102.0,1
1,32,187.6,6.63,4.62,3.8,98.3,1
0,57,117.3,7.97,4.35,5.0,86.2,1
0,49,117.4,6.95,5.23,4.72,65.5,1
1,47,139.3,10.22,4.99,5.2,74.6,1
0,50,141.5,6.4,4.68,5.94,83.6,1
0,84,128.0,4.96,5.31,6.49,96.9,1
0,33,120.3,5.51,5.54,5.06,64.0,1
1,38,151.8,7.35,4.12,3.14,104.2,1
1,59,143.2,7.37,4.29,4.72,93.3,1
0,21,139.3,6.87,5.0,2.72,101.0,1
1,28,198.5,4.97,4.45,5.47,88.5,1
1,59,163.4,8.5,6.22,5.01,97.3,1
0,55,130.1,9.99,5.13,4.9,43.4,1
1,65,144.5,6.55,5.31,4.62,121.8,1
1,26,138.2,9.76,5.26,5.59,88.3,1
0,80,140.0,8.06,4.6,5.63,94.5,1
0,53,141.9,10.49,5.4,4.89,63.6,1
1,29,151.1,7.35,4.62,4.63,95.3,1
1,40,175.2,6.75,5.62,4.92,85.3,1
0,34,133.9,8.02,4.52,4.49,58.7,1
1,51,167.5,5.72,5.27,6.09,93.2,1
1,52,125.1,1.75,6.71,3.02,142.8,0
0,49,129.4,8.9,5.38,5.0,68.0,1
1,51,141.6,7.98,5.01,4.26,74.7,1
0,84,126.4,6.44,5.82,5.91,79.5,1
1,88,132.1,1.75,8.84,1.7,30.0,0
0,53,124.1,7.86,5.02,6.28,68.6,1
0,88,134.8,7.8,5.96,7.11,51.7,1
1,77,137.1,7.85,6.93,6.12,112.4,1
0,77,141.0,7.11,5.79,4.43,93.3,1
1,34,162.3,5.02,3.45,4.2,105.6,1
0,50,114.0,5.3,4.75,4.76,66.4,1
1,43,100.3,1.75,6.44,6.29,50.4,0
1,25,172.5,8.0,5.33,4.16,92.4,1
1,23,139.8,7.76,4.69,4.61,95.3,1
0,63,114.6,5.28,5.98,5.67,81.4,1
0,48,131.2,6.23,5.49,6.06,79.4,1
1,78,185.2,4.39,5.93,5.48,68.3,1
1,66,144.3,4.0,4.66,4.99,108.2,1
1,24,166.0,6.65,5.06,3.26,102.0,1
0,79,133.0,8.94,6.4,5.83,63.2,1
1,54,146.8,6.68,4.34,4.61,83.2,1
0,59,133.5,9.93,5.09,4.93,74.9,1
0,88,121.5,6.2,5.93,5.19,78.1,1
1,64,149.2,6.56,5.42,4.73,81.7,1
0,19,110.2,4.72,5.55,4.96,72.8,1
1,30,157.6,5.87,5.29,4.49,99.3,1
0,49,145.6,4.36,5.38,6.32,86.3,1
0,20,135.9,3.72,5.19,3.33,70.3,1
0,30,150.4,4.39,5.31,5.66,42.1,1
1,75,162.2,6.65,5.55,5.0,102.5,1
1,28,157.3,5.17,4.61,4.45,71.0,1
1,30,148.6,5.6,5.44,4.98,83.8,1
1,54,148.3,7.24,4.76,5.94,77.4,1
1,24,136.5,3.71,4.72,5.38,103.6,1
1,36,153.4,6.65,4.25,5.6,80.5,1
1,86,154.6,8.03,6.13,5.47,114.3,1
0,64,156.3,8.18,6.1,6.85,56.8,1
0,88,136.1,7.43,5.16,6.25,45.2,1
0,43,152.7,12.85,7.31,4.62,124.7,0
0,62,109.2,5.38,5.04,5.23,54.2,1
1,35,154.4,6.35,5.57,4.32,116.5,1
0,45,144.7,9.48,5.93,4.58,63.1,1
0,30,130.7,6.99,4.56,5.14,89.8,1
1,78,161.3,6.31,3.72,5.8,94.3,1
1,31,155.2,7.51,5.56,3.98,101.9,1
1,32,168.6,6.59,4.91,5.96,88.7,1
0,51,107.9,6.91,5.19,3.83,109.2,1
0,49,156.2,6.06,5.71,3.73,56.2,1
1,40,140.3,5.75,4.78,3.79,51.2,1
0,44,144.5,8.29,4.68,5.24,77.1,1
0,39,129.0,2.99,4.77,5.07,57.6,1
0,84,126.9,7.36,5.95,4.91,78.3,1
1,60,151.4,5.64,5.83,4.63,97.0,1
1,85,113.2,10.17,4.82,8.06,126.1,0
1,90,158.9,4.75,5.99,4.8,93.4,1
1,65,214.9,12.39,3.07,9.28,61.5,0
1,78,174.3,6.68,6.1,6.93,93.5,1
0,26,139.4,7.83,4.21,4.32,70.0,1
1,87,178.0,7.95,6.56,6.02,91.9,1
0,53,133.1,3.72,5.32,5.12,98.1,1
0,70,146.2,7.18,5.31,6.59,94.1,1
1,35,163.9,7.81,4.34,6.41,74.7,1
0,24,126.4,6.89,5.14,4.12,72.2,1
0,82,131.5,7.4,5.46,5.63,62.9,1
0,50,139.5,3.02,5.09,5.74,54.8,1
1,28,157.7,4.72,3.82,4.83,48.4,1
0,66,136.6,8.96,5.13,4.46,69.4,1
0,21,147.9,6.0,4.37,2.76,68.3,1
1,50,155.6,10.5,5.4,4.43,117.8,1
0,69,85.9,4.2,5.27,5.64,90.2,1
1,70,179.2,9.31,3.86,5.01,105.9,1
1,51,151.4,5.4,4.92,4.04,108.6,1
1,45,144.2,8.05,4.2,4.34,110.0,1
0,79,112.2,5.97,4.96,7.19,82.3,1
0,31,128.9,6.71,5.47,3.57,93.3,1
0,23,96.1,1.75,6.01,1.52,30.0,0
1,29,147.0,5.4,5.01,4.08,89.1,1
0,76,119.2,7.94,5.24,7.24,65.4,1
0,52,139.7,6.02,4.76,3.68,65.3,1
0,20,214.5,13.42,2.79,1.5,30.8,0
1,30,170.3,1.75,5.04,4.62,121.0,1
0,20,151.8,5.89,4.96,4.52,85.4,1
1,77,147.6,8.77,4.52,6.51,117.2,1
0,51,133.5,7.75,5.86,5.9,72.4,1
0,22,141.2,8.1,4.02,3.77,70.3,1
0,34,123.7,6.6,5.14,4.93,81.4,1
1,63,148.3,9.52,4.64,5.07,104.6,1
0,61,143.7,7.02,5.04,4.77,80.5,1
0,77,145.7,5.31,4.79,6.42,109.6,1
1,19,215.3,3.5,6.77,2.01,59.2,0
1,23,140.8,8.16,4.62,5.86,84.3,1
1,20,154.6,7.63,4.01,4.79,85.4,1
1,46,134.8,5.77,5.28,5.72,109.9,1
0,71,131.0,7.01,5.73,2.94,86.0,1
1,66,158.2,9.01,7.01,5.37,113.0,1
0,33,129.6,7.36,5.45,5.02,80.5,1
1,65,158.1,3.84,6.08,5.74,82.6,1
1,65,160.8,5.37,4.31,6.66,121.3,1
1,31,161.8,5.28,3.69,5.15,116.7,1
1,72,135.8,5.14,5.3,4.32,92.8,1
1,48,152.4,2.7,6.19,5.41,102.9,1
1,22,164.9,9.9,6.21,5.16,98.9,1
1,46,180.1,4.92,4.68,4.34,91.7,1
0,74,125.5,5.05,5.16,5.08,57.3,1
0,68,138.5,3.0,5.75,6.04,83.0,1
0,37,146.5,8.06,4.84,4.72,50.5,1
1,73,150.8,6.34,5.39,6.42,89.7,1
0,46,149.6,5.87,5.47,5.06,99.0,1
0,51,149.9,5.96,6.79,3.03,79.8,1
0,24,155.3,7.56,5.54,4.51,77.9,1
1,90,158.9,5.64,6.87,5.42,95.1,1
1,79,188.5,2.92,4.48,6.11,75.5,1
1,32,148.6,4.18,5.52,5.0,102.8,1
0,58,163.1,4.08,4.7,4.29,81.4,1
0,74,141.1,7.0,6.52,5.64,86.6,1
0,54,151.7,8.17,6.02,5.54,67.8,1
0,33,128.9,9.14,5.26,5.04,66.5,1
0,88,140.9,3.56,5.27,6.62,83.9,1
1,37,178.7,7.62,4.66,3.8,78.0,1
1,42,140.5,5.39,4.79,4.68,109.3,1
1,45,154.1,11.76,5.53,2.87,94.8,1
0,83,96.6,8.99,5.89,6.7,79.5,1
0,54,128.9,9.56,6.06,5.17,108.3,1
1,70,141.8,7.94,6.42,5.3,94.4,1
0,83,125.4,7.19,5.14,5.54,77.2,1
0,85,172.4,5.78,5.96,6.13,75.7,1
0,80,154.8,5.42,5.88,6.54,45.3,1
1,84,131.0,5.06,5.6,5.42,108.4,1
1,87,160.6,7.61,6.27,6.11,64.3,1
0,90,140.0,9.31,6.04,6.16,86.9,1
1,64,149.5,5.86,5.02,3.3,87.8,1
1,27,161.0,5.2,4.72,3.9,85.3,1
1,26,162.5,3.83,4.58,4.91,95.7,1
1,76,133.2,6.94,5.1,6.63,78.9,1
0,41,117.4,8.71,4.96,6.04,71.4,1
1,76,156.0,8.8,4.76,4.42,82.4,1
0,86,129.9,8.98,5.97,6.62,56.0,1
1,65,143.9,7.25,6.22,6.23,95.0,1
1,73,141.8,6.66,5.53,5.83,117.0,1
1,38,155.9,8.81,5.54,2.94,107.7,1
1,49,169.4,4.5,5.23,4.5,89.3,1
1,88,151.1,5.71,5.11,5.86,96.9,1
1,77,177.6,9.58,6.76,5.33,90.7,1
1,32,186.6,11.4,5.65,5.76,43.6,0
1,86,193.1,1.75,8.03,8.5,128.4,0
0,54,126.3,7.64,4.75,4.24,77.7,1
1,79,161.9,6.65,6.53,6.11,88.0,1
1,56,143.7,8.57,5.37,5.55,96.9,1
0,62,159.7,9.25,6.86,5.71,58.8,1
1,29,132.7,7.36,4.86,4.25,108.3,1
1,42,182.5,9.0,4.57,4.86,106.7,1
1,70,155.3,4.83,4.42,5.32,121.8,1
1,79,161.4,6.22,6.25,6.4,119.4,1
0,24,154.6,10.83,4.26,4.0,58.4,1
1,23,171.6,10.0,4.49,3.78,83.3,1
0,68,119.2,4.2,6.16,6.23,79.7,1
1,50,165.0,6.48,5.78,5.74,84.2,1
1,79,181.1,6.74,5.22,6.0,102.5,1
0,22,121.5,7.25,4.46,5.86,66.9,1
0,43,164.5,8.79,3.99,6.74,86.9,1
0,20,140.8,9.81,3.47,5.51,86.2,1
0,69,123.6,6.57,5.89,4.71,69.9,1
0,80,115.6,8.52,6.12,6.35,47.6,1
0,29,130.8,7.67,5.05,4.68,87.6,1
0,41,103.6,6.46,5.13,4.31,63.9,1
0,79,122.9,3.44,5.16,4.91,74.6,1
1,21,155.0,8.33,5.6,4.66,94.0,1
0,87,112.2,7.59,4.63,6.48,81.1,1
0,82,140.0,7.2,5.35,6.88,65.8,1
0,29,130.8,4.73,4.93,5.19,55.7,1
1,28,148.7,10.03,4.82,5.08,98.7,1
0,68,125.3,6.77,5.42,5.17,86.8,1
1,18,164.5,4.45,4.36,4.55,94.1,1
0,54,78.3,9.16,7.26,1.5,110.3,0
0,22,158.7,3.22,5.77,1.53,95.6,0
0,56,133.3,7.77,5.15,5.51,81.5,1
0,43,87.5,11.61,7.36,3.21,137.9,0
1,69,137.0,7.33,5.24,5.34,96.8,1
0,82,124.5,7.7,5.63,6.71,60.5,1
0,53,140.4,6.75,5.32,4.63,74.9,1
1,64,163.2,5.24,4.3,6.81,100.7,1
1,61,151.5,8.23,4.31,6.52,97.4,1
1,89,107.9,11.64,4.0,8.83,134.8,0
1,34,142.9,7.52,4.54,4.73,100.5,1
1,35,143.3,5.0,4.6,4.5,99.2,1
0,45,128.7,4.1,5.42,4.57,79.5,1
1,71,176.4,6.64,4.87,4.54,96.5,1
0,81,131.3,8.17,4.17,6.04,94.3,1
0,38,82.9,13.5,3.85,1.53,40.2,0
1,26,181.6,7.55,5.52,4.86,117.2,1
1,62,150.5,5.69,6.05,5.39,101.4,1
1,61,188.4,5.05,4.64,4.25,80.7,1
0,45,124.8,6.47,5.03,5.86,85.8,1
1,31,142.7,6.49,4.1,4.71,91.1,1
0,80,126.5,8.49,5.56,6.38,68.3,1
1,79,149.4,5.64,5.38,4.53,114.5,1
1,72,141.7,5.79,4.83,4.75,79.9,1
1,60,194.0,10.2,5.6,4.85,71.7,1
1,37,162.1,9.29,4.8,4.96,93.6,1
1,47,163.3,4.91,6.14,4.85,101.9,1
0,22,127.9,9.14,4.78,5.67,85.1,1
0,36,124.7,4.48,3.41,5.65,75.0,1
0,50,147.4,5.72,4.06,4.34,39.7,1
1,49,131.0,5.92,6.39,7.63,82.9,1
0,23,82.4,13.52,6.76,7.82,104.3,0
0,87,124.6,7.62,5.85,6.9,47.1,1
1,37,177.6,6.69,4.96,4.48,94.3,1
1,55,149.9,7.61,6.07,5.66,105.4,1
1,51,162.1,5.78,4.02,5.87,112.1,1
1,52,156.2,7.17,5.98,3.69,105.0,1
1,79,224.0,1.75,7.81,9.3,137.3,0
0,72,106.0,4.0,5.48,4.74,90.8,1
1,81,163.9,7.37,5.86,5.31,95.9,1
1,45,153.5,6.67,4.85,4.36,98.2,1
1,37,171.2,5.21,3.94,4.23,86.9,1
0,49,119.8,5.74,5.48,4.51,69.8,1
1,58,155.6,5.78,5.42,4.09,91.6,1
1,42,155.3,6.06,5.19,5.53,76.4,1
1,51,140.9,9.67,5.45,5.12,107.1,1
0,29,114.9,10.26,4.47,4.46,75.0,1
1,60,146.3,1.75,6.2,6.11,109.9,1
1,70,155.9,7.38,5.45,6.99,87.9,1
1,56,144.0,8.22,5.57,3.72,108.4,1
0,81,123.9,6.11,5.45,7.08,51.5,1
1,90,123.7,8.17,6.38,5.78,107.6,1
1,84,147.0,9.48,5.72,4.46,109.3,1
0,24,150.0,4.03,4.71,4.85,56.6,1
1,82,163.4,6.74,6.35,5.53,115.9,1
0,42,131.5,10.02,4.0,5.61,96.5,1
1,50,159.7,4.27,4.98,5.13,88.9,1
0,48,119.8,6.29,4.75,5.28,95.1,1
1,38,234.2,9.31,6.85,6.47,30.0,0
1,82,183.8,8.39,5.82,4.71,97.1,1
1,64,157.1,8.64,5.35,5.95,59.0,1
1,88,191.1,6.79,5.29,5.29,113.3,1
1,87,142.1,6.56,5.69,6.1,76.4,1
0,48,113.4,3.41,5.31,6.3,44.1,1
0,71,119.3,9.06,5.36,5.28,78.5,1
1,54,152.3,5.86,5.87,5.71,113.2,1
1,54,190.3,6.24,5.58,5.05,91.6,1
0,71,157.9,12.13,4.06,1.64,124.2,0
0,68,117.3,6.86,4.01,3.95,100.8,1
1,84,139.1,8.31,5.53,5.64,84.9,1
1,74,170.7,7.59,5.89,5.33,84.0,1
0,63,145.7,6.87,5.18,4.48,90.4,1
0,85,121.2,7.06,5.86,3.87,78.6,1
0,25,106.4,4.48,4.64,3.0,93.6,1
1,73,136.8,6.23,5.63,7.07,79.2,1
0,46,158.2,8.45,5.93,4.95,46.5,1
1,49,166.4,4.88,5.61,3.69,75.9,1
0,75,130.5,5.21,4.75,4.96,85.4,1
0,37,161.3,4.92,3.96,4.75,90.9,1
1,82,182.2,6.78,5.9,6.04,115.2,1
1,54,155.1,9.02,5.91,4.87,106.0,1
1,43,156.4,7.48,4.05,6.68,115.9,1
1,41,148.2,2.58,4.89,6.68,87.9,1
1,48,151.9,7.67,6.54,5.3,67.6,1
1,86,130.1,5.7,5.53,5.39,75.0,1
1,25,136.1,7.42,6.29,4.84,74.5,1
0,55,105.7,6.23,4.73,3.9,44.7,1
0,78,145.5,4.95,5.18,6.46,54.5,1
1,52,132.4,6.37,4.76,5.19,83.7,1
0,59,160.3,5.71,4.52,4.09,83.1,1
1,43,145.7,7.05,4.03,4.33,101.6,1
1,27,222.8,11.54,3.31,1.95,151.4,0
0,64,88.6,1.75,6.79,5.59,30.0,0
1,85,129.0,7.82,5.24,4.9,104.8,1
0,55,150.8,8.5,4.94,4.68,93.5,1
1,49,177.1,7.54,6.0,5.86,89.8,1
0,27,120.7,5.33,5.39,6.08,65.7,1
0,86,123.4,5.17,5.53,6.06,96.0,1
1,81,139.3,5.27,5.87,2.78,93.7,1
1,83,150.9,8.1,4.66,4.65,120.6,1
0,44,134.2,5.01,5.22,8.03,51.0,1
1,63,149.4,8.09,5.31,5.4,122.4,1
1,49,128.8,7.65,4.91,2.63,116.3,1
0,35,124.8,8.73,4.94,6.84,58.4,1
1,33,168.3,8.41,4.82,3.46,92.0,1
1,46,153.3,7.48,4.3,5.44,78.7,1
0,58,126.3,3.86,6.28,4.13,66.5,1
1,26,144.4,7.6,5.36,6.5,72.8,1
1,69,144.9,6.71,5.2,4.1,71.7,1
1,51,177.0,5.83,4.11,4.49,78.7,1
1,82,135.7,8.95,4.16,6.58,114.7,1
1,38,168.0,6.23,6.17,4.26,69.0,1
0,21,135.6,5.55,4.61,4.86,92.6,1
1,40,160.7,8.52,5.46,5.55,110.7,1
0,89,117.1,5.77,5.17,5.94,95.2,1
1,41,151.6,5.46,4.83,3.82,102.2,1
0,69,130.0,4.47,5.28,4.67,99.2,1
0,79,121.3,5.02,5.73,5.23,53.4,1
0,38,138.2,5.18,5.02,5.29,93.4,1
1,64,161.5,7.62,4.81,6.01,143.8,1
0,32,166.4,4.67,4.32,4.82,68.6,1
0,44,136.8,3.16,5.01,5.51,72.4,1
1,39,128.4,7.05,3.93,3.35,83.1,1
1,67,171.7,5.36,4.91,5.61,99.3,1
0,81,125.8,6.47,5.52,5.56,77.8,1
1,36,187.6,8.81,5.18,5.17,61.4,1
0,39,155.2,6.63,5.89,5.46,82.1,1
0,77,121.7,9.22,5.27,4.59,91.5,1
1,51,166.7,6.38,5.19,4.92,84.3,1
0,55,122.6,8.31,4.1,6.3,67.4,1
1,69,154.1,5.51,5.64,5.65,111.2,1
1,28,168.3,6.69,4.27,4.47,82.5,1
1,81,169.6,4.82,5.43,4.52,110.2,1
0,44,146.0,5.03,5.35,5.37,77.5,1
1,66,155.5,6.1,5.7,4.07,133.3,1
1,49,162.4,10.35,3.02,6.64,49.4,0
0,72,124.3,6.79,5.96,5.0,66.6,1
0,62,106.7,5.96,5.31,5.59,77.8,1
0,30,112.8,6.92,5.61,4.06,74.2,1
1,31,180.0,4.14,5.74,4.32,121.0,1
1,82,151.7,7.76,6.59,4.82,122.8,1
0,55,133.9,9.56,4.37,4.88,62.8,1
1,38,149.1,9.18,5.21,4.95,94.0,1
1,28,151.4,9.93,3.87,4.25,86.0,1
1,27,146.5,6.58,5.59,4.26,83.3,1
0,85,135.6,5.87,6.54,5.85,30.0,1
0,89,126.6,7.38,6.32,6.68,100.8,1
0,46,138.9,6.07,4.84,5.59,63.2,1
1,32,162.9,3.37,5.21,3.48,89.9,1
1,48,149.8,7.97,4.79,5.65,139.0,1
1,27,136.4,6.08,4.81,5.77,86.7,1
0,58,108.0,3.86,5.21,5.8,71.2,1
0,63,176.1,5.59,4.15,3.09,78.2,1
0,89,150.3,6.12,5.25,6.02,80.5,1
1,41,177.0,6.52,6.38,6.07,87.8,1
0,32,123.7,6.54,4.83,4.24,89.4,1
1,27,158.4,8.96,4.9,7.15,98.8,1
1,45,144.3,4.18,5.07,2.94,98.9,1
0,61,111.2,6.23,5.07,5.35,63.9,1
0,22,126.0,4.92,4.75,5.09,70.1,1
0,73,149.6,8.76,5.25,5.61,89.3,1
1,51,168.5,5.49,3.8,5.16,112.2,1
1,75,138.9,5.88,6.0,4.56,92.3,1
0,51,127.2,8.39,6.13,4.5,61.9,1
0,29,145.3,8.88,4.14,5.1,85.6,1
1,19,150.5,9.15,4.44,2.48,100.5,1
0,58,132.4,3.54,6.17,5.97,87.1,1
0,57,137.3,7.37,4.79,5.04,59.3,1
0,77,135.2,6.99,5.79,6.04,74.5,1
0,82,132.6,6.41,8.23,6.4,88.3,1
0,29,124.3,6.62,5.21,7.94,61.8,1
1,40,148.7,8.81,5.04,6.06,125.3,1
1,33,140.7,8.37,5.42,3.58,121.1,1
1,25,135.1,8.11,5.24,6.45,93.2,1
1,18,157.5,6.87,4.27,1.92,92.9,1
1,24,170.8,10.59,3.72,4.08,101.0,1
0,56,110.7,5.78,5.6,5.28,76.3,1
0,29,138.2,3.59,5.28,4.29,90.7,1
1,32,169.6,6.02,4.7,4.89,83.4,1
0,26,106.8,6.6,5.78,4.37,59.2,1
1,70,149.9,8.85,6.32,6.56,102.6,1
1,64,228.9,11.06,4.58,2.96,60.9,0
0,88,136.5,7.38,5.55,5.66,74.9,1
1,26,130.3,3.84,3.54,6.11,109.7,1
1,33,167.6,8.45,4.79,5.53,117.2,1
0,51,120.7,6.62,4.06,4.87,84.8,1
0,65,140.9,5.99,3.96,5.73,79.8,1
1,27,147.9,10.34,5.19,6.23,93.1,1
1,33,156.9,8.43,5.6,3.41,97.8,1
0,48,124.1,4.63,3.95,3.98,52.9,1
1,19,193.1,1.75,2.83,7.32,31.5,0
0,46,123.9,11.43,5.08,5.12,92.2,1
1,73,150.3,10.06,5.32,6.33,125.0,1
1,56,137.8,8.16,4.41,4.43,77.3,1
0,49,191.2,1.75,7.48,6.27,126.2,0
1,53,158.3,8.9,4.38,3.88,74.8,1
1,87,128.1,5.36,4.54,4.89,124.1,1
1,55,170.4,8.88,4.4,4.51,97.5,1
0,57,175.4,1.75,7.09,1.5,165.0,0
0,85,130.9,7.38,5.51,5.19,65.7,1
0,29,145.6,5.35,4.37,3.64,64.8,1
0,25,139.4,5.85,5.09,4.35,78.2,1
0,50,149.5,7.62,5.35,6.53,87.1,1
1,41,152.5,4.13,3.63,3.39,109.2,1
1,32,173.3,10.77,5.19,5.55,111.2,1
1,26,160.2,4.65,5.5,6.02,92.9,1
0,82,136.4,4.55,5.56,6.51,89.9,1
0,62,136.9,7.63,5.19,5.55,107.5,1
1,68,172.8,8.83,6.56,6.54,110.4,1
0,26,145.2,5.92,4.36,5.09,60.0,1
1,42,190.6,1.75,3.47,3.94,69.0,0
1,63,145.1,4.84,5.54,5.37,68.8,1
0,56,130.7,4.65,5.27,4.17,84.3,1
0,68,118.8,7.05,5.26,6.41,49.4,1
0,66,114.6,6.37,5.44,7.67,85.1,1
0,48,100.3,7.27,6.06,4.65,72.8,1
0,75,106.3,7.16,6.01,5.52,89.8,1
1,36,187.2,7.98,4.9,4.82,97.5,1
1,23,148.9,5.76,4.23,3.14,117.3,1
1,84,181.2,5.17,5.22,4.92,107.8,1
1,19,165.1,6.78,5.26,4.65,112.5,1
1,38,156.5,6.4,4.01,4.68,91.1,1
0,26,111.9,6.96,6.23,4.54,65.7,1
0,34,133.7,5.22,4.89,4.7,51.8,1
1,46,184.8,7.66,4.26,4.82,80.2,1
0,27,157.7,4.38,4.91,3.85,73.8,1
0,52,135.9,5.71,4.7,5.43,74.6,1
1,85,135.3,8.53,5.42,6.0,105.3,1
1,27,143.9,4.46,3.9,3.75,86.0,1
1,85,175.1,2.53,4.28,9.3,139.5,0
1,48,175.4,3.96,3.85,4.4,117.6,1
0,61,155.4,3.65,4.96,5.81,80.6,1
1,50,127.8,1.75,6.77,7.43,145.7,0
1,41,152.4,6.71,4.71,5.17,101.3,1
1,25,181.7,7.81,4.32,4.66,114.9,1
1,61,140.2,8.83,5.34,5.17,100.7,1
1,84,153.4,8.68,6.19,5.97,91.4,1
0,56,138.3,8.05,5.46,5.88,66.2,1
0,61,118.0,5.0,6.09,5.33,65.9,1
0,64,121.1,4.99,5.06,5.37,65.7,1
0,46,121.7,7.92,5.28,4.6,85.1,1
0,26,155.7,9.06,5.01,2.88,97.8,1
0,55,160.2,4.64,5.92,5.13,67.6,1
1,81,154.6,8.83,5.18,4.48,85.5,1
1,40,153.0,3.04,5.47,4.29,77.9,1
1,81,143.9,7.2,5.1,4.84,124.9,1
1,80,153.0,6.31,5.26,4.95,113.5,1
1,35,149.2,6.13,4.71,4.11,86.5,1
1,59,153.6,6.56,5.56,5.62,100.1,1
0,72,136.0,4.96,4.83,5.74,95.6,1
1,54,149.5,7.3,4.64,5.18,96.7,1
0,69,127.3,6.61,5.05,6.47,87.4,1
0,84,125.8,8.18,5.69,8.43,72.9,1
1,63,149.9,9.36,4.78,5.72,93.7,1
1,79,146.5,6.73,5.74,6.4,59.2,1
0,76,140.8,5.03,5.33,5.77,68.7,1
0,77,102.7,4.45,5.95,6.12,66.8,1
0,80,152.6,9.56,5.64,4.14,82.8,1
0,34,135.6,9.33,5.96,2.25,76.4,1
0,19,144.3,8.1,4.76,2.48,74.9,1
1,29,169.0,6.61,4.1,4.02,110.7,1
1,36,146.8,7.97,4.81,5.95,61.7,1
1,68,140.5,8.85,5.43,5.59,97.7,1
1,55,140.0,5.39,4.68,4.75,80.2,1
1,52,152.1,6.55,6.09,5.55,78.8,1
1,18,169.7,4.51,4.48,4.68,91.5,1
0,67,121.5,6.27,5.02,4.12,74.7,1
0,44,141.7,9.28,5.17,5.3,80.7,1
1,73,118.2,8.44,4.95,6.21,105.2,1
0,26,93.8,12.12,7.42,3.34,30.0,0
0,39,150.6,1.75,5.44,4.71,70.0,1
0,21,132.3,5.32,4.79,5.94,93.6,1
1,38,107.7,12.56,3.65,1.5,76.4,0
0,85,118.6,6.11,5.38,7.79,70.6,1
1,53,110.3,6.56,4.29,4.52,99.0,1
0,50,116.8,6.94,4.95,5.58,60.1,1
0,37,149.2,5.54,4.65,5.0,88.3,1
0,37,124.6,6.49,3.73,6.08,107.6,1
0,66,123.4,6.23,4.76,6.54,66.3,1
1,89,117.1,5.23,5.0,4.84,117.1,1
0,72,105.3,9.82,4.85,5.14,85.6,1
0,71,147.8,5.64,6.26,7.33,72.0,1
1,52,165.1,2.44,5.49,5.13,87.2,1
1,25,139.0,9.71,5.35,5.23,133.4,1
0,70,120.5,4.98,5.76,4.44,86.0,1
1,77,152.9,8.12,6.2,5.32,113.2,1
1,55,137.6,5.27,5.24,4.46,94.6,1
0,24,104.5,7.52,5.67,5.31,73.1,1
1,70,151.6,6.41,4.71,6.06,80.2,1
1,85,161.1,8.3,5.63,6.8,110.7,1
1,34,166.5,6.12,4.3,3.7,91.1,1
0,29,147.2,5.32,5.58,5.07,57.1,1
0,71,106.6,6.96,5.72,5.44,61.7,1
0,42,133.7,5.81,5.74,2.64,109.3,1
1,70,150.0,3.03,4.61,5.82,94.0,1
1,69,152.8,5.42,5.07,6.54,104.0,1
0,37,130.1,11.66,3.88,6.15,54.9,1
0,21,125.0,3.22,4.93,4.39,69.2,1
1,58,109.9,6.93,5.01,5.91,77.3,1
1,47,173.7,6.06,5.56,5.43,102.9,1
1,80,157.9,9.81,5.62,4.92,85.3,1
0,44,110.3,4.5,3.78,4.07,85.2,1
1,36,164.5,6.68,3.94,4.68,70.0,1
0,80,122.3,7.74,5.65,5.39,65.5,1
1,71,147.6,6.18,5.74,5.5,116.2,1
0,63,154.0,1.75,1.95,2.35,50.8,0
0,87,136.4,6.46,5.65,5.93,75.4,1
0,75,117.5,5.94,4.91,4.54,68.9,1
1,81,136.4,5.94,4.95,6.99,100.8,1
1,76,170.4,8.18,5.15,3.88,129.6,1
0,47,129.6,7.23,5.18,4.87,69.3,1
1,22,156.6,7.49,4.31,4.26,96.2,1
0,62,141.2,7.09,4.14,5.12,58.3,1
0,73,119.7,8.23,5.56,4.7,64.5,1
0,90,121.0,8.85,5.54,4.44,82.1,1
1,67,120.2,2.2,6.59,2.92,163.1,0
0,59,108.0,7.98,5.1,5.0,78.5,1
1,60,158.3,4.17,5.09,5.55,110.5,1
0,26,123.1,2.44,4.82,3.04,57.3,1
0,18,148.0,9.79,4.52,5.9,55.4,1
0,21,143.1,5.9,4.81,4.35,84.0,1
1,84,158.8,6.95,5.63,2.94,92.1,1
0,75,105.4,4.29,6.02,5.67,57.1,1
1,36,155.8,4.21,5.89,4.3,99.8,1
1,48,138.5,5.22,5.11,3.94,98.7,1
0,53,131.1,7.66,4.82,6.17,70.8,1
1,36,122.7,5.57,4.08,5.56,120.6,1
1,48,133.1,5.9,5.51,5.27,125.5,1
0,43,150.5,5.16,4.5,4.93,87.5,1
0,68,135.7,8.6,6.83,5.81,80.8,1
0,73,124.4,8.06,7.16,4.04,95.4,1
1,25,144.9,5.63,4.65,4.67,98.6,1
0,51,115.6,7.73,4.17,6.13,70.6,1
1,90,155.0,6.06,6.14,6.74,90.7,1
1,81,147.7,5.89,6.87,4.67,87.3,1
1,75,176.7,6.41,4.74,5.67,112.7,1
0,71,127.1,7.66,6.6,4.41,52.0,1
1,18,160.1,4.89,3.56,4.5,87.0,1
0,89,107.3,7.4,4.86,5.1,70.1,1
0,71,124.5,11.0,5.65,4.64,53.4,1
0,82,131.5,6.83,6.24,5.96,69.2,1
0,84,123.0,6.56,5.62,5.03,76.6,1
0,36,126.1,6.35,5.21,4.0,88.2,1
0,19,140.0,7.36,5.35,4.7,64.4,1
0,66,153.1,3.6,6.12,3.99,75.8,1
0,51,97.5,13.73,2.41,7.94,108.0,0
1,19,176.3,8.27,4.17,3.0,77.7,1
0,37,142.6,5.34,5.59,3.52,44.3,1
1,90,168.3,6.56,6.02,6.85,114.2,1
1,44,147.5,5.5,5.41,4.51,92.3,1
1,37,154.2,7.04,4.56,4.09,100.2,1
1,65,97.6,1.75,7.93,9.25,75.4,0
1,66,162.6,6.91,4.73,6.77,110.4,1
1,42,168.7,4.65,5.18,5.07,127.2,1
1,79,155.0,5.63,5.65,6.5,98.3,1
1,60,168.2,8.56,5.37,4.7,87.3,1
0,29,155.7,10.71,3.28,7.67,119.6,0
0,41,146.2,1.75,4.4,4.83,108.5,1
1,79,168.3,6.23,5.99,5.87,90.9,1
0,24,144.8,10.84,4.77,5.35,60.3,1
1,18,161.2,8.03,4.2,3.04,57.6,1
0,65,141.2,5.45,4.58,4.5,43.2,1
0,50,118.6,6.41,6.28,4.56,94.8,1
1,36,213.1,1.75,6.11,1.5,127.1,0
1,52,160.3,3.34,4.97,5.25,80.5,1
1,31,138.0,4.96,4.18,4.82,96.6,1
0,45,139.6,7.22,5.73,4.95,112.3,1
1,35,172.4,5.23,4.32,1.5,65.1,0
1,60,148.6,5.71,5.79,6.41,126.7,1
1,67,154.9,9.32,5.37,5.53,84.3,1
1,84,193.9,10.84,7.85,8.94,76.0,0
1,22,160.0,1.75,4.24,4.5,87.7,1
1,41,157.9,7.84,5.15,5.49,85.5,1
0,37,121.0,7.47,4.92,4.93,58.8,1
1,60,163.5,7.83,5.46,4.42,93.1,1
1,56,143.9,7.75,4.15,6.71,112.4,1
1,82,187.1,6.85,6.75,6.06,91.9,1
1,85,150.9,6.03,6.65,4.66,115.3,1
1,74,136.0,6.1,4.82,3.85,87.9,1
0,32,119.0,5.67,5.23,5.26,71.4,1
1,20,176.2,5.78,3.81,5.56,88.0,1
0,83,122.6,3.24,5.7,6.07,102.3,1
0,86,61.3,11.48,2.46,3.27,139.0,0
1,36,170.2,6.21,4.76,5.29,101.1,1
1,21,152.7,2.47,4.42,4.42,91.9,1
0,67,140.1,2.89,6.1,3.83,65.6,1
0,60,145.0,5.9,6.3,4.57,58.9,1
0,82,132.9,6.27,6.64,6.36,94.9,1
0,60,166.9,5.94,5.99,5.73,49.8,1
0,73,103.8,2.22,5.54,5.28,69.2,1
0,75,81.0,2.28,4.4,3.04,138.4,0
1,18,155.4,3.91,4.9,4.52,70.8,1
1,28,192.1,5.03,4.11,4.25,99.1,1
1,74,180.6,4.23,6.2,5.41,85.6,1
0,31,153.2,8.84,5.28,4.74,72.9,1
0,33,121.8,7.26,5.34,3.96,70.1,1
0,72,119.6,5.65,4.11,6.16,40.8,1
1,32,145.4,5.52,5.15,4.49,106.2,1
0,28,122.4,6.82,5.42,5.0,57.6,1
0,18,157.6,4.26,4.66,4.42,63.7,1
0,52,128.1,7.19,4.88,6.43,74.4,1
1,64,152.9,5.51,4.54,5.77,103.8,1
0,71,141.5,7.44,4.6,5.79,81.3,1
0,84,103.6,7.37,5.75,6.01,87.1,1
1,65,155.3,5.43,5.23,7.18,61.2,1
1,73,137.2,2.81,5.35,5.42,105.9,1
0,33,129.3,6.06,5.81,4.81,72.8,1
0,42,124.0,3.89,4.28,4.93,64.8,1
1,40,147.4,6.64,4.79,3.03,100.9,1
1,22,162.2,6.04,5.75,4.52,109.9,1
1,88,155.5,5.44,5.53,6.67,86.3,1
0,35,130.2,4.17,4.96,5.16,93.8,1
0,50,137.6,8.64,5.04,6.36,90.7,1
1,44,143.6,5.68,5.48,5.59,102.8,1
0,21,145.1,10.74,3.48,4.87,53.7,1
0,83,125.6,6.56,5.52,6.46,107.5,1
1,34,150.3,7.13,4.94,5.01,101.0,1
1,25,146.6,6.57,4.18,4.25,98.5,1
0,42,129.2,7.11,5.24,4.72,74.8,1
1,28,186.3,8.47,5.29,2.42,104.7,1
0,90,127.1,8.49,6.02,7.24,89.4,1
1,31,140.7,3.32,5.93,4.44,96.2,1
1,40,170.8,8.04,4.74,3.86,78.4,1
0,37,126.2,7.39,5.25,4.41,88.4,1
1,19,163.4,6.56,4.97,5.96,83.7,1
0,18,126.1,9.58,4.53,4.42,56.8,1
1,55,174.7,9.65,5.91,5.33,96.8,1
0,34,124.7,8.13,5.08,6.56,65.9,1
0,24,155.6,5.52,4.04,5.23,77.9,1
1,39,141.4,4.35,5.44,4.52,105.5,1
1,38,152.8,7.86,4.67,3.23,89.8,1
0,48,153.2,8.95,4.93,5.54,75.2,1
1,90,110.0,8.95,4.33,7.34,128.1,0
1,40,191.1,8.46,5.44,5.39,108.5,1
0,69,126.1,6.04,6.08,5.34,81.8,1
1,74,157.5,3.24,5.41,5.85,109.5,1
1,21,187.5,7.34,4.58,5.23,91.8,1
0,54,108.9,8.14,3.98,3.52,77.6,1
0,50,107.4,5.87,4.72,5.12,81.2,1
1,55,143.6,4.6,4.66,5.08,109.0,1
0,30,146.2,9.58,5.04,4.86,82.4,1
1,51,131.8,5.3,5.1,5.47,95.7,1
1,26,167.4,8.59,4.24,4.66,79.1,1
0,87,136.2,3.78,5.8,5.16,82.9,1
0,60,161.2,7.25,5.26,4.18,80.8,1
1,20,174.7,7.2,3.18,2.97,79.5,1
0,54,137.1,8.07,5.87,5.19,86.4,1
0,85,148.9,9.19,6.28,6.17,77.6,1
1,72,161.9,5.04,5.34,5.13,96.7,1
1,37,150.4,7.44,5.17,5.49,100.1,1
1,83,135.5,4.04,5.45,5.56,113.1,1
1,31,149.4,4.02,3.9,4.54,119.9,1
1,36,156.8,5.46,6.24,3.43,96.0,1
0,29,136.7,7.24,5.28,4.18,69.0,1
1,85,120.5,9.52,6.24,6.53,108.4,1
1,70,150.7,9.85,5.28,6.66,78.4,1
1,55,155.9,5.86,5.9,4.93,110.7,1
1,66,162.6,7.05,4.57,6.1,78.0,1
0,36,157.8,8.2,4.79,5.99,52.2,1
1,23,161.5,7.88,5.19,3.62,119.4,1
0,79,115.5,6.19,5.21,5.87,43.7,1
1,88,124.9,6.64,6.27,5.93,119.0,1
0,20,145.3,6.3,4.88,5.37,95.4,1
0,21,121.9,6.12,4.84,3.67,77.1,1
0,58,144.2,5.89,4.84,5.44,83.0,1
1,21,179.9,6.28,4.96,4.19,72.4,1
1,70,130.8,5.77,6.61,5.78,91.1,1
0,87,136.6,4.46,5.81,6.84,80.7,1
0,38,152.6,8.05,5.3,6.09,77.8,1
0,39,148.4,7.43,5.41,5.89,79.6,1
0,81,97.5,9.88,4.93,4.73,80.0,1
1,44,143.8,7.17,4.98,4.45,97.5,1
0,35,114.3,5.75,4.83,5.61,54.4,1
0,24,142.5,5.37,3.49,5.02,77.5,1
0,79,177.2,1.75,8.14,1.93,111.5,0
0,85,88.0,7.5,5.12,4.88,69.8,1
1,23,154.2,6.06,5.15,1.5,117.0,1
1,76,165.4,3.85,5.09,4.09,75.3,1
0,29,136.3,5.17,6.06,4.31,70.6,1
1,28,160.4,6.53,4.65,4.3,109.4,1
0,45,127.0,7.83,6.23,5.27,82.8,1
0,49,116.2,3.83,5.03,5.52,78.0,1
0,80,128.7,6.98,5.57,7.63,64.8,1
0,69,130.9,6.9,6.37,4.69,94.1,1
0,28,143.4,5.69,4.27,2.8,54.0,1
1,60,165.4,5.44,5.33,4.36,108.4,1
1,81,154.2,5.17,5.94,7.13,101.3,1
1,66,170.8,6.75,5.63,5.33,86.5,1
0,34,128.0,8.53,4.94,5.59,66.9,1
0,27,112.6,8.66,4.75,4.03,99.5,1
0,51,139.1,4.48,5.67,4.57,56.1,1
0,52,133.7,6.16,5.29,3.5,47.2,1
0,43,140.2,2.55,5.62,4.56,63.6,1
1,25,139.5,6.7,5.01,4.51,102.4,1
1,26,185.3,7.58,5.18,5.3,117.7,1
1,56,166.1,9.33,5.92,5.62,98.2,1
1,86,148.1,3.28,5.5,7.51,74.9,1
1,61,140.9,4.54,5.98,5.08,99.5,1
1,49,172.3,6.76,5.04,5.2,110.3,1
0,85,112.0,3.59,4.83,5.69,80.1,1
1,68,188.1,6.81,5.22,4.73,105.8,1
1,70,144.8,7.62,5.02,5.77,70.4,1
1,59,180.9,4.19,5.51,4.93,77.8,1
1,73,150.9,6.74,5.32,6.96,96.6,1
0,54,155.3,4.32,5.29,4.37,90.7,1
1,63,143.7,8.98,5.95,4.95,86.3,1
0,63,131.0,6.87,6.24,4.14,77.2,1
1,72,165.9,5.35,5.66,5.74,101.1,1
1,83,162.6,4.27,6.3,4.47,83.5,1
1,39,173.6,7.2,4.88,4.77,85.9,1
0,69,122.8,8.94,4.5,4.33,74.1,1
1,20,160.3,5.11,3.99,3.51,90.5,1
1,56,174.1,5.71,5.12,4.43,110.1,1
0,83,118.1,5.15,6.12,6.32,68.8,1
0,65,139.1,9.3,5.26,5.21,87.6,1
1,37,154.0,3.06,5.67,4.63,91.4,1
1,62,157.9,8.81,6.43,5.75,98.5,1
1,44,157.9,5.82,4.53,4.29,109.2,1
1,49,144.3,6.37,6.41,3.21,95.8,1
0,34,129.7,5.89,3.93,3.69,66.3,1
1,63,156.9,6.93,6.45,5.0,97.1,1
0,32,132.3,5.19,4.86,4.6,86.0,1
1,50,179.6,8.41,5.01,5.5,102.5,1
0,86,143.5,8.48,5.69,5.59,43.1,1
1,73,158.0,4.73,5.02,6.38,87.8,1
0,48,120.8,7.7,6.02,5.29,62.7,1
1,88,139.8,5.86,5.3,4.49,108.2,1
0,19,164.7,6.59,4.35,2.09,43.2,1
0,88,113.1,9.25,4.89,4.85,79.6,1
1,43,158.4,5.29,4.61,4.98,106.7,1
0,77,134.7,8.17,5.13,5.87,84.4,1
1,87,147.6,7.32,5.24,5.65,98.1,1
1,61,139.9,6.15,5.21,5.33,73.8,1
1,62,143.0,7.16,4.66,6.43,94.2,1
0,72,121.6,6.95,6.44,5.45,96.7,1
0,35,122.9,4.41,4.83,5.01,63.8,1
0,30,153.9,5.41,5.07,6.04,105.2,1
1,43,156.6,4.62,5.56,3.23,109.3,1
1,52,147.9,6.0,6.39,6.58,95.5,1
1,72,155.4,8.92,6.03,3.14,102.0,1
1,36,167.4,7.55,4.79,3.98,102.4,1
0,59,125.9,3.92,4.64,4.68,65.3,1
0,18,148.7,6.01,4.87,2.89,65.7,1
0,20,115.9,6.92,5.34,4.25,101.9,1
0,88,145.8,7.84,5.81,5.71,97.8,1
0,80,128.9,5.33,5.64,6.27,69.3,1
0,81,128.2,4.27,5.74,6.26,63.4,1
0,41,122.5,6.4,3.89,4.98,49.2,1
0,55,113.1,7.52,5.31,6.11,106.1,1
1,67,129.3,6.92,5.84,5.92,113.7,1
1,36,179.1,12.09,7.21,7.88,165.0,0
1,72,162.6,9.66,6.15,5.55,90.4,1
0,68,115.8,6.32,6.11,4.79,65.3,1
0,47,109.1,6.85,4.8,3.84,59.5,1
0,49,118.5,5.31,5.4,5.37,30.0,1
0,40,127.2,8.49,5.03,3.45,59.9,1
1,76,148.2,7.53,4.32,5.35,103.6,1
1,90,150.1,7.07,5.64,3.73,103.2,1
0,90,143.5,4.43,5.13,5.86,66.3,1
0,74,148.3,8.47,5.59,4.83,84.5,1
0,43,162.8,7.86,5.45,5.37,63.0,1
0,75,105.1,8.33,5.39,5.3,86.3,1
1,35,144.7,6.57,4.38,4.59,108.1,1
1,83,163.2,6.37,5.79,5.71,111.4,1
1,37,150.5,6.17,6.42,4.19,98.0,1
1,47,169.2,10.6,3.8,4.43,85.1,1
1,24,161.7,5.52,4.9,3.97,78.3,1
1,23,182.4,4.36,4.42,4.35,63.6,1
1,46,172.0,5.83,4.83,4.42,108.7,1
1,58,171.1,5.54,5.21,5.57,72.6,1
0,19,128.9,8.77,4.48,2.79,69.9,1
1,79,151.6,4.06,5.95,4.23,102.2,1
1,26,153.8,5.49,4.64,6.22,80.3,1
1,90,129.4,6.84,4.45,5.41,97.7,1
1,37,179.4,8.78,5.72,3.83,101.6,1
1,45,167.7,7.78,5.75,4.88,93.1,1
1,29,152.9,9.41,4.47,5.27,103.4,1
0,78,148.8,7.12,5.6,6.14,68.2,1
1,71,144.4,6.13,6.2,4.75,94.4,1
1,23,131.1,8.04,5.36,4.0,82.8,1
1,25,173.6,4.04,5.59,4.2,94.2,1
0,62,111.6,3.42,5.55,5.52,74.2,1
1,81,150.0,8.26,6.08,5.66,85.2,1
0,26,175.4,13.01,6.95,6.08,133.0,0
0,34,139.4,8.24,4.7,4.22,35.7,1
1,57,168.0,4.97,5.52,4.9,114.1,1
1,25,167.2,8.81,3.49,5.83,75.0,1
1,40,218.6,13.79,2.65,7.92,64.9,0
0,18,123.3,6.44,4.97,7.34,81.2,1
1,54,160.0,6.87,5.6,4.84,112.9,1
1,70,131.4,7.12,5.22,3.89,81.6,1
1,48,179.6,4.96,4.76,5.28,94.3,1
1,36,136.4,5.81,4.73,5.66,101.2,1
0,48,127.0,7.1,5.24,5.39,79.8,1
1,55,78.0,1.75,6.13,7.15,145.5,0
0,30,123.0,3.86,5.13,4.26,82.3,1
1,26,158.6,7.03,4.81,4.26,103.4,1
0,31,126.0,8.0,5.01,2.53,79.9,1
0,89,145.3,8.42,5.66,6.55,85.7,1
1,70,157.4,7.46,4.62,5.06,98.8,1
1,27,151.4,7.97,4.15,5.57,113.5,1
1,39,155.1,8.28,5.9,4.3,95.8,1
1,48,174.5,6.64,4.73,4.91,72.0,1
1,31,171.5,2.69,5.35,5.74,115.2,1
0,80,111.9,8.59,4.95,6.8,82.0,1
0,86,118.2,4.89,5.68,6.48,73.1,1
0,35,140.6,4.46,4.66,3.02,74.5,1
0,19,140.4,4.51,4.51,3.23,94.6,1
0,37,117.5,10.97,4.75,5.37,74.4,1
1,60,166.2,7.29,6.17,4.57,120.8,1
1,77,139.9,4.63,6.71,5.61,105.9,1
1,42,176.4,5.27,5.17,5.03,91.7,1
0,37,141.2,6.5,4.71,4.97,53.2,1
1,36,140.4,7.48,4.14,3.77,98.2,1
1,18,151.3,7.0,3.83,5.28,115.6,1
1,19,189.0,1.75,7.25,1.5,124.8,0
0,49,134.5,7.07,4.25,5.51,78.9,1
0,63,127.6,5.4,5.08,5.07,97.2,1
1,18,142.0,8.38,4.76,6.09,69.3,1
0,32,147.4,10.7,2.05,9.16,134.9,0
0,84,136.8,5.13,4.91,7.6,83.5,1
0,90,132.3,7.74,4.95,7.29,80.8,1
1,64,156.2,7.19,4.96,5.16,72.6,1
1,56,159.5,5.65,5.4,4.64,86.4,1
0,60,121.7,7.81,5.92,4.18,42.7,1
0,45,135.3,7.63,4.68,5.14,53.5,1
1,32,195.9,8.66,4.6,4.66,109.3,1
1,45,174.1,7.78,5.0,4.86,92.3,1
1,69,149.8,6.11,4.95,4.63,110.7,1
0,66,122.5,3.46,5.64,5.64,85.8,1
1,67,111.4,6.84,5.67,5.0,81.5,1
0,62,146.8,7.12,3.7,4.81,76.6,1
1,22,170.6,6.59,5.11,4.59,72.3,1
0,63,122.5,1.75,5.42,5.19,78.3,1
0,82,107.3,7.72,5.79,4.36,81.5,1
0,65,113.2,4.86,6.08,4.59,70.8,1
0,60,137.7,7.73,4.23,5.68,48.8,1
1,34,156.3,9.56,4.16,4.64,74.4,1
0,75,139.9,6.04,5.48,3.75,112.9,1
0,50,133.3,7.29,3.76,5.63,82.8,1
0,37,202.8,12.98,2.55,6.65,32.1,0
1,53,161.2,7.45,5.7,4.1,112.0,1
1,26,170.8,6.69,5.03,3.92,118.4,1
1,85,121.2,5.57,5.72,5.85,117.4,1
1,69,135.6,4.87,5.3,3.39,95.5,1
1,41,151.4,9.36,4.76,5.2,92.0,1
1,75,169.7,7.29,5.23,6.39,110.7,1
0,21,163.1,7.99,4.85,5.22,68.5,1
1,46,153.9,7.22,4.16,5.96,115.3,1
1,65,145.3,8.26,6.25,4.6,99.9,1
1,19,129.8,4.89,4.24,5.31,107.9,1
0,69,143.1,6.65,5.77,5.63,90.0,1
1,77,145.0,7.41,5.6,4.79,79.4,1
0,61,175.3,8.83,4.62,5.64,76.2,1
0,33,122.6,11.31,5.67,5.05,89.9,1
1,72,185.4,7.23,6.13,6.83,86.5,1
0,42,144.0,5.31,4.09,5.92,64.9,1
0,71,114.5,4.35,5.42,4.8,92.6,1
1,63,158.2,4.87,5.47,5.57,121.1,1
0,24,146.2,5.11,3.52,4.78,30.0,1
1,25,155.1,1.75,3.5,4.73,114.2,1
0,19,147.7,5.28,4.18,4.11,37.1,1
0,23,146.9,7.79,3.96,6.04,71.2,1
1,39,166.0,6.64,4.36,4.22,76.2,1
1,19,158.9,6.03,3.9,5.88,87.7,1
0,86,110.8,3.58,5.62,4.44,76.9,1
1,84,151.4,8.39,5.12,5.34,107.2,1
1,30,160.6,7.42,5.52,5.29,117.9,1
0,40,104.9,6.48,5.11,3.85,52.8,1
1,72,156.3,2.54,5.96,4.78,115.9,1
0,66,128.9,5.62,4.38,5.8,70.1,1
1,60,135.6,7.28,4.92,3.64,94.2,1
1,90,147.0,6.45,5.83,6.79,125.0,1
1,63,150.0,6.85,5.62,6.59,110.8,1
1,66,183.4,7.73,5.0,6.69,73.1,1
0,54,169.0,1.75,3.09,8.74,118.1,0
0,56,146.9,7.67,5.01,4.73,62.6,1
0,39,131.3,4.98,4.81,4.45,66.4,1
1,56,95.4,1.75,7.88,2.33,36.3,0
1,85,162.6,7.36,5.86,5.82,106.2,1
0,45,122.6,7.73,5.1,4.56,54.4,1
1,27,153.3,7.43,4.05,5.97,93.0,1
1,61,139.1,6.74,4.57,5.0,92.1,1
1,75,154.6,5.92,5.4,6.79,104.5,1
0,87,144.3,6.88,6.38,5.83,74.6,1
1,57,169.3,7.18,5.14,5.17,111.9,1
1,75,177.3,7.29,5.43,5.97,102.6,1
0,36,159.3,11.19,4.49,5.17,81.8,1
0,48,101.5,4.84,4.07,4.83,76.9,1
0,48,114.3,12.31,5.38,5.47,56.2,1
0,42,105.7,4.24,4.88,5.46,67.5,1
1,70,163.5,7.19,5.72,6.89,88.5,1
1,82,142.4,4.35,5.72,5.7,110.5,1
1,41,149.6,7.05,4.44,4.12,109.8,1
0,27,190.1,2.05,3.51,1.91,102.6,0
1,78,158.9,6.56,4.8,7.69,101.1,1
0,80,106.7,8.25,5.73,3.91,51.3,1
1,86,133.5,5.74,5.65,4.65,93.5,1
0,36,133.4,2.81,5.86,4.74,35.3,1
0,70,148.0,7.63,4.93,4.85,86.6,1
1,70,153.6,6.56,4.65,6.14,131.9,1
0,75,117.6,5.64,5.28,6.16,66.8,1
1,76,121.2,5.76,5.91,5.04,102.2,1
1,87,166.6,7.23,4.03,7.09,105.6,1
1,52,144.8,5.03,5.71,4.05,80.6,1
1,23,141.5,7.18,4.62,3.8,94.2,1
0,32,108.1,8.64,4.19,6.06,79.6,1
1,82,131.2,10.21,5.41,4.47,101.6,1
0,79,114.7,9.03,5.14,5.89,75.8,1
1,18,155.6,6.79,3.93,5.77,91.5,1
0,44,114.5,6.96,3.9,2.54,61.0,1
0,35,136.3,5.78,5.36,4.4,82.9,1
1,41,153.2,5.66,4.68,5.67,123.5,1
0,64,163.9,8.07,5.13,5.04,44.1,1
1,55,129.9,5.95,5.73,5.15,65.5,1
1,53,203.0,11.7,3.21,2.55,112.7,0
1,49,158.7,4.77,4.2,5.26,90.8,1
1,64,139.1,8.97,5.76,4.55,94.3,1
1,67,155.7,5.92,6.3,6.03,100.3,1
0,21,146.4,8.46,5.02,4.65,73.1,1
0,28,135.6,5.23,4.3,3.53,70.3,1
0,42,153.6,5.14,4.15,4.42,92.2,1
1,49,123.4,8.89,4.59,3.71,83.6,1
0,90,115.4,5.37,5.81,5.99,89.1,1
0,83,150.8,3.68,6.5,6.1,104.9,1
0,65,144.2,4.63,4.92,5.49,52.2,1
0,20,143.1,8.04,4.31,4.89,42.8,1
0,25,153.0,7.87,5.39,4.62,75.0,1
0,51,103.2,5.13,4.9,5.71,83.3,1
0,60,142.9,5.36,6.33,5.08,74.5,1
0,66,146.4,7.71,5.3,5.95,42.4,1
0,28,124.3,8.87,5.52,3.4,47.1,1
0,82,168.2,6.38,5.86,4.38,67.5,1
1,54,158.5,7.5,5.63,5.16,103.9,1
0,61,98.0,8.07,5.21,5.84,68.7,1
0,20,188.2,6.49,2.8,6.98,116.0,0
0,78,118.4,4.42,5.82,6.13,77.7,1
1,57,172.8,5.3,5.73,5.42,111.8,1
1,34,165.8,5.59,5.23,2.84,79.3,1
1,41,147.9,7.99,3.95,6.91,98.4,1
0,43,101.8,1.75,7.12,5.65,148.8,0
0,19,149.2,7.06,4.29,3.53,60.1,1
0,86,116.0,6.72,5.36,6.75,65.9,1
1,76,151.1,6.5,5.81,5.54,100.1,1
1,82,160.6,6.69,6.65,4.95,83.2,1
1,43,151.2,8.35,4.91,4.44,79.7,1
1,58,150.2,4.75,6.45,4.37,92.7,1
1,51,156.5,6.23,4.51,4.3,93.9,1
1,52,139.8,4.31,5.92,5.75,108.9,1
1,60,121.5,6.91,5.56,4.75,84.5,1
0,50,135.6,6.15,5.28,4.04,74.0,1
0,74,99.8,8.42,6.34,4.8,93.2,1
1,22,111.2,10.57,6.29,6.24,76.8,0
0,32,107.2,5.7,5.65,3.97,70.9,1
0,83,104.0,6.06,5.52,5.38,78.0,1
1,82,159.2,9.6,5.24,5.95,85.5,1
0,77,126.0,3.67,4.76,5.11,79.2,1
1,44,152.7,5.37,6.01,4.11,120.2,1
1,51,136.2,6.56,5.85,4.39,117.0,1
0,19,125.3,5.35,4.4,5.63,71.6,1
1,38,162.8,7.38,5.3,6.72,102.1,1
1,71,153.1,6.4,5.54,5.46,87.5,1
1,43,169.0,6.96,4.83,5.51,83.2,1
0,53,146.2,6.71,5.77,4.21,68.2,1
1,26,154.6,6.31,4.41,3.99,100.4,1
1,54,127.8,4.18,3.9,5.48,108.5,1
1,70,142.7,6.82,5.61,3.27,97.3,1
0,59,129.6,3.33,5.33,5.88,80.6,1
0,58,119.6,5.29,4.91,4.65,35.6,1
1,84,136.8,7.38,5.12,4.71,101.8,1
0,35,101.9,12.69,5.99,7.57,117.5,0
0,39,169.6,10.73,4.77,6.08,54.2,1
0,63,123.4,5.73,4.82,4.98,81.0,1
0,53,131.7,4.94,5.77,5.32,95.4,1
0,89,108.4,7.44,6.04,6.19,75.2,1
0,22,153.5,9.87,4.44,4.66,85.3,1
1,26,171.5,9.26,5.1,3.62,90.0,1
0,42,144.9,4.64,4.97,5.04,103.9,1
0,51,152.3,6.25,5.0,5.19,49.9,1
0,83,171.5,13.18,7.46,6.68,40.6,0
1,54,151.1,8.16,6.27,5.85,109.0,1
0,49,157.7,7.57,5.52,3.63,73.0,1
1,30,167.5,5.69,4.67,4.72,117.1,1
1,49,122.8,7.55,5.67,6.35,66.4,1
1,56,162.2,8.17,5.75,4.9,96.1,1
1,60,146.3,4.82,5.46,4.26,94.3,1
0,62,144.3,8.89,5.13,5.74,72.4,1
1,49,162.2,8.29,4.9,6.24,73.7,1
0,29,108.0,5.16,4.19,3.58,68.1,1
1,29,162.1,8.16,4.94,2.46,91.4,1
1,29,161.3,7.96,4.47,5.64,100.1,1
1,63,160.2,8.03,5.08,6.03,114.6,1
1,80,161.6,9.34,5.97,5.95,100.7,1
0,82,151.2,6.48,6.64,4.02,81.4,1
1,40,163.2,7.1,5.22,5.34,115.9,1
1,23,159.0,1.75,4.68,5.39,114.0,1
1,64,171.8,8.51,5.35,7.22,62.4,1
0,20,168.6,8.34,5.38,4.15,84.0,1
1,63,168.4,8.94,5.58,5.4,110.0,1
0,45,135.6,4.81,5.19,2.96,69.3,1
0,79,135.6,8.23,5.74,6.45,68.1,1
0,63,134.5,8.33,4.49,6.11,57.2,1
1,72,154.1,5.33,5.71,5.8,69.5,1
0,47,108.8,3.03,3.23,9.03,33.5,0
0,79,117.9,7.33,5.82,4.88,86.4,1
0,56,148.7,3.44,4.8,4.92,72.3,1
1,63,152.8,7.55,5.7,5.1,108.8,1
0,44,110.4,5.12,4.97,5.87,88.6,1
1,50,153.2,3.48,4.46,6.01,70.6,1
1,79,144.9,7.16,5.41,5.87,102.7,1
1,46,165.1,6.38,6.41,5.16,93.7,1
1,19,160.5,9.03,3.32,4.88,102.4,1
0,45,117.2,6.83,5.17,4.6,76.0,1
0,46,204.7,12.78,3.21,3.81,30.5,0
0,48,148.6,7.42,5.95,4.55,49.7,1
1,23,182.5,8.34,5.23,4.85,115.9,1
1,27,161.9,4.9,4.92,4.0,88.5,1
1,41,156.4,6.86,5.57,5.67,95.0,1
0,48,176.9,12.2,3.19,1.63,78.2,0
0,20,126.3,7.68,4.7,6.26,70.4,1
0,46,134.4,6.96,4.73,4.81,73.0,1
0,41,130.3,5.39,4.8,5.66,71.9,1
0,20,113.1,5.89,4.42,3.83,61.0,1
1,36,159.3,9.47,4.95,4.44,78.5,1
0,38,126.6,3.45,3.83,4.72,82.5,1
1,28,154.6,7.78,5.44,4.88,70.3,1
0,72,135.3,8.73,6.65,4.77,86.7,1
0,23,153.8,7.54,4.49,3.95,97.6,1
1,60,142.3,10.05,6.0,5.28,131.3,1
1,66,149.4,8.19,5.31,5.68,82.0,1
0,76,117.9,7.19,5.18,5.49,83.7,1
0,57,118.8,5.66,5.03,4.98,65.4,1
0,57,122.4,7.22,5.31,3.95,92.2,1
1,73,150.8,7.73,5.06,5.91,104.5,1
0,80,137.8,6.51,5.96,6.36,70.6,1
1,33,162.5,5.16,4.58,5.53,83.0,1
0,76,113.5,4.33,4.9,5.66,69.3,1
1,51,175.3,6.83,5.15,4.48,87.4,1
0,25,148.7,3.84,4.36,4.21,71.9,1
1,62,141.3,5.65,5.13,5.38,98.5,1
1,89,170.5,2.12,5.7,5.76,91.1,1
0,28,139.1,8.0,4.02,3.8,62.7,1
0,19,132.8,8.58,5.56,2.87,81.4,1
1,84,158.0,6.64,6.15,5.18,109.7,1
0,61,130.5,9.8,4.94,4.97,61.9,1
0,33,141.9,8.93,4.88,4.94,71.8,1
0,75,132.3,7.36,5.91,5.13,61.8,1
0,46,127.3,6.3,5.22,4.69,112.4,1
0,42,102.4,5.87,6.16,4.94,59.0,1
0,39,141.0,7.51,4.84,6.19,76.7,1
0,61,125.3,6.25,6.03,5.07,80.7,1
0,27,146.0,7.49,4.0,3.15,62.4,1
0,44,139.8,7.62,4.35,4.26,60.3,1
0,40,127.8,6.09,6.01,6.43,68.8,1
1,22,174.1,8.47,4.47,5.73,83.1,1
0,73,132.8,6.09,4.79,6.31,77.5,1
0,18,137.7,6.54,4.64,4.99,59.2,1
0,88,126.1,4.74,6.48,6.4,77.6,1
1,24,183.9,6.01,4.3,4.26,65.2,1
0,44,121.9,10.38,5.03,5.66,61.1,1
0,25,129.7,4.88,3.66,5.32,65.9,1
0,44,114.0,7.29,4.78,5.64,88.2,1
0,62,141.7,5.68,5.93,4.7,46.4,1
0,24,94.0,8.81,6.67,7.05,56.3,0
0,56,124.3,7.51,4.48,4.54,83.7,1
1,74,145.8,5.5,5.04,6.38,71.9,1
1,51,156.8,7.07,4.8,5.29,105.6,1
0,26,115.6,8.28,5.25,4.87,58.3,1
1,68,120.6,6.92,5.65,5.88,107.0,1
1,31,164.8,7.09,5.21,3.35,106.0,1
0,19,103.4,4.94,4.7,5.17,83.8,1
0,49,144.9,7.77,4.76,4.49,64.9,1
0,37,156.7,6.16,4.49,4.34,83.1,1
1,20,156.5,2.9,4.96,3.65,119.1,1
0,74,149.1,7.99,6.46,5.55,70.3,1
1,61,154.5,8.54,4.75,5.16,95.6,1
0,84,152.6,9.17,5.05,4.43,85.9,1
1,53,148.9,10.41,4.51,3.45,55.0,1
1,49,120.6,7.89,5.63,4.8,82.7,1
0,79,127.9,7.43,5.56,6.31,90.1,1
0,23,160.3,8.46,5.08,5.11,74.5,1
1,44,164.6,4.9,4.76,5.78,94.0,1
0,76,121.7,3.49,5.91,5.34,60.7,1
0,39,138.0,5.64,4.81,4.46,73.3,1
1,82,167.4,8.8,4.7,5.54,91.1,1
0,38,131.9,5.31,5.52,5.48,46.7,1
0,48,171.6,7.34,5.1,6.41,92.9,1
0,83,120.9,7.53,5.46,5.25,64.7,1
0,35,148.5,6.94,5.09,4.46,68.7,1
1,88,163.6,4.2,4.85,5.79,72.7,1
1,21,148.4,7.12,4.97,4.18,88.0,1
0,37,126.9,5.74,4.6,4.22,87.9,1
0,61,146.2,9.57,5.22,5.11,88.0,1
1,61,157.1,8.55,6.0,4.51,98.4,1
0,84,133.7,5.8,6.05,6.33,65.8,1
0,88,103.7,9.68,5.61,7.09,75.8,1
0,67,140.1,7.12,5.34,5.08,81.9,1
0,66,134.7,3.49,3.85,6.82,51.8,1
1,41,155.9,6.36,4.52,4.72,100.8,1
0,76,134.8,9.44,5.64,4.89,86.3,1
0,64,124.5,5.02,4.9,5.9,73.3,1
1,19,150.2,6.38,3.89,3.55,95.7,1
0,78,125.6,4.05,5.86,6.12,64.0,1
1,44,149.6,4.34,5.84,5.11,101.7,1
0,52,164.5,5.0,4.75,4.68,97.7,1
0,53,145.4,4.29,5.72,4.6,94.7,1
0,77,114.8,5.39,5.99,4.75,66.2,1
1,37,187.8,9.63,4.37,5.67,91.2,1
1,46,149.9,6.44,4.65,4.72,117.8,1
0,20,135.4,7.91,5.78,4.68,80.9,1
0,43,146.2,8.46,4.37,4.85,81.8,1
0,24,105.1,4.5,4.39,4.29,45.1,1
1,60,151.4,5.0,6.48,5.49,111.7,1
0,83,120.1,7.88,5.3,6.12,70.9,1
1,51,159.0,5.36,5.98,5.14,101.1,1
1,84,158.2,7.76,5.05,5.51,88.6,1
1,89,150.9,9.52,5.82,4.8,124.2,1
0,21,133.0,3.88,5.37,3.88,57.4,1
0,55,147.5,5.86,4.94,4.82,103.0,1
0,56,135.9,6.14,5.3,5.13,74.2,1
1,46,157.0,5.55,5.54,3.35,94.8,1
1,78,155.4,5.41,5.03,6.12,85.7,1
1,46,183.9,5.61,6.43,5.21,89.5,1
0,22,137.4,6.47,5.35,3.92,69.1,1
0,57,123.6,6.8,5.04,4.32,75.9,1
1,32,129.2,8.22,4.74,4.02,104.7,1
1,43,135.2,6.45,6.19,3.67,94.0,1
1,54,148.6,8.51,5.0,4.77,105.8,1
1,70,152.4,5.43,5.17,5.24,116.2,1
0,38,124.9,4.34,5.66,5.59,88.8,1
0,45,137.8,5.95,4.23,5.33,82.7,1
0,22,126.3,7.33,4.68,5.56,79.6,1
1,46,142.7,8.05,5.14,5.02,81.4,1
1,60,164.2,9.13,4.88,4.38,101.1,1
0,63,151.2,7.02,4.41,6.83,57.9,1
1,39,140.5,7.86,5.03,4.49,112.2,1
1,22,162.5,8.96,5.14,3.05,100.4,1
1,60,126.4,5.1,4.89,5.4,114.9,1
1,65,132.4,6.12,4.67,3.87,115.9,1
0,24,125.8,11.49,5.51,4.4,78.8,1
0,54,148.6,8.04,5.53,4.65,63.6,1
1,24,146.9,7.42,4.54,4.95,62.6,1
1,51,143.7,8.11,5.72,5.88,105.7,1
0,64,131.1,4.1,5.51,4.99,71.7,1
0,70,130.6,5.34,6.52,5.04,86.5,1
1,70,142.2,4.68,5.85,6.08,109.0,1
1,73,183.5,7.25,4.66,4.77,107.6,1
0,35,129.5,5.84,4.53,4.76,76.5,1
1,79,154.8,6.67,5.22,6.07,74.1,1
0,43,126.7,5.94,5.23,4.15,92.1,1
0,45,194.6,10.17,2.52,2.62,101.7,0
1,75,172.0,8.09,4.85,5.59,89.0,1
0,41,200.5,1.75,3.69,3.96,30.0,0
1,23,147.3,5.19,5.35,3.37,96.4,1
0,70,146.5,4.13,5.39,5.27,69.7,1
1,66,162.6,4.92,5.52,6.54,90.0,1
0,60,145.6,6.86,4.72,6.07,86.0,1
1,28,156.8,8.72,4.51,4.31,76.4,1
0,64,127.8,3.69,5.07,5.22,68.0,1
1,32,171.8,5.5,5.22,5.05,65.2,1
0,58,145.5,3.35,5.42,5.59,58.4,1
0,55,155.0,5.41,5.03,6.34,50.3,1
0,74,132.6,6.63,5.29,6.5,85.7,1
1,89,150.5,7.88,4.55,4.54,102.3,1
0,31,97.0,2.69,5.83,3.18,60.4,1
1,26,134.2,7.49,3.54,4.03,48.3,1
1,58,149.3,4.75,5.52,3.49,75.0,1
1,87,135.8,4.31,5.73,6.92,82.9,1
1,29,170.3,6.62,4.68,3.23,91.0,1
0,53,112.0,7.63,5.19,4.79,85.0,1
1,47,148.8,6.32,4.71,4.16,75.8,1
1,41,150.0,4.53,5.41,3.39,76.8,1
0,66,148.5,6.32,4.6,6.38,49.2,1
0,39,124.0,5.19,5.18,4.26,73.0,1
1,53,162.5,7.59,4.79,6.78,65.1,1
0,79,132.0,8.44,5.33,6.84,48.5,1
1,45,170.0,8.32,4.84,4.9,104.3,1
0,19,147.9,6.46,4.59,2.49,94.8,1
0,82,128.3,8.52,5.93,5.33,76.1,1
1,38,131.8,4.66,4.95,6.82,92.2,1
0,74,126.1,9.71,6.07,5.87,107.4,1
1,73,153.4,4.65,6.12,5.31,90.8,1
1,56,159.7,2.85,5.43,4.57,90.0,1
0,24,123.5,8.96,5.17,5.28,64.2,1
0,87,145.4,5.22,6.92,6.07,97.9,1
1,67,154.5,6.71,4.56,5.6,106.4,1
1,48,142.4,4.64,5.77,5.98,105.3,1
0,80,122.1,10.75,6.53,6.57,79.9,1
1,75,182.4,9.78,5.79,5.89,91.9,1
0,73,139.7,9.28,6.64,4.03,69.8,1
0,30,149.7,6.66,5.91,3.72,58.0,1
1,64,139.0,8.27,5.16,4.73,92.3,1
0,38,122.9,6.4,4.81,4.73,77.1,1
1,23,105.5,3.64,2.8,2.49,139.7,0
1,42,159.6,5.76,4.66,6.69,109.2,1
1,25,155.9,9.35,6.4,4.85,100.2,1
1,25,151.2,5.67,5.25,5.0,99.1,1
0,71,124.4,5.87,5.49,4.06,61.5,1
0,54,119.7,5.66,4.36,4.7,55.3,1
1,47,153.6,6.85,5.26,4.44,80.5,1
1,32,119.4,10.41,5.65,6.19,63.7,0
0,74,106.9,7.38,5.97,6.0,48.8,1
1,64,159.8,5.63,3.86,4.87,101.0,1
0,60,151.7,7.92,6.13,3.49,76.9,1
1,31,155.2,9.23,4.61,5.38,86.3,1
0,27,126.4,6.64,3.79,5.62,71.8,1
1,27,172.2,10.49,4.8,4.8,98.9,1
0,19,120.3,8.53,4.7,4.23,54.6,1
0,88,170.7,6.45,6.95,1.77,32.9,0
1,44,100.2,10.11,4.21,6.33,50.3,0
0,66,56.5,1.75,4.25,9.26,103.9,0
0,89,125.8,5.23,6.21,5.11,54.1,1
1,86,133.4,5.41,5.54,7.53,99.3,1
0,41,132.7,4.78,5.27,5.67,73.7,1
0,53,148.4,2.55,4.41,5.37,87.4,1
0,51,159.7,8.34,5.32,7.46,72.0,1
1,20,160.4,3.15,4.25,5.55,88.7,1
1,74,168.9,8.17,6.3,5.09,109.0,1
1,59,161.1,10.43,5.33,4.26,113.4,1
0,45,126.8,5.1,5.47,4.52,51.2,1
0,58,102.3,7.2,5.43,5.07,64.8,1
0,71,200.6,10.84,4.23,2.73,30.0,0
1,19,143.4,7.99,3.75,3.37,80.2,1
0,65,209.6,1.75,3.98,7.66,153.9,0
0,80,137.1,6.26,5.02,6.4,57.6,1
1,71,139.3,8.52,4.24,7.09,104.2,1
1,63,159.4,6.41,4.73,5.33,102.9,1
1,24,190.6,3.57,5.46,5.02,86.1,1
0,72,152.8,8.73,5.46,3.77,66.4,1
1,72,146.1,4.17,5.35,6.21,118.1,1
1,54,144.9,6.64,5.67,4.17,110.5,1
0,60,132.5,7.55,5.37,5.47,106.2,1
1,63,152.2,6.72,5.71,5.22,58.5,1
1,26,176.4,11.07,4.98,4.3,102.9,1
0,36,144.5,7.82,5.27,3.38,35.7,1
1,75,128.1,6.14,5.26,4.82,96.8,1
1,89,99.8,2.11,8.3,1.5,50.6,0
1,37,154.6,6.88,4.23,4.21,78.2,1
1,47,156.9,6.58,5.05,6.0,86.8,1
1,84,156.3,6.94,6.32,5.36,93.3,1
1,29,228.4,1.75,2.82,1.5,151.3,0
0,37,148.0,6.88,4.7,5.32,54.2,1
1,22,147.6,5.59,6.1,4.73,83.6,1
1,35,156.6,3.09,5.78,6.53,103.1,1
1,64,103.4,1.75,7.54,4.26,76.2,0
0,43,107.5,5.48,4.46,3.07,111.1,1
0,89,126.5,6.75,4.51,6.5,76.5,1
1,83,180.4,5.13,6.07,6.28,107.2,1
1,83,127.0,5.19,6.4,7.15,94.3,1
1,71,153.5,4.63,5.7,5.24,118.1,1
0,69,129.3,8.21,4.41,6.37,59.0,1
0,55,135.8,8.64,5.32,4.78,71.3,1
1,90,137.6,6.55,5.46,6.06,101.8,1
0,24,113.2,5.53,4.86,3.53,78.0,1
1,70,133.3,3.45,6.62,4.16,111.1,1
0,28,154.2,7.93,5.29,5.34,67.9,1
0,42,118.1,5.28,5.38,4.84,85.0,1
1,36,149.9,4.49,4.91,3.57,74.1,1
0,61,162.5,6.55,5.56,5.95,76.3,1
1,75,180.4,10.86,6.6,1.5,118.6,0
1,23,163.8,3.77,5.08,3.73,91.3,1
1,61,170.9,4.01,5.2,3.73,134.1,1
0,34,186.8,2.6,2.24,2.47,30.0,0
0,23,114.7,5.32,5.23,4.07,63.5,1
1,48,145.5,7.42,3.78,5.03,103.6,1
0,60,76.4,13.23,3.47,7.35,30.0,0
0,32,220.6,14.02,3.07,3.39,30.0,0
0,46,121.0,5.0,5.82,5.55,44.1,1
1,87,144.9,6.92,5.99,6.46,97.7,1
0,43,139.0,7.65,4.64,4.62,68.7,1
0,90,137.3,5.37,5.72,6.57,70.2,1
1,78,163.4,8.53,5.74,4.97,110.1,1
0,45,119.8,3.5,6.01,4.54,92.6,1
1,60,147.0,5.0,5.85,3.82,107.7,1
1,69,157.3,3.43,5.99,6.89,92.2,1
1,51,174.8,5.18,5.2,4.13,98.4,1
1,47,152.7,6.22,4.46,6.21,112.8,1
0,42,132.5,8.0,4.19,5.32,85.3,1
0,28,118.8,6.22,4.64,4.74,80.0,1
0,19,163.0,5.43,5.1,4.71,63.7,1
0,42,135.1,3.71,4.73,3.88,88.7,1
1,76,169.6,4.31,5.88,6.97,119.0,1
1,35,194.5,2.92,2.18,6.97,158.6,0
1,31,159.2,8.09,4.48,5.53,140.7,1
1,41,134.4,5.75,5.86,4.33,108.3,1
1,61,122.6,8.68,5.78,3.93,115.3,1
0,33,92.7,8.97,2.69,9.22,122.7,0
0,34,134.8,5.8,4.41,4.14,70.8,1
1,26,161.5,5.95,5.36,4.94,78.7,1
0,42,114.1,9.25,5.56,2.12,61.6,1
1,33,144.2,6.74,5.28,4.6,85.3,1
1,78,169.1,3.26,5.46,6.1,80.8,1
1,84,126.4,12.95,6.6,2.78,43.5,0
1,45,147.2,9.82,5.07,4.81,97.3,1
1,24,168.7,6.05,5.6,4.29,114.1,1
1,24,161.5,4.89,4.21,5.26,78.1,1
1,41,155.1,8.06,5.04,3.66,110.4,1
0,51,159.7,10.04,6.15,4.81,77.6,1
0,56,124.6,8.03,5.06,6.41,79.4,1
1,40,175.6,3.58,4.92,3.47,95.6,1
1,43,162.4,7.86,4.23,4.76,128.5,1
1,38,156.9,7.23,5.34,3.77,85.1,1
1,55,176.1,4.78,4.78,5.37,89.4,1
1,68,158.6,8.82,4.49,5.39,100.2,1
1,21,157.5,7.29,4.14,3.57,102.0,1
1,52,217.2,2.56,6.62,2.63,46.4,0
0,65,149.2,4.59,4.43,5.36,73.5,1
0,67,148.3,7.22,4.57,4.79,82.2,1
0,59,72.8,4.89,5.62,4.81,83.0,1
0,56,138.0,6.95,5.2,4.54,73.2,1
1,67,157.5,9.16,4.86,3.29,125.9,1
0,45,132.0,3.93,4.88,5.73,79.9,1
0,59,140.2,4.04,6.33,6.26,69.8,1
0,41,136.8,8.22,5.78,3.24,91.7,1
1,49,166.3,6.47,5.07,6.07,67.0,1
1,27,154.3,8.61,5.29,4.9,79.5,1
0,43,155.2,5.05,5.12,3.87,70.1,1
1,28,169.9,6.59,3.76,4.37,78.7,1
1,34,165.7,7.74,3.74,4.04,108.7,1
1,48,163.6,6.88,4.57,5.79,108.9,1
1,54,173.0,3.28,4.26,4.25,122.2,1
1,86,167.7,11.58,5.85,7.63,90.6,1
0,19,133.4,6.88,4.36,5.42,80.5,1
1,83,167.6,4.09,5.9,4.56,118.3,1
0,41,135.5,7.07,5.28,6.29,75.5,1
0,70,158.8,7.27,5.86,6.06,89.3,1
1,67,170.8,8.29,4.85,5.2,96.8,1
1,88,142.8,8.17,6.03,6.37,119.1,1
1,25,193.5,6.12,4.2,5.33,84.8,1
0,88,96.7,3.4,6.15,5.08,52.1,1
0,22,144.4,7.33,5.46,5.19,66.4,1
0,82,118.4,3.54,6.06,5.25,73.8,1
1,65,182.7,8.69,5.27,6.03,104.8,1
1,53,159.5,5.18,5.54,4.94,104.4,1
1,47,144.4,7.64,4.19,4.03,86.7,1
1,24,154.6,5.32,3.7,5.05,81.2,1
0,76,118.7,5.61,5.82,5.18,99.2,1
0,71,125.3,5.06,6.25,5.56,72.5,1
0,86,123.5,7.79,4.95,6.09,68.2,1
0,71,118.6,5.38,5.47,6.74,79.3,1
0,87,74.8,1.75,3.67,2.27,106.6,0
0,82,134.7,5.43,5.26,4.88,64.4,1
0,49,117.2,6.08,4.93,6.46,85.3,1
1,69,129.2,6.56,5.8,5.38,83.2,1
0,37,138.0,6.78,5.02,4.25,52.9,1
0,76,137.4,4.84,5.61,5.85,69.5,1
0,62,196.2,14.27,5.97,3.01,128.4,0
0,50,140.3,6.01,5.13,4.76,94.1,1
1,63,178.3,7.48,5.11,7.58,103.3,1
0,38,148.2,6.47,4.76,3.87,80.6,1
0,63,170.9,7.56,5.02,3.97,58.8,1
0,52,178.3,5.76,5.16,6.14,76.4,1
1,41,130.5,5.08,4.49,4.48,80.3,1
1,89,119.1,7.27,5.74,6.07,113.2,1
0,22,134.7,5.61,4.51,5.01,73.8,1
0,73,137.3,9.13,4.94,3.89,73.9,1
0,33,132.6,6.62,3.73,5.69,80.2,1
0,34,144.2,4.03,5.48,4.17,65.3,1
1,29,154.0,5.45,5.28,6.29,89.2,1
1,25,148.1,4.7,4.29,3.78,82.0,1
1,27,150.2,8.43,5.21,5.95,123.1,1
0,78,126.2,7.89,4.96,7.13,71.5,1
0,85,141.2,6.39,5.49,5.26,70.5,1
0,60,123.7,7.02,4.98,5.03,84.4,1
0,19,130.8,6.34,4.52,4.1,72.1,1
1,81,161.5,8.05,6.0,6.99,64.2,1
0,61,127.9,7.44,5.07,5.38,104.4,1
0,56,148.2,7.76,5.04,5.6,66.6,1
1,87,138.5,6.15,6.15,5.61,86.8,1
0,47,115.3,5.36,5.14,5.36,70.9,1
0,44,137.2,7.7,4.7,5.36,65.5,1
0,74,135.7,9.29,5.65,4.94,67.2,1
0,56,118.4,8.49,5.84,6.72,75.5,1
0,70,97.3,14.19,4.35,2.49,30.0,0
0,68,159.1,6.79,4.63,6.29,85.4,1
0,79,119.7,4.75,4.82,4.44,89.3,1
0,41,155.2,4.91,5.61,5.44,47.7,1
0,23,99.0,8.98,4.57,5.42,79.0,1
1,52,171.9,3.15,3.86,5.28,84.8,1
0,65,117.6,9.21,4.94,6.27,67.7,1
1,77,167.9,5.08,5.29,4.9,104.1,1
1,37,142.9,9.96,4.77,5.17,109.8,1
0,72,128.8,6.37,5.94,4.07,79.6,1
1,78,141.0,7.8,5.01,5.69,78.1,1
0,77,126.1,10.79,6.12,4.83,75.8,1
0,76,156.8,5.91,5.71,5.46,82.1,1
0,90,126.4,5.88,4.98,7.04,63.9,1
0,66,162.1,5.25,5.2,6.88,61.6,1
0,45,126.7,4.7,5.37,3.75,72.2,1
0,49,154.5,5.91,5.16,6.1,82.1,1
1,72,129.4,5.5,5.71,6.7,90.1,1
0,35,129.2,4.25,4.57,4.99,76.4,1
1,62,146.8,6.12,5.66,6.46,79.2,1
1,59,178.2,7.31,5.05,4.81,102.0,1
1,66,157.2,4.89,6.92,4.86,71.0,1
0,48,100.9,6.21,4.33,4.5,78.0,1
1,72,134.1,9.03,7.1,6.08,111.8,1
1,23,143.5,3.94,4.17,4.37,93.6,1
1,72,167.8,9.98,6.24,4.8,107.0,1
0,77,141.4,5.29,6.05,4.94,78.5,1
1,82,95.4,2.6,6.84,3.72,130.8,0
1,85,144.3,8.8,6.03,4.94,81.5,1
0,43,143.4,9.35,4.75,5.46,67.7,1
0,21,118.0,7.35,4.88,5.5,69.8,1
0,65,137.4,5.25,5.46,6.18,62.5,1
1,24,164.2,5.09,4.55,7.1,77.9,1
0,38,129.1,5.47,4.71,5.13,30.1,1
0,69,136.1,9.9,5.64,6.91,99.6,1
1,61,156.4,5.81,4.77,5.39,123.6,1
0,62,138.3,7.08,4.81,4.99,61.4,1
0,72,109.8,4.62,6.05,5.55,53.0,1
1,30,167.2,4.42,5.11,4.75,118.3,1
1,75,168.9,6.55,4.74,5.39,67.0,1
1,60,159.8,5.92,4.7,4.23,113.4,1
1,48,165.2,6.05,3.84,4.08,107.0,1
0,51,130.3,3.84,5.71,6.04,68.3,1
1,55,168.9,6.37,5.64,5.85,118.6,1
1,58,156.2,9.29,4.62,6.76,88.0,1
0,42,115.6,4.96,5.42,4.49,85.7,1
0,34,145.9,8.12,6.1,4.24,69.0,1
0,30,109.5,1.75,3.93,3.57,54.3,1
0,42,137.0,5.06,4.66,5.79,103.7,1
0,37,127.5,3.06,4.02,3.94,62.2,1
0,55,124.8,8.73,5.79,5.07,67.3,1
1,84,155.2,8.08,5.6,5.96,111.4,1
0,25,123.9,4.64,4.54,3.09,90.9,1
1,40,164.7,7.02,5.14,5.5,77.2,1
1,21,159.8,8.66,4.38,5.33,117.7,1
1,89,142.8,8.94,5.49,6.03,99.4,1
1,69,174.2,5.77,5.6,5.3,97.1,1
0,35,136.6,2.52,4.56,4.67,70.2,1
1,48,165.7,4.88,4.84,6.22,97.1,1
0,70,151.2,7.88,5.36,5.45,51.1,1
1,87,173.3,10.28,5.76,5.72,105.4,1
0,59,139.8,6.4,5.65,4.56,77.0,1
0,37,128.8,5.41,5.3,2.22,67.3,1
1,68,81.9,15.0,2.89,8.9,134.4,0
0,68,133.3,7.23,6.26,5.36,71.3,1
1,65,170.9,4.29,5.41,4.51,97.1,1
0,21,82.8,2.31,3.12,4.1,30.0,0
0,69,78.4,8.3,4.89,5.78,71.1,1
1,19,172.2,6.37,5.88,4.19,84.3,1
1,84,166.6,7.93,7.08,6.6,110.6,1
0,82,124.3,3.61,6.75,5.97,59.0,1
0,59,145.9,3.92,5.36,5.49,89.7,1
0,65,139.9,5.18,5.58,4.75,69.1,1
1,22,148.5,5.99,5.62,5.07,109.2,1
1,81,172.0,7.1,5.47,6.47,120.6,1
0,37,114.3,7.65,5.28,4.2,72.0,1
0,37,132.4,10.94,5.09,3.03,85.9,1
0,69,127.7,5.17,6.59,6.24,83.9,1
0,86,116.0,5.93,6.55,6.29,78.0,1
1,54,160.2,5.22,5.13,5.84,106.7,1
1,55,175.2,8.44,6.14,5.14,93.6,1
0,58,149.9,8.54,5.27,6.03,98.5,1
1,39,128.4,1.75,3.05,6.72,65.6,0
0,61,105.5,10.22,5.14,5.05,63.1,1
0,88,108.2,5.22,5.81,4.82,68.9,1
0,45,135.0,8.35,4.6,5.94,86.6,1
0,74,129.1,9.12,5.2,5.44,60.9,1
0,74,122.1,4.05,4.64,5.69,103.1,1
1,80,181.6,7.54,5.11,5.99,118.6,1
1,70,155.6,1.75,5.59,5.19,80.0,1
0,85,136.6,7.98,6.3,6.44,86.8,1
1,70,168.8,4.52,6.0,6.89,84.0,1
1,89,152.9,7.52,5.99,6.66,86.9,1
1,70,192.9,7.86,4.53,3.85,91.5,1
1,79,139.0,8.52,5.07,5.68,87.8,1
0,82,119.7,8.1,5.51,5.78,86.0,1
1,89,138.0,6.6,6.31,6.9,103.3,1
1,61,178.3,5.82,4.98,4.73,104.4,1
1,69,166.1,6.37,4.7,4.44,98.5,1
0,88,120.0,4.49,6.59,6.51,67.5,1
0,45,119.5,6.12,4.63,4.88,65.4,1
0,26,155.2,5.98,4.11,3.96,88.9,1
0,82,96.3,9.25,3.59,7.46,30.0,0
0,64,151.8,3.37,5.33,4.01,95.1,1
0,49,131.2,4.2,4.83,5.13,63.9,1
1,70,161.7,1.75,5.45,5.13,99.2,1
0,20,139.5,5.95,4.14,4.88,76.6,1
1,52,146.4,7.15,4.87,4.86,115.3,1
0,37,131.1,1.75,4.93,4.77,87.4,1
1,39,139.3,6.93,3.76,4.37,101.6,1
0,88,135.6,6.28,6.29,5.53,76.5,1
1,58,166.6,4.38,4.45,4.14,84.3,1
0,28,194.8,1.75,6.22,1.96,30.0,0
0,44,142.6,8.39,5.66,4.84,107.1,1
0,35,131.6,4.75,5.27,2.91,58.4,1
1,84,175.9,6.64,5.71,4.25,90.8,1
0,39,146.5,7.12,3.96,5.71,52.2,1
1,44,177.4,5.02,4.7,4.84,86.0,1
1,42,178.6,8.31,4.9,4.82,79.4,1
0,30,132.1,7.23,4.76,4.6,54.1,1
0,74,135.4,6.05,6.19,5.92,79.5,1
0,60,142.6,10.75,6.5,6.58,85.0,1
0,49,114.9,8.32,5.5,5.38,78.7,1
0,46,115.5,3.46,4.77,5.2,58.0,1
0,66,110.9,5.8,6.12,4.81,49.0,1
1,25,156.9,10.94,4.42,3.11,65.6,1
0,86,123.4,4.73,4.12,6.15,57.0,1
0,59,109.6,6.62,4.54,5.68,58.6,1
1,34,159.8,8.72,3.49,5.67,89.8,1
1,57,153.9,7.67,5.02,6.68,101.8,1
0,80,146.7,7.93,5.49,4.56,69.2,1
0,30,164.2,7.83,3.89,4.05,96.3,1
0,56,138.2,6.55,4.73,5.72,108.4,1
1,61,144.5,5.07,4.46,5.22,96.5,1
1,77,163.0,7.28,5.48,6.84,70.1,1
0,59,131.2,5.78,4.77,5.01,65.9,1
0,71,126.3,5.63,6.07,7.22,70.5,1
0,74,116.7,9.17,5.61,5.53,85.0,1
1,83,145.7,5.81,6.61,7.12,79.1,1
0,44,129.9,9.57,4.79,2.71,48.9,1
0,69,142.2,6.96,6.72,5.82,78.4,1
0,36,141.1,6.21,4.94,4.74,64.6,1
0,79,156.5,3.23,5.27,3.7,66.5,1
1,87,162.4,10.32,7.15,5.73,86.2,1
0,39,171.9,10.35,2.08,1.5,100.8,0
0,58,126.6,2.41,4.94,4.69,76.9,1
1,78,137.6,8.28,4.57,5.83,62.9,1
1,19,150.6,6.41,3.58,4.27,96.2,1
0,69,119.6,4.82,4.19,5.7,84.8,1
0,77,90.9,8.18,5.93,5.68,81.6,1
1,81,137.8,1.91,4.82,7.74,130.7,1
0,32,157.8,5.21,4.73,4.87,66.0,1
1,73,159.2,5.96,6.03,5.56,97.3,1
1,75,147.9,8.03,5.8,5.88,117.9,1
1,18,165.2,10.53,4.92,4.34,96.7,1
0,69,100.8,6.06,6.16,3.95,97.0,1
1,63,158.9,7.33,6.31,5.88,110.4,1
1,88,171.4,11.45,4.97,6.92,101.6,1
0,21,133.1,6.51,5.0,5.82,71.9,1
1,88,125.6,7.34,5.56,6.38,95.9,1
1,59,148.9,4.27,5.2,4.94,97.4,1
1,38,176.4,10.03,4.06,5.0,84.2,1
0,46,136.3,5.22,4.77,6.53,83.5,1
0,73,65.3,1.75,3.94,8.5,135.2,0
1,90,187.5,6.93,6.61,4.73,72.3,1
0,41,114.1,6.65,4.32,6.81,90.7,1
1,89,148.5,5.72,4.3,4.86,103.1,1
1,63,139.1,6.93,5.34,3.85,113.8,1
1,32,142.3,9.66,4.13,4.93,87.8,1
0,61,124.1,10.61,5.23,5.59,71.3,1
1,76,162.9,6.18,5.94,5.93,117.8,1
0,21,154.3,5.69,4.66,5.21,71.3,1
1,23,152.9,5.04,4.49,4.31,108.5,1
0,18,120.0,11.34,4.58,4.23,63.1,1
0,59,138.3,6.73,5.79,4.66,71.0,1
1,22,166.4,8.51,4.04,4.56,103.7,1
1,86,156.0,7.75,6.13,6.21,105.4,1
1,27,220.8,6.09,2.97,2.86,149.4,0
0,23,133.0,6.05,5.11,3.65,67.0,1
1,36,158.9,4.51,4.01,3.6,96.8,1
1,73,151.0,9.85,5.82,6.26,113.2,1
1,84,168.7,8.13,5.6,5.2,120.8,1
1,36,142.1,1.75,2.76,1.58,143.5,0
0,55,134.2,9.26,5.8,3.43,91.6,1
0,74,129.5,7.42,5.02,6.75,63.2,1
1,76,157.2,9.33,5.52,5.77,101.9,1
1,29,148.2,6.94,5.02,5.07,100.7,1
0,79,140.6,8.12,5.41,5.97,67.6,1
0,81,135.5,7.45,6.05,5.81,72.4,1
1,71,147.6,5.91,5.66,5.4,72.0,1
1,56,168.9,6.13,4.89,5.06,108.7,1
0,46,132.7,5.79,5.85,4.04,69.1,1
1,82,138.2,6.98,5.97,4.05,98.5,1
1,81,99.7,1.75,6.71,4.45,44.0,0
0,55,135.1,7.28,4.71,5.13,84.7,1
0,72,144.2,7.22,5.35,5.05,77.4,1
1,47,168.8,6.87,5.37,4.22,80.1,1
0,72,128.2,6.9,4.15,6.38,72.9,1
0,24,127.5,5.48,4.28,4.61,56.7,1
0,83,128.7,5.99,5.3,4.88,75.5,1
1,55,160.9,3.49,4.36,4.83,108.0,1
0,61,172.2,1.75,5.93,8.35,30.0,0
0,31,138.4,4.73,4.95,4.27,79.1,1
0,56,130.0,6.68,4.95,5.85,89.7,1
1,18,174.2,5.21,4.42,6.27,83.6,1
1,82,142.7,2.81,4.8,5.26,92.5,1
0,72,167.0,10.55,5.35,5.18,47.6,1
0,51,143.3,6.08,4.26,4.27,67.9,1
0,79,112.2,9.1,6.46,5.44,65.8,1
1,77,156.1,5.55,6.6,3.78,108.7,1
1,26,170.0,9.56,4.51,5.51,103.2,1
0,21,129.7,4.43,4.04,3.22,94.6,1
0,36,111.0,6.82,5.45,3.99,65.3,1
1,18,143.6,4.53,5.03,4.44,101.8,1
1,59,216.6,15.0,7.73,4.32,152.3,0
0,56,146.9,12.0,8.08,1.62,52.0,0
0,57,109.6,7.99,4.04,4.97,80.4,1
1,23,166.8,7.31,5.44,4.72,95.4,1
1,85,98.2,13.13,7.4,8.53,156.4,0
1,89,141.7,7.43,6.06,5.67,106.4,1
0,61,123.5,8.95,5.78,3.79,94.7,1
0,18,113.1,7.7,5.11,3.89,65.5,1
1,46,163.7,6.79,5.69,6.03,86.6,1
1,70,141.9,7.43,5.11,6.13,137.8,1
1,72,145.8,9.95,4.91,5.04,81.7,1
0,35,138.7,5.75,5.64,3.79,85.6,1
1,78,149.4,3.16,5.05,5.37,105.1,1
0,88,117.6,4.53,6.84,4.44,80.2,1
0,55,101.7,4.66,4.77,4.92,55.3,1
1,45,162.0,4.91,4.85,4.53,137.9,1
1,56,156.6,4.98,5.13,4.72,100.4,1
1,19,151.3,6.46,3.76,4.25,88.2,1
1,56,139.8,6.95,4.32,5.6,77.9,1
0,19,135.3,6.93,5.23,3.45,41.8,1
1,20,166.2,5.19,3.67,5.26,106.6,1
0,58,132.7,8.29,6.78,6.17,61.3,1
0,55,156.1,7.46,5.17,7.08,69.7,1
1,90,162.6,9.35,5.13,6.07,90.5,1
1,55,153.9,8.02,5.48,6.43,105.8,1
1,89,163.2,5.87,4.26,6.66,105.3,1
0,76,130.1,8.85,5.34,5.69,86.1,1
1,42,157.5,6.99,4.91,3.74,109.0,1
0,85,147.9,7.94,4.92,6.51,64.5,1
1,53,142.2,7.8,4.82,5.28,77.5,1
1,61,155.2,6.28,6.23,6.83,95.8,1
1,25,176.3,6.69,4.88,5.17,104.0,1
0,33,138.3,6.26,5.13,5.61,74.3,1
0,56,125.9,4.96,4.77,4.6,45.8,1
0,37,107.7,2.64,4.16,4.96,73.7,1
1,61,120.8,5.25,5.17,3.49,83.0,1
1,23,189.8,6.86,3.27,4.96,96.5,1
0,36,138.0,8.45,4.28,5.82,87.3,1
1,66,145.6,7.93,4.64,6.57,60.9,1
1,62,160.0,6.0,4.11,4.92,120.7,1
0,89,113.9,5.28,6.12,4.15,59.8,1
0,83,123.7,6.18,5.57,5.18,90.1,1
1,77,139.2,4.74,5.18,5.47,111.5,1
1,18,138.0,2.69,5.07,4.73,91.4,1
0,61,99.3,3.72,4.33,3.39,80.9,1
1,34,133.6,8.97,4.1,4.59,86.2,1
1,37,172.6,9.84,5.63,3.81,71.0,1
1,33,142.9,7.86,6.26,5.96,113.7,1
1,51,163.9,6.4,5.58,2.92,87.3,1
1,27,172.6,3.99,5.09,5.45,123.4,1
0,56,131.6,6.21,4.89,4.98,87.0,1
0,30,129.5,7.6,4.51,2.76,59.8,1
0,54,182.0,1.75,6.59,8.66,31.0,0
1,63,148.5,7.74,6.17,6.48,106.1,1
0,31,152.0,8.68,5.12,5.74,98.4,1
0,25,196.3,3.98,3.33,1.65,30.0,0
1,76,175.1,5.77,4.99,4.92,95.3,1
0,71,97.6,11.55,5.84,5.48,81.0,1
0,37,126.7,2.86,4.55,5.23,73.1,1
0,82,128.9,5.1,5.71,5.15,54.2,1
0,34,140.5,6.86,5.28,3.91,87.9,1
0,85,102.6,7.49,5.36,6.14,99.2,1
1,26,132.2,6.17,4.18,4.7,98.6,1
0,66,150.0,5.61,5.61,6.15,55.2,1
0,19,126.7,10.46,4.6,5.75,70.3,1
1,32,135.5,5.52,4.96,5.41,83.0,1
0,47,115.7,4.67,5.5,3.9,69.5,1
1,24,164.5,9.54,5.54,4.47,99.0,1
1,51,143.6,8.03,5.56,5.37,107.4,1
1,34,161.2,8.47,5.23,5.41,117.8,1
0,25,119.8,6.85,4.47,5.27,81.7,1
0,88,102.0,4.02,5.51,5.71,59.5,1
1,89,173.5,6.65,6.01,5.34,109.7,1
0,88,134.2,3.78,5.5,6.67,71.1,1
1,29,153.1,6.94,5.11,4.92,93.9,1
0,45,124.7,7.68,4.59,5.15,73.0,1
0,41,154.9,8.44,6.17,4.19,75.1,1
1,41,210.4,1.75,3.53,4.87,165.0,0
1,48,231.7,12.28,6.99,7.3,47.4,0
1,55,146.7,4.87,4.94,5.02,80.0,1
1,53,156.5,8.24,6.34,5.28,75.1,1
0,39,139.1,7.71,4.23,4.66,82.7,1
1,89,143.8,5.06,5.31,4.62,107.5,1
1,89,150.7,7.45,6.25,6.05,118.4,1
0,42,124.0,8.46,5.17,3.53,71.6,1
0,34,139.6,6.64,4.56,4.77,76.9,1
1,56,135.6,5.02,4.91,3.69,105.0,1
0,44,141.2,6.82,4.89,2.94,49.9,1
1,90,156.7,7.49,5.81,6.35,75.3,1
0,49,129.1,5.01,6.07,3.99,84.5,1
0,20,141.7,4.69,5.06,4.79,77.5,1
0,27,128.8,7.44,5.42,4.69,92.6,1
0,23,124.6,7.98,4.48,4.59,99.8,1
1,45,164.7,10.37,5.38,4.34,92.7,1
1,41,165.7,7.7,4.08,4.7,91.8,1
1,80,145.4,4.32,5.71,5.01,78.7,1
1,83,143.8,10.17,5.72,6.51,106.9,1
0,28,131.5,8.4,5.91,4.13,41.5,1
1,86,144.1,2.89,6.62,5.5,84.7,1
1,60,177.9,4.65,5.14,5.87,102.6,1
1,40,161.7,5.62,4.51,4.24,87.1,1
1,47,156.5,8.01,4.63,3.33,96.6,1
1,50,142.0,2.22,4.97,4.05,94.4,1
1,30,169.1,6.29,5.63,5.55,79.8,1
1,81,143.7,7.91,5.86,5.69,68.1,1
1,18,149.4,1.75,4.98,4.62,106.4,1
1,23,170.3,7.84,5.23,4.73,93.5,1
0,37,139.1,8.06,4.36,6.35,77.9,1
0,28,96.6,4.98,4.39,2.69,71.5,1
1,22,156.4,4.42,5.04,4.32,95.0,1
0,45,134.4,4.95,4.61,4.93,75.7,1
0,45,127.4,1.75,4.16,4.88,70.4,1
1,27,160.7,5.91,4.16,5.26,91.3,1
1,77,126.2,6.9,6.19,6.28,83.8,1
1,82,110.3,4.31,5.41,5.45,136.3,1
0,70,115.4,8.25,5.59,3.88,89.6,1
0,56,135.6,6.68,4.62,7.38,96.2,1
1,87,103.9,6.97,5.93,5.73,118.4,1
1,43,144.0,5.78,4.88,4.94,93.0,1
0,49,103.3,7.84,5.4,6.12,70.7,1
1,19,155.5,8.82,4.4,4.03,96.0,1
0,69,159.5,5.77,5.74,6.54,69.0,1
1,24,155.3,7.87,4.44,4.2,109.4,1
1,66,152.8,7.89,5.34,6.97,86.1,1
1,75,166.1,7.25,5.36,5.91,82.7,1
1,33,158.0,9.52,4.91,4.05,77.2,1
0,62,127.6,5.19,5.5,7.2,69.2,1
0,40,146.9,5.74,4.7,5.34,65.9,1
0,47,139.4,5.1,5.03,4.39,64.1,1
1,56,159.7,7.81,5.35,3.85,99.1,1
1,36,155.3,6.01,5.24,5.35,79.3,1
1,76,148.2,5.25,5.49,6.77,109.9,1
0,46,146.2,9.49,4.56,5.27,56.8,1
0,51,126.9,9.76,5.22,5.32,56.0,1
1,77,171.8,5.91,5.96,6.94,89.2,1
1,34,141.9,4.04,4.11,5.22,94.6,1
1,51,177.4,9.85,4.37,4.43,110.5,1
0,90,135.1,7.35,5.35,5.25,74.4,1
0,47,117.8,7.26,4.99,5.44,49.3,1
1,26,166.0,6.69,3.47,4.97,103.6,1
1,38,147.4,5.06,5.31,5.74,103.9,1
0,87,89.5,9.47,4.32,8.46,30.0,0
1,73,146.4,7.72,4.08,6.07,101.2,1
0,77,127.3,5.69,4.89,5.85,96.4,1
0,36,147.5,7.28,4.76,5.59,59.8,1
1,79,160.9,6.52,4.52,6.25,113.4,1
1,46,139.5,4.6,5.67,4.69,116.3,1
1,76,137.4,9.42,5.65,5.35,101.4,1
0,82,132.9,7.57,6.04,5.93,56.7,1
1,33,162.8,7.1,4.28,4.76,116.3,1
1,86,142.3,7.5,5.94,6.9,113.0,1
1,64,178.5,3.27,4.96,5.47,106.4,1
0,71,197.5,1.75,7.23,1.5,30.0,0
1,73,144.3,3.75,5.71,4.4,116.0,1
1,30,89.9,1.75,6.6,7.0,40.0,0
1,72,150.4,7.09,5.97,6.09,111.5,1
0,33,128.7,6.75,4.98,4.01,67.8,1
1,37,176.1,8.62,4.68,5.33,71.7,1
0,26,149.2,3.8,5.3,3.83,57.2,1
0,31,134.4,5.06,5.5,4.76,78.6,1
1,89,162.3,7.25,5.79,6.15,102.8,1
0,41,145.2,6.98,5.82,3.79,79.7,1
1,46,157.3,4.13,4.95,5.28,91.8,1
0,53,137.7,8.65,5.12,6.51,76.8,1
1,70,162.9,9.28,5.45,5.22,107.9,1
1,59,162.4,7.27,5.21,5.25,133.3,1
1,57,143.6,3.78,5.07,5.37,92.0,1
0,79,118.9,6.79,5.16,5.66,90.3,1
0,54,127.3,7.11,4.61,5.1,83.4,1
0,74,119.0,6.01,5.58,5.43,76.5,1
0,84,106.5,8.93,6.38,4.27,55.7,1
1,67,164.4,6.29,5.89,5.75,119.2,1
0,20,140.2,10.29,4.93,3.43,75.7,1
0,37,113.2,7.91,5.7,5.08,64.0,1
0,63,127.1,7.0,5.36,5.89,60.9,1
0,52,129.0,8.16,4.59,5.41,77.5,1
1,38,159.9,9.26,4.76,3.96,82.8,1
1,42,140.6,8.12,4.99,5.12,88.6,1
0,23,114.4,6.36,4.44,4.27,63.3,1
1,35,165.3,5.31,5.29,4.17,97.4,1
1,75,130.5,4.48,6.09,7.36,107.8,1
0,18,131.7,2.11,3.63,3.55,67.1,1
0,79,124.2,6.81,5.5,6.03,71.8,1
0,42,131.0,5.8,3.29,6.21,74.7,1
0,76,133.2,5.9,5.49,5.86,63.6,1
0,36,157.4,8.35,4.88,4.17,64.0,1
0,78,105.2,6.3,6.64,5.06,67.9,1
1,59,168.2,9.91,6.17,3.92,102.3,1
0,80,91.3,5.47,6.16,5.68,99.1,1
1,22,179.7,4.75,4.15,4.56,77.4,1
0,76,98.8,4.24,4.93,5.29,78.4,1
0,37,169.8,7.8,4.3,6.02,69.4,1
1,44,150.8,8.57,5.98,4.85,94.7,1
1,21,178.3,5.43,4.17,3.02,88.7,1
1,87,168.6,4.58,5.47,7.1,116.5,1
0,64,124.1,9.25,4.82,4.25,37.8,1
0,89,122.7,3.89,4.98,6.27,58.4,1
0,59,118.5,8.32,5.48,5.79,90.3,1
0,29,145.9,5.47,4.93,4.55,89.9,1
1,42,150.4,7.21,3.7,5.72,123.5,1
0,50,119.7,8.44,4.37,5.11,78.1,1
0,28,142.3,7.36,4.97,4.27,79.6,1
1,85,139.0,5.97,5.63,3.86,71.3,1
0,87,123.4,9.01,5.46,4.22,75.4,1
0,59,132.7,7.02,5.65,7.7,82.3,1
0,60,121.4,13.13,4.43,5.9,66.7,1
0,69,122.7,3.43,5.08,6.55,73.1,1
1,67,177.3,3.4,5.72,7.64,116.8,1
1,22,155.7,8.29,4.34,4.16,118.0,1
1,56,150.0,6.44,5.43,5.04,101.6,1
0,74,127.0,7.93,4.82,4.04,73.9,1
1,76,160.2,4.52,5.05,5.3,109.7,1
1,61,139.4,6.6,4.25,4.98,92.5,1
0,83,135.1,7.32,4.41,5.35,90.8,1
1,60,158.8,5.52,5.01,6.19,90.1,1
0,45,105.7,6.92,5.35,5.59,84.5,1
1,50,182.9,4.05,5.08,5.87,97.2,1
1,68,176.1,7.21,6.12,4.31,89.1,1
0,82,116.8,9.1,5.39,5.71,80.5,1
0,34,116.8,4.27,3.64,5.03,66.8,1
0,39,136.5,4.16,5.19,6.51,87.9,1
1,65,133.1,8.64,4.73,5.45,83.3,1
0,73,150.2,4.13,5.57,5.36,78.0,1
1,47,149.3,8.01,3.73,5.96,86.4,1
0,64,154.9,6.6,5.19,5.09,92.2,1
0,18,122.8,5.75,5.09,4.83,82.6,1
1,39,155.4,9.14,5.33,5.22,96.3,1
1,87,171.3,8.17,5.55,5.32,99.1,1
1,60,150.2,7.0,5.27,4.62,123.3,1
0,81,133.0,2.63,5.32,5.59,86.4,1
0,33,150.1,7.78,4.72,4.27,61.3,1
0,39,124.8,4.57,5.36,3.43,87.0,1
1,89,133.2,6.1,5.29,6.43,91.0,1
1,90,76.6,12.36,3.57,8.97,42.9,0
0,82,137.6,9.92,4.68,4.97,43.6,1
1,41,162.7,6.04,5.4,4.06,109.3,1
0,76,145.3,3.94,5.35,5.96,64.8,1
1,51,151.8,9.15,4.41,6.6,94.4,1
1,79,131.6,7.81,6.08,6.5,78.1,1
1,80,117.7,7.87,5.54,6.68,101.7,1
0,49,175.1,9.18,4.66,4.71,74.5,1
1,40,164.9,9.6,5.5,5.17,77.9,1
0,89,130.2,4.89,5.5,5.66,75.9,1
1,50,160.2,4.0,4.18,4.35,93.5,1
0,49,110.6,8.02,5.68,5.16,91.8,1
1,66,142.5,6.03,4.85,4.54,87.7,1
0,86,154.5,6.19,7.47,5.05,82.5,1
0,27,144.2,4.48,4.5,4.14,50.3,1
1,89,140.6,7.55,4.49,5.48,100.6,1
1,48,137.8,7.22,6.14,4.93,102.8,1
0,19,127.4,6.22,4.62,2.52,78.1,1
1,40,152.3,4.0,5.12,3.96,95.2,1
0,51,162.6,8.68,5.36,6.43,99.5,1
0,67,127.5,6.96,4.56,5.33,68.9,1
0,59,113.3,8.51,3.95,5.69,81.2,1
0,27,133.4,2.71,5.94,4.91,67.6,1
0,53,135.7,6.6,4.22,4.96,61.1,1
0,34,114.4,5.21,5.86,3.89,54.9,1
0,37,139.3,6.57,5.24,4.25,59.1,1
0,69,148.2,8.2,5.51,7.14,83.5,1
0,76,131.5,7.17,5.23,5.04,94.7,1
1,29,146.1,6.53,6.19,6.13,105.5,1
1,61,147.0,6.52,4.87,4.85,93.0,1
0,48,107.3,3.69,4.69,4.67,64.0,1
0,42,130.8,4.87,5.4,4.91,75.6,1
1,70,158.7,8.52,5.01,5.24,82.9,1
1,36,144.0,5.59,4.3,3.88,110.1,1
1,73,182.8,8.55,5.43,5.45,104.2,1
1,47,168.2,7.99,5.49,3.62,82.8,1
1,24,131.7,8.08,5.86,4.81,118.6,1
1,75,126.9,7.1,6.74,5.7,80.7,1
0,80,114.2,5.72,4.49,6.26,75.8,1
0,59,154.7,6.23,5.88,4.73,86.5,1
0,70,143.4,7.65,4.83,6.06,85.5,1
0,28,158.6,2.67,4.23,4.95,63.0,1
1,42,157.0,8.74,4.67,4.95,90.9,1
1,43,153.6,5.6,4.65,6.64,82.8,1
1,73,135.0,6.34,4.82,5.88,101.9,1
0,43,137.9,6.36,3.62,4.44,85.5,1
0,71,127.0,6.43,6.3,6.8,45.9,1
0,40,129.5,4.14,5.51,5.26,81.3,1
1,61,179.2,6.77,5.27,6.82,90.7,1
0,33,131.8,7.57,4.28,2.99,71.3,1
0,58,151.2,2.82,5.98,4.89,57.9,1
1,23,134.9,4.16,4.68,4.19,86.9,1
1,71,194.2,8.11,5.09,3.72,128.4,1
1,20,153.4,7.78,3.68,4.55,90.9,1
0,90,177.4,3.37,7.6,8.83,37.7,0
0,79,197.1,11.12,6.71,1.5,30.0,0
0,60,155.0,1.75,4.04,6.93,161.5,0
0,84,140.9,4.33,5.73,6.93,82.2,1
1,77,166.4,6.25,5.91,6.36,98.5,1
0,28,123.5,4.15,4.92,3.92,86.2,1
0,72,119.3,6.21,5.27,4.77,79.9,1
1,45,157.2,4.65,5.38,5.67,94.7,1
0,80,127.3,7.86,6.14,3.83,73.1,1
0,81,149.8,7.28,6.51,6.15,52.0,1
0,87,138.8,5.47,5.0,4.09,69.9,1
0,50,130.9,8.46,5.79,6.48,65.9,1
0,32,142.9,4.78,3.9,5.23,77.4,1
1,27,127.6,6.44,5.38,2.88,93.2,1
1,30,201.5,9.47,5.99,6.59,156.6,0
0,90,132.3,7.84,6.22,6.09,77.0,1
0,60,147.7,7.66,6.17,3.41,61.4,1
0,43,135.7,8.84,5.15,4.82,95.5,1
1,50,177.9,6.65,5.12,5.43,91.7,1
1,30,121.1,1.75,6.02,1.5,50.7,0
1,59,147.8,5.72,5.0,5.85,78.3,1
0,49,130.0,9.32,5.81,4.87,85.0,1
0,76,135.5,5.92,5.48,6.35,50.3,1
0,19,128.4,3.05,3.38,4.17,101.0,1
0,86,151.4,7.31,6.22,4.77,85.6,1
0,22,118.2,7.44,5.23,3.4,68.8,1
1,48,160.9,5.19,5.15,4.68,106.0,1
0,42,143.8,6.06,4.56,4.67,54.1,1
1,70,149.3,4.97,4.75,6.36,95.5,1
1,66,146.3,7.44,4.92,5.07,109.5,1
1,32,156.7,6.6,5.0,3.24,105.2,1
0,53,143.9,4.4,4.09,4.65,73.5,1
1,57,147.8,6.48,5.51,3.77,102.6,1
0,51,115.9,5.18,5.21,5.33,89.8,1
0,19,152.4,9.13,5.46,4.9,82.8,1
0,31,139.9,8.11,5.29,5.3,44.4,1
0,54,200.2,13.11,3.01,7.96,37.4,0
1,37,168.7,6.65,3.94,4.11,97.1,1
1,57,188.0,8.32,4.76,4.68,79.1,1
1,29,174.8,6.19,5.66,4.5,80.6,1
0,71,119.0,7.87,5.64,4.96,97.0,1
0,31,141.0,9.16,5.22,6.07,61.7,1
1,65,146.1,5.62,5.0,4.97,91.9,1
0,79,122.3,9.46,5.88,5.49,63.0,1
1,44,135.4,8.94,4.15,4.2,103.4,1
1,28,153.9,6.95,5.38,3.9,100.6,1
1,18,167.4,5.7,3.98,3.21,125.0,1
1,44,155.6,6.93,3.88,3.95,89.2,1
0,26,67.2,1.75,4.53,9.3,30.0,0
0,82,106.0,5.07,5.71,6.13,46.8,1
0,89,127.3,1.75,7.21,2.88,30.0,0
0,89,133.0,4.66,4.61,5.19,95.4,1
0,85,116.1,5.89,6.05,6.81,91.8,1
1,60,161.9,5.91,5.83,4.45,104.7,1
0,41,165.7,4.04,4.9,3.29,89.9,1
1,50,165.3,7.69,5.68,5.43,81.4,1
1,36,146.6,2.27,7.93,1.5,165.0,0
1,79,192.9,8.84,5.9,4.42,83.4,1
0,49,104.4,6.06,3.84,4.0,78.3,1
1,46,153.3,5.77,4.4,5.29,138.9,1
0,68,113.2,4.87,6.43,5.27,61.2,1
0,45,121.4,6.57,5.12,4.01,93.5,1
0,44,136.9,6.58,5.11,5.3,87.7,1
0,34,102.5,7.84,4.41,3.94,64.7,1
0,22,133.4,6.62,4.35,2.97,103.5,1
0,20,152.2,10.27,5.42,3.22,58.3,1
1,47,143.7,7.32,6.0,4.96,96.8,1
0,90,107.1,4.72,6.23,5.09,85.1,1
0,37,131.2,4.57,5.29,4.83,71.4,1
1,64,149.5,7.46,5.74,6.28,144.8,1
1,41,148.0,4.67,4.97,4.25,78.2,1
1,40,139.2,7.57,4.28,7.2,121.3,1
0,29,141.9,8.11,3.98,4.83,38.5,1
1,59,164.0,8.16,6.07,5.02,54.6,1
1,66,138.4,4.94,5.37,4.12,99.1,1
0,43,118.8,8.16,5.33,4.55,84.2,1
0,56,91.6,1.75,3.94,7.01,63.6,0
1,52,141.3,5.41,5.34,5.72,121.7,1
0,37,136.0,6.21,5.16,4.2,75.8,1
0,68,152.2,7.35,5.84,5.75,81.9,1
1,58,154.3,5.29,4.81,5.2,101.5,1
1,22,140.6,7.04,5.44,5.32,119.0,1
1,53,161.6,9.1,4.75,6.01,79.1,1
1,46,153.7,8.24,5.23,5.22,87.3,1
1,76,151.1,6.65,4.83,6.21,111.6,1
0,40,140.1,6.92,4.9,5.81,88.8,1
0,87,138.7,5.53,5.31,6.22,95.5,1
1,62,155.3,5.58,5.34,5.49,97.0,1
0,27,133.4,3.73,5.25,4.91,64.9,1
0,47,163.3,6.95,5.15,6.39,83.9,1
1,82,170.8,7.73,6.81,5.74,82.6,1
1,36,169.9,6.37,5.42,5.38,121.8,1
0,69,132.1,4.92,5.3,4.77,66.9,1
0,75,114.4,6.62,5.47,6.85,70.6,1
1,68,171.1,8.92,5.65,5.76,109.7,1
0,24,136.8,8.12,5.18,4.17,61.3,1
1,45,147.8,6.45,4.33,4.84,80.0,1
1,43,153.1,10.19,5.43,4.66,114.4,1
1,43,142.2,11.36,4.32,4.86,81.5,1
0,82,144.7,5.64,5.95,5.83,79.0,1
1,18,169.4,6.06,5.33,4.18,96.2,1
0,57,134.0,7.75,5.43,3.71,45.4,1
1,89,192.9,1.75,5.69,3.85,126.1,0
0,81,118.7,8.03,4.55,5.86,80.4,1
0,62,98.8,6.68,5.67,5.48,92.6,1
1,90,130.8,7.17,4.28,5.76,88.1,1
0,47,121.2,5.46,5.47,5.76,60.1,1
1,62,141.4,5.08,5.92,5.28,107.6,1
1,57,159.6,2.93,5.94,4.86,109.9,1
0,21,147.1,9.17,4.57,4.2,86.1,1
0,20,133.1,8.19,4.96,5.53,75.3,1
1,83,173.8,7.71,5.77,5.84,91.2,1
0,30,122.3,7.13,3.97,4.57,84.3,1
0,43,130.7,2.35,5.49,4.47,71.9,1
0,63,129.9,5.15,6.18,4.97,84.2,1
0,60,147.4,6.04,5.71,6.17,66.2,1
1,55,157.1,4.55,4.92,4.28,94.6,1
0,89,130.1,3.45,6.18,6.38,83.5,1
1,75,128.7,4.74,6.3,6.14,67.9,1
0,86,114.9,6.59,6.39,5.91,95.4,1
1,66,218.8,12.6,3.98,8.67,132.6,0
0,89,97.0,8.13,4.78,4.45,33.2,1
0,61,151.0,10.21,5.55,5.82,76.6,1
1,57,162.8,7.73,5.64,3.7,91.4,1
0,77,118.1,6.18,6.18,5.69,59.2,1
0,81,116.4,9.74,5.92,5.67,104.4,1
1,22,151.0,1.75,7.56,8.11,54.3,0
0,84,149.8,2.76,4.56,4.87,72.8,1
0,68,128.4,4.9,5.76,4.51,75.2,1
0,83,130.7,7.96,5.93,6.14,79.2,1
1,70,144.3,6.8,5.99,5.25,74.1,1
1,85,154.5,4.47,6.6,3.88,138.7,1
1,38,147.1,5.19,4.44,4.75,97.6,1
1,31,156.7,4.27,5.77,6.25,123.7,1
0,32,161.0,4.27,5.37,5.13,59.9,1
0,36,132.0,9.29,4.83,3.65,81.6,1
0,33,118.0,6.24,4.35,5.08,54.9,1
0,50,111.5,9.69,5.27,5.88,30.3,1
0,32,135.7,4.9,5.05,3.09,86.2,1
1,29,146.7,7.38,5.04,4.32,99.4,1
1,56,159.1,6.91,4.86,6.29,89.8,1
1,75,129.2,8.08,5.89,4.13,48.1,1
1,27,168.7,6.96,4.56,4.29,89.3,1
1,55,139.6,8.27,5.95,4.91,101.9,1
0,66,131.1,7.5,6.42,4.95,58.1,1
1,69,149.0,4.54,4.95,6.62,100.4,1
1,25,184.3,7.82,4.81,5.6,86.7,1
0,71,132.5,6.31,6.05,5.15,56.5,1
0,19,164.3,5.1,4.85,3.46,69.8,1
1,35,165.9,7.75,4.11,5.85,64.2,1
0,41,154.3,8.16,5.53,5.52,80.6,1
1,80,149.9,5.63,5.24,5.58,100.5,1
1,32,163.0,5.87,5.0,5.23,105.7,1
0,75,147.8,4.0,4.93,6.08,91.7,1
0,90,141.6,3.25,6.23,5.01,71.7,1
0,88,136.2,6.06,5.47,5.23,35.1,1
0,40,128.1,7.93,5.54,4.81,69.1,1
0,24,132.2,5.47,4.63,2.74,55.0,1
1,34,174.7,9.07,4.62,4.37,118.2,1
0,74,149.8,6.13,5.76,4.77,69.1,1
0,32,124.9,6.14,4.24,4.79,85.2,1
0,65,119.3,5.98,6.45,4.29,96.2,1
1,45,142.9,8.27,5.19,5.29,86.0,1
0,73,142.1,4.77,5.16,5.66,75.8,1
0,62,116.9,6.27,5.09,5.15,74.7,1
1,60,167.3,5.51,5.31,5.62,131.1,1
0,75,137.7,5.49,6.12,6.03,93.7,1
0,87,120.1,6.56,5.17,5.53,59.4,1
0,44,156.1,6.3,4.84,4.91,64.0,1
0,56,109.5,8.39,5.21,4.51,66.8,1
0,63,155.6,6.48,6.27,4.64,62.0,1
1,78,158.0,7.5,6.17,6.98,94.2,1
0,53,100.6,6.81,6.15,4.88,65.7,1
0,45,156.4,9.03,5.09,4.89,73.8,1
0,79,143.7,5.96,6.44,5.51,73.2,1
1,87,145.9,5.96,6.47,6.07,116.7,1
1,59,140.6,7.84,5.7,4.69,86.5,1
0,25,111.0,5.93,5.24,4.1,47.2,1
0,39,169.3,7.4,4.63,5.62,65.6,1
0,51,118.0,10.71,6.26,3.68,64.4,1
0,69,111.1,4.74,5.29,5.55,96.5,1
0,66,134.4,9.26,5.73,4.58,87.0,1
0,77,104.7,5.61,5.96,3.73,94.3,1
1,20,144.3,8.91,3.88,4.33,110.4,1
0,51,146.8,7.73,5.13,3.98,44.0,1
0,69,137.1,7.58,5.56,4.18,61.7,1
0,90,122.2,6.23,5.68,8.14,53.0,1
1,28,158.5,6.05,4.8,5.05,119.9,1
1,82,146.2,5.2,6.53,6.15,111.7,1
0,18,134.3,6.51,4.17,4.31,77.9,1
0,32,179.6,1.75,2.38,6.78,120.4,0
1,79,144.4,6.84,5.23,5.43,92.1,1
1,75,144.3,3.96,5.97,5.18,85.8,1
0,89,117.2,6.54,6.24,4.05,85.2,1
1,61,170.6,8.77,5.68,6.83,99.6,1
1,62,166.4,8.2,5.88,5.16,108.5,1
0,57,117.3,6.54,5.41,4.39,80.1,1
1,55,137.6,11.11,4.91,5.21,110.1,1
0,55,129.1,5.46,4.66,3.86,81.5,1
0,39,165.4,6.34,4.23,3.94,89.5,1
0,80,113.6,3.89,5.46,6.98,86.1,1
0,44,95.8,1.75,3.79,6.63,108.3,0
1,62,156.1,9.72,5.47,5.22,105.4,1
0,66,128.8,5.84,5.4,5.41,78.9,1
0,57,124.4,3.75,4.62,4.98,71.0,1
0,62,148.1,8.07,6.88,4.76,73.8,1
1,21,165.7,7.2,4.22,6.46,111.2,1
1,41,169.6,8.0,5.09,4.15,105.2,1
1,50,164.8,5.97,5.75,4.2,111.5,1
0,46,145.8,4.69,5.12,5.36,73.9,1
1,84,176.4,6.17,5.18,4.52,116.4,1
1,83,172.7,7.5,6.13,6.58,110.8,1
1,69,148.8,1.75,6.61,2.47,47.7,0
0,43,151.0,7.2,6.09,4.98,67.8,1
1,21,148.9,5.53,4.88,4.69,83.3,1
0,73,142.4,7.27,5.34,5.15,58.5,1
0,82,139.5,6.49,4.78,6.46,115.3,1
0,53,160.5,5.23,4.5,5.64,98.7,1
0,78,114.7,6.75,5.54,6.02,92.2,1
0,85,185.5,12.57,5.1,7.75,48.0,0
0,57,121.1,7.61,5.39,4.83,65.7,1
0,33,141.4,8.07,5.1,4.56,56.0,1
1,19,155.9,7.4,4.92,5.94,92.8,1
0,73,136.9,3.56,6.91,4.19,63.8,1
1,59,133.9,4.76,5.02,4.61,108.7,1
1,29,170.0,5.35,5.77,5.55,98.7,1
1,21,162.0,5.07,4.48,3.58,108.9,1
1,88,154.5,5.52,5.3,5.17,103.0,1
0,41,162.2,8.17,4.97,6.33,47.7,1
1,41,151.2,7.76,4.96,5.15,94.5,1
1,63,159.8,5.74,5.68,6.03,104.0,1
0,44,134.1,7.57,3.67,5.53,77.3,1
0,84,131.6,7.09,5.75,5.79,66.9,1
1,67,187.6,6.44,5.05,5.42,91.0,1
0,44,133.6,8.57,4.63,5.68,63.2,1
0,37,124.8,5.31,4.18,3.98,47.8,1
1,80,181.1,6.59,5.38,7.16,98.6,1
1,61,150.3,4.61,5.01,4.74,109.7,1
0,85,104.4,4.69,5.42,6.62,68.1,1
1,43,145.6,4.05,4.06,5.32,78.5,1
0,19,116.4,4.73,4.74,3.89,86.9,1
1,83,125.7,6.65,5.17,6.1,119.6,1
1,35,152.1,5.96,3.94,4.81,90.1,1
0,79,128.0,6.01,5.26,3.99,60.9,1
0,69,147.8,5.96,4.97,5.3,72.3,1
1,34,167.0,9.69,4.93,3.56,100.9,1
0,73,138.5,4.45,5.16,5.92,67.9,1
0,23,121.3,4.26,3.88,4.33,48.6,1
0,46,145.7,4.98,4.56,5.71,87.7,1
1,44,177.5,6.37,4.02,4.25,100.8,1
0,65,136.4,7.43,6.06,4.13,97.5,1
1,57,161.6,7.61,6.03,4.17,98.5,1
1,62,135.8,8.2,6.18,7.06,120.2,1
0,52,147.6,6.31,4.83,7.77,70.2,1
1,72,180.5,5.79,6.26,7.24,89.5,1
1,29,162.9,9.44,5.08,3.19,88.9,1
0,70,121.1,1.75,4.96,4.16,101.9,1
1,21,156.5,6.61,4.34,3.46,93.2,1
0,24,128.3,7.27,4.66,5.18,95.9,1
0,70,124.6,9.87,5.51,7.3,67.6,1
0,29,143.8,3.51,5.05,5.39,51.7,1
1,74,157.8,5.74,5.51,5.65,109.2,1
1,27,126.7,8.74,2.22,1.5,51.0,0
0,28,139.8,3.26,5.63,4.3,77.0,1
1,86,139.4,6.13,5.62,5.8,102.3,1
1,30,116.0,1.98,6.34,3.42,130.9,0
1,84,144.2,8.67,5.53,5.23,123.9,1
1,43,153.9,5.54,4.98,5.22,100.9,1
0,76,156.3,7.7,4.72,5.77,76.6,1
1,86,181.7,6.14,5.09,5.81,94.0,1
0,26,146.9,7.5,6.26,4.16,80.4,1
0,42,134.6,8.58,4.04,4.95,79.8,1
0,59,110.7,6.15,5.45,5.09,67.9,1
1,81,156.2,8.44,5.82,4.92,113.2,1
1,31,146.0,4.32,5.47,5.42,93.5,1
0,31,158.4,7.68,5.09,6.04,81.3,1
0,44,108.5,8.36,6.19,5.03,53.3,1
0,32,139.6,8.17,5.02,4.6,86.3,1
1,37,144.2,4.37,5.76,5.42,86.1,1
0,27,134.2,6.13,5.43,4.71,82.5,1
1,78,163.2,7.04,6.5,6.59,118.1,1
0,76,144.7,7.3,5.55,5.62,81.0,1
0,28,133.3,6.71,5.06,5.09,89.7,1
1,57,166.7,9.07,5.03,6.7,81.7,1
0,65,120.6,4.17,5.47,6.44,73.0,1
0,63,134.4,6.07,5.47,5.12,64.4,1
0,89,143.1,3.46,4.49,6.75,65.5,1
1,64,159.6,7.62,5.27,4.32,74.5,1
0,68,122.3,7.5,5.95,5.18,75.6,1
0,20,130.8,12.53,3.89,5.15,86.1,1
0,23,149.9,8.35,4.15,5.84,91.1,1
1,63,138.3,7.1,6.04,4.58,82.3,1
1,84,138.4,6.96,6.47,5.66,92.0,1
1,47,165.3,5.93,4.73,4.94,86.2,1
0,64,124.0,6.73,5.46,5.2,62.1,1
1,33,135.9,7.0,4.85,3.57,92.2,1
0,51,152.2,2.96,5.87,5.47,73.8,1
1,72,137.3,6.85,5.16,4.29,94.2,1
1,66,151.4,6.68,5.16,6.34,77.4,1
1,26,149.1,9.66,5.59,5.73,110.8,1
1,82,184.5,1.75,3.63,1.9,135.1,0
1,85,139.2,5.12,5.38,4.56,105.2,1
0,52,142.5,6.98,5.26,5.01,80.4,1
1,42,109.3,12.85,4.63,7.05,138.8,0
1,56,170.2,6.26,4.52,4.93,100.1,1
1,76,144.3,4.2,5.11,5.6,86.3,1
1,51,187.9,6.22,5.52,4.18,120.3,1
0,20,106.4,5.46,5.15,5.89,81.6,1
1,23,134.9,6.11,4.87,3.88,82.7,1
0,77,155.6,7.82,5.48,6.38,61.6,1
1,75,160.6,5.29,5.6,4.7,128.6,1
1,74,158.7,6.1,4.61,5.54,96.3,1
0,27,140.8,7.47,4.87,4.95,62.2,1
1,30,166.6,6.02,5.74,4.72,88.5,1
1,46,160.9,11.2,4.3,4.69,104.1,1
1,34,143.1,6.95,4.44,4.24,89.6,1
0,46,144.7,4.26,4.85,4.55,75.3,1
0,58,141.1,4.99,5.07,4.55,108.5,1
1,38,178.6,4.81,6.07,5.06,73.3,1
1,27,184.8,5.01,4.25,6.19,90.3,1
1,47,161.3,7.47,4.43,5.26,98.3,1
1,70,135.6,4.51,5.91,5.94,72.0,1
0,63,157.3,5.9,4.96,6.23,81.9,1
1,41,141.6,8.56,5.49,4.41,110.5,1
0,40,138.1,5.56,4.88,3.18,52.2,1
1,60,151.1,7.71,5.58,5.2,96.8,1
1,30,151.5,3.47,3.91,5.37,99.2,1
1,78,164.7,5.83,5.84,7.37,107.5,1
1,81,156.6,4.91,5.75,4.74,139.1,1
0,19,142.8,7.04,4.53,5.37,60.8,1
0,88,116.0,4.64,4.98,5.99,83.5,1
0,19,132.5,10.23,4.82,4.03,70.0,1
1,51,144.4,3.55,5.6,4.08,93.1,1
0,66,127.4,8.54,5.07,4.79,74.5,1
1,41,155.1,8.08,4.71,5.34,103.2,1
0,32,161.5,7.06,5.36,5.74,72.7,1
0,21,131.0,6.6,5.74,1.97,76.2,1
0,71,98.0,9.84,6.03,5.88,73.3,1
0,20,155.9,10.95,4.84,3.88,57.9,1
0,53,138.4,6.13,5.05,4.63,86.0,1
0,46,130.4,6.78,5.07,5.29,88.7,1
1,88,145.6,5.51,4.92,7.49,114.1,1
1,85,138.3,4.4,5.58,5.05,109.4,1
1,77,182.4,7.33,6.23,5.45,87.2,1
0,71,130.7,6.95,5.49,4.0,60.2,1
1,57,129.2,3.6,4.88,5.53,111.6,1
1,43,161.6,7.32,4.61,4.24,79.1,1
1,30,176.1,7.01,4.83,6.02,86.2,1
0,88,130.5,5.42,4.98,6.08,107.6,1
1,46,142.9,5.3,4.54,4.67,104.9,1
1,49,141.2,7.26,6.05,4.73,99.8,1
0,28,86.0,5.7,2.43,7.58,30.0,0
0,38,156.0,7.22,4.49,5.38,62.8,1
1,64,153.5,7.9,5.53,4.23,110.7,1
0,49,106.9,5.0,4.87,4.85,51.2,1
0,60,136.8,5.75,5.35,5.2,80.0,1
1,33,159.8,7.59,5.41,4.85,75.9,1
0,23,128.0,4.05,3.82,5.64,62.8,1
0,82,113.5,6.87,6.08,4.36,51.5,1
0,49,76.6,1.75,7.07,3.93,109.5,0
1,44,172.9,6.43,4.89,5.21,71.7,1
0,38,136.9,7.07,6.12,4.31,71.6,1
1,66,161.6,6.6,4.55,6.05,107.9,1
0,59,134.8,5.38,5.64,4.84,76.9,1
1,46,161.3,4.38,5.77,3.29,104.3,1
1,85,145.5,6.34,5.26,2.61,102.6,1
1,83,149.6,8.85,5.24,4.57,97.8,1
1,32,175.3,8.34,4.66,4.15,95.6,1
0,64,151.8,5.88,4.95,5.43,78.6,1
1,88,133.9,5.84,5.76,6.3,83.0,1
1,53,152.6,5.71,5.73,4.83,91.7,1
1,20,171.6,5.71,4.48,3.13,126.5,1
1,27,186.5,7.02,5.36,4.2,103.6,1
1,66,181.1,8.4,6.23,5.12,117.0,1
0,83,116.8,10.57,5.9,7.22,80.3,1
0,27,153.4,5.01,5.12,5.04,61.4,1
0,57,176.6,14.32,6.27,5.63,30.0,0
0,54,147.3,7.48,3.64,4.8,47.6,1
1,38,169.0,5.91,5.32,5.39,117.5,1
1,64,135.6,4.65,5.84,5.3,111.6,1
0,82,137.0,7.0,5.78,4.18,62.6,1
0,35,148.6,10.32,5.47,5.44,84.2,1
1,21,158.6,6.98,4.39,4.75,106.2,1
1,44,152.9,5.08,5.37,4.74,98.4,1
1,40,133.4,6.22,5.88,4.07,104.1,1
1,71,164.2,4.45,5.86,6.33,107.1,1
1,57,158.4,6.53,6.06,3.51,103.6,1
1,19,145.3,7.73,5.49,2.98,98.2,1
0,42,127.9,5.25,4.3,4.18,74.4,1
1,71,156.2,1.75,5.9,5.69,90.0,1
0,52,123.4,7.0,4.8,3.81,87.2,1
0,59,131.1,5.6,4.62,4.69,103.7,1
0,37,107.1,5.15,4.78,4.43,56.1,1
0,41,153.1,5.13,6.07,5.13,73.6,1
0,27,134.5,7.22,4.48,4.29,62.5,1
1,23,142.2,5.77,3.69,4.21,104.4,1
1,20,122.1,8.17,3.83,3.76,102.4,1
0,63,146.1,8.21,5.63,6.24,76.2,1
1,29,166.5,6.01,4.38,5.17,87.6,1
0,59,134.3,5.56,4.06,5.74,66.9,1
0,87,141.3,6.73,4.86,5.04,63.9,1
1,68,167.1,6.24,5.52,4.9,72.6,1
0,60,133.9,3.35,5.77,5.63,92.4,1
1,26,154.6,9.95,4.52,3.99,106.3,1
1,53,149.4,7.79,5.58,4.23,117.0,1
0,83,135.0,5.67,6.19,5.92,69.9,1
0,46,153.4,3.05,4.62,3.74,80.7,1
1,78,151.7,6.18,5.5,5.37,86.2,1
1,69,176.2,5.44,5.07,6.18,89.9,1
1,37,162.9,6.39,5.28,4.87,127.6,1
0,28,139.9,2.61,4.45,3.62,66.8,1
0,19,171.2,5.65,3.96,4.81,86.2,1
1,38,182.0,5.76,5.0,4.22,100.7,1
1,42,182.0,6.15,5.7,5.6,76.2,1
0,65,118.5,6.07,5.68,5.76,72.2,1
1,59,188.0,6.59,5.89,4.87,103.6,1
1,52,154.6,9.24,5.73,4.37,108.2,1
0,70,126.6,5.57,5.48,4.64,47.7,1
0,74,97.2,4.86,5.15,7.81,60.2,1
1,70,158.9,3.39,4.93,3.34,103.2,1
1,83,136.4,5.58,4.69,4.08,85.0,1
0,44,138.7,3.98,5.77,5.87,91.5,1
0,78,111.8,8.23,5.37,6.36,74.0,1
1,48,183.2,6.33,4.1,5.28,104.7,1
0,31,142.2,8.19,5.61,2.83,92.0,1
1,28,192.4,9.14,4.88,5.04,78.2,1
1,24,143.3,4.94,5.34,3.6,103.1,1
1,87,175.5,5.87,5.55,5.65,101.4,1
0,30,107.0,8.9,4.37,4.97,75.0,1
0,78,132.3,6.84,5.84,6.02,71.5,1
0,75,120.0,7.44,5.84,4.91,77.1,1
1,50,149.3,8.36,4.98,6.16,53.6,1
0,84,120.9,8.11,6.45,6.41,93.9,1
0,84,114.9,7.24,6.23,4.82,55.2,1
0,85,109.6,9.01,6.01,5.27,101.9,1
0,54,125.0,6.38,4.54,4.4,59.5,1
0,39,134.8,7.43,4.23,4.72,58.1,1
1,21,176.4,6.18,5.43,4.99,102.1,1
1,79,157.5,8.34,4.27,3.91,103.0,1
0,81,146.4,5.24,5.56,3.83,81.8,1
0,57,109.1,3.47,5.34,4.39,79.3,1
0,23,128.2,7.68,4.45,5.68,70.0,1
1,78,163.9,4.66,5.55,5.77,93.4,1
0,39,138.2,4.49,5.24,6.2,81.7,1
1,58,142.3,8.78,4.92,5.02,87.5,1
0,66,144.4,8.24,5.92,4.56,76.1,1
0,28,126.2,5.88,5.17,3.05,47.0,1
1,22,147.1,1.75,4.62,3.69,99.9,1
1,23,166.0,7.46,4.25,3.9,97.6,1
1,88,152.3,7.69,5.67,3.58,98.8,1
1,87,144.5,7.43,6.97,4.98,124.9,1
1,49,147.7,7.35,4.68,4.22,119.9,1
1,49,140.1,6.17,6.05,5.0,111.2,1
0,47,126.4,5.76,4.05,4.9,86.7,1
0,43,149.2,4.51,4.53,5.15,74.7,1
0,57,135.0,5.24,4.93,3.68,78.5,1
0,44,147.0,7.08,5.63,3.86,79.7,1
0,62,138.5,7.11,5.36,6.07,83.1,1
0,45,123.3,7.92,5.86,4.67,74.3,1
0,63,106.0,3.97,5.15,6.02,82.3,1
1,86,138.5,3.51,5.66,5.59,100.3,1
0,33,123.6,5.82,4.7,4.83,79.0,1
1,22,147.6,4.66,5.95,4.92,109.9,1
0,56,146.1,6.83,4.57,4.62,64.0,1
1,26,173.0,4.14,4.49,3.92,98.3,1
1,34,190.8,8.62,4.32,4.07,97.8,1
0,75,118.0,5.02,5.87,5.43,59.5,1
0,48,156.2,9.37,4.44,5.48,94.3,1
1,58,179.1,7.44,6.36,4.79,85.5,1
1,74,150.1,4.6,5.56,6.52,120.2,1
0,27,141.4,10.27,5.05,6.11,52.2,1
1,52,174.4,6.98,5.46,4.25,75.2,1
1,20,158.1,6.8,4.69,5.47,91.0,1
0,54,129.6,6.38,5.28,5.06,79.7,1
0,34,124.2,7.34,4.96,5.02,78.6,1
0,84,93.2,7.45,5.97,5.56,94.6,1
1,37,158.4,4.94,4.46,5.84,85.3,1
1,32,147.2,6.12,4.28,4.95,110.5,1
1,19,143.0,6.71,5.18,4.07,71.1,1
1,27,164.6,7.55,4.8,4.16,81.8,1
0,33,111.9,7.58,3.69,3.58,68.7,1
0,34,145.7,6.8,4.62,4.17,56.2,1
0,71,137.2,5.51,6.38,6.52,82.8,1
0,82,122.8,5.42,5.53,6.61,65.3,1
1,80,152.1,4.36,5.28,5.02,114.0,1
1,87,134.4,7.57,4.81,4.75,112.4,1
0,83,140.0,5.39,5.3,6.52,65.0,1
1,51,158.7,6.15,4.47,5.41,92.3,1
1,46,160.3,6.93,5.35,3.14,96.0,1
0,65,138.0,6.51,5.4,7.89,94.6,1
1,41,147.3,6.49,4.8,4.83,82.9,1
1,62,132.0,4.87,4.87,6.77,62.5,1
1,90,166.4,6.98,6.67,5.96,93.1,1
1,32,168.1,5.94,4.46,3.7,82.8,1
0,74,121.6,6.34,5.09,5.65,51.7,1
1,86,158.5,8.58,5.54,4.4,98.7,1
0,57,150.2,7.41,5.19,5.03,56.2,1
1,43,173.8,5.47,5.33,3.88,102.2,1
0,36,124.9,6.23,5.5,4.54,54.8,1
0,30,111.7,9.38,5.36,4.82,116.8,1
1,41,137.1,5.95,6.47,5.09,112.9,1
0,72,125.1,6.57,4.46,4.13,63.6,1
0,55,153.4,7.7,5.36,4.52,62.2,1
1,34,146.7,6.89,4.6,2.9,93.8,1
0,57,122.4,5.83,6.46,5.7,84.9,1
1,77,144.0,5.16,5.66,5.72,92.1,1
0,18,127.2,6.48,3.45,3.3,54.5,1
0,19,103.4,1.95,3.04,7.63,105.2,0
1,88,133.0,8.88,5.88,6.18,99.1,1
0,72,146.1,3.86,5.93,5.35,63.7,1
0,60,128.8,9.67,4.87,4.77,78.2,1
1,84,189.8,5.98,5.86,5.11,67.3,1
1,61,137.3,8.16,5.15,4.51,105.1,1
0,56,155.2,5.17,4.84,6.18,69.0,1
1,33,178.6,3.6,5.1,4.91,70.3,1
1,77,147.1,4.14,5.65,4.6,104.3,1
1,73,147.8,5.9,6.13,6.63,106.1,1
0,39,119.3,7.44,5.0,4.7,60.8,1
1,71,140.3,6.56,5.83,4.59,108.2,1
1,71,153.9,6.05,4.74,7.2,78.1,1
1,24,158.9,8.51,5.6,3.49,61.8,1
0,29,110.1,6.5,4.37,3.84,69.9,1
1,61,139.2,13.43,3.68,7.92,35.2,0
1,63,150.8,12.1,5.5,5.55,79.5,1
0,66,131.4,6.49,5.47,4.64,82.9,1
1,45,147.1,5.25,5.53,2.91,100.5,1
1,78,149.2,7.37,4.29,5.59,123.5,1
0,50,126.6,7.82,4.81,4.06,79.8,1
1,33,157.7,7.04,5.34,4.34,104.9,1
0,26,179.3,11.7,4.16,5.74,30.0,0
1,82,164.9,9.17,5.62,4.66,67.0,1
1,69,157.5,8.94,3.97,5.14,128.1,1
1,51,166.5,6.29,4.97,4.45,104.9,1
0,33,133.6,5.34,4.86,3.9,96.7,1
1,25,162.0,7.27,5.44,5.37,78.5,1
0,29,130.5,5.33,4.86,3.68,87.5,1
1,25,173.5,8.09,4.01,4.27,100.6,1
1,56,160.2,7.26,5.82,5.09,113.7,1
0,32,131.4,11.31,5.22,3.12,81.3,1
0,27,131.5,9.15,4.39,3.53,68.9,1
0,38,131.6,4.56,5.4,4.72,77.1,1
1,69,154.6,5.57,5.11,5.31,93.2,1
0,54,130.8,3.05,5.03,4.37,86.3,1
0,29,125.7,2.65,4.52,4.56,60.5,1
0,72,141.3,6.7,5.29,5.68,64.1,1
0,53,144.1,4.35,5.74,5.59,71.2,1
0,31,160.7,9.45,3.79,5.22,81.8,1
0,68,121.1,8.58,6.08,6.45,75.2,1
0,90,138.0,6.01,5.86,5.9,70.6,1
1,57,126.7,5.91,5.02,3.89,113.7,1
0,29,146.5,9.17,4.85,4.31,81.3,1
1,40,135.2,9.59,4.45,3.66,90.1,1
1,61,140.1,4.82,4.34,5.98,82.4,1
1,90,157.0,4.59,5.22,7.04,96.9,1
0,85,119.2,5.96,4.54,5.69,65.9,1
0,86,117.0,7.28,4.88,6.77,63.7,1
1,78,145.9,5.58,4.6,6.54,110.1,1
1,59,166.0,7.31,6.02,5.45,114.9,1
1,65,140.5,10.01,4.6,5.77,97.4,1
0,71,129.1,3.97,5.44,6.27,74.5,1
0,70,124.3,5.7,6.12,4.14,63.4,1
0,64,142.9,4.0,5.87,5.5,58.3,1
0,27,147.0,4.99,4.63,5.04,84.3,1
1,82,125.3,5.97,5.46,4.35,80.0,1
0,18,150.9,5.19,4.78,6.08,62.6,1
0,49,122.9,7.44,6.4,5.96,63.7,1
1,49,159.6,6.77,5.38,5.97,103.8,1
1,90,137.9,7.04,6.15,6.17,96.5,1
0,24,140.2,5.95,6.12,3.63,63.7,1
0,52,170.1,6.11,5.35,3.9,94.0,1
1,44,158.5,5.87,5.75,4.79,121.7,1
1,25,151.6,6.05,5.06,5.13,102.1,1
1,34,154.1,7.25,5.19,5.17,98.9,1
1,48,134.2,3.04,4.54,6.5,89.8,1
1,84,174.3,7.02,4.98,5.4,98.9,1
0,46,137.1,4.94,4.78,4.6,55.2,1
0,82,113.1,5.89,6.16,5.65,89.9,1
1,71,138.7,3.69,5.97,4.38,96.6,1
0,77,129.5,5.85,6.35,6.89,64.5,1
0,80,143.0,7.0,5.59,5.37,70.0,1
0,70,112.7,7.32,5.77,5.63,85.1,1
1,71,170.6,4.36,5.79,6.15,94.7,1
0,29,132.7,7.24,4.77,3.9,60.6,1
0,70,116.0,8.55,5.26,5.65,43.2,1
0,21,127.9,5.61,3.82,4.41,70.9,1
0,71,156.1,6.5,5.37,6.3,80.2,1
1,65,103.5,1.75,7.55,3.35,48.5,0
0,73,118.7,4.89,6.18,2.89,62.7,1
1,64,168.9,6.99,6.1,4.44,81.3,1
0,44,135.8,8.22,5.15,3.53,67.6,1
1,44,144.7,5.42,6.3,6.61,80.5,1
1,61,169.4,11.3,5.43,6.49,81.2,1
1,52,171.0,7.07,5.8,3.1,90.4,1
1,42,161.8,4.21,4.97,3.93,125.4,1
0,53,122.5,8.82,4.51,3.81,108.7,1
1,57,148.4,4.24,5.0,5.33,115.5,1
1,35,161.8,7.09,5.81,3.84,106.4,1
1,64,134.9,4.83,5.2,5.04,69.1,1
1,40,176.9,4.06,4.72,3.56,137.1,1
1,37,182.8,8.23,4.95,5.13,102.7,1
1,48,152.7,6.03,4.89,3.45,80.9,1
1,25,163.8,9.61,5.49,6.75,136.5,1
1,62,172.6,4.67,6.46,6.59,96.6,1
0,71,159.2,3.69,5.47,7.65,87.1,1
0,87,151.7,5.64,6.03,6.29,70.6,1
0,38,107.2,11.7,5.55,6.16,81.4,1
0,57,126.6,8.0,5.32,5.94,84.1,1
0,54,139.1,7.5,4.68,4.18,86.6,1
0,71,122.5,7.56,5.22,5.08,93.8,1
0,63,157.4,5.63,5.59,5.64,76.5,1
0,76,153.8,11.41,5.78,6.56,77.9,1
1,80,140.8,7.32,4.52,5.59,98.3,1
1,26,156.0,7.16,4.53,5.02,80.6,1
1,43,145.5,8.27,4.6,4.56,83.6,1
0,65,127.6,4.21,5.9,4.93,69.6,1
0,57,127.9,4.92,4.84,3.82,92.8,1
1,53,170.0,6.06,4.92,5.46,104.7,1
0,30,120.7,8.28,4.55,4.16,71.1,1
1,59,115.8,4.16,5.76,4.02,94.0,1
0,72,105.7,6.38,6.06,4.91,57.1,1
0,20,119.6,6.12,5.0,4.66,58.5,1
1,61,145.1,3.67,5.98,5.82,100.4,1
0,84,131.4,5.58,6.4,5.51,75.3,1
0,59,114.9,7.48,4.2,6.14,85.6,1
1,87,134.1,3.83,6.06,7.08,96.1,1
0,43,118.8,9.04,4.82,4.6,81.7,1
1,18,142.5,7.34,3.92,5.24,72.9,1
0,67,122.0,7.12,5.21,4.74,60.1,1
0,33,124.7,6.51,5.33,3.49,76.6,1
1,18,169.5,4.53,5.54,3.51,96.1,1
0,31,119.1,5.33,4.06,3.84,83.6,1
1,86,147.0,7.15,6.06,5.33,116.9,1
1,75,145.3,5.33,6.7,7.28,117.1,1
1,38,169.3,6.84,6.07,4.29,120.7,1
0,61,128.6,4.88,3.24,4.88,101.4,1
1,42,172.6,7.31,6.34,4.98,91.8,1
1,30,140.7,7.45,5.43,3.41,131.0,1
1,90,151.3,3.57,4.37,5.93,142.8,1
0,77,120.7,6.62,5.1,6.13,55.3,1
1,44,138.2,3.76,5.81,6.21,88.4,1
0,43,131.7,3.15,5.26,6.04,78.6,1
1,77,179.3,5.43,5.21,5.87,102.3,1
0,51,119.1,11.53,5.2,4.82,48.3,1
1,45,154.6,7.9,5.4,4.75,83.0,1
1,46,136.7,9.01,4.74,5.29,100.6,1
0,50,110.1,7.6,5.07,4.96,70.2,1
1,56,143.6,6.87,5.78,5.04,107.1,1
1,20,152.3,8.11,4.28,3.56,125.3,1
0,53,125.6,5.35,4.38,5.66,55.0,1
0,50,128.6,7.35,4.77,5.27,108.2,1
1,38,132.5,8.62,4.44,4.08,125.1,1
0,43,123.3,7.76,4.68,6.2,47.3,1
0,48,139.7,8.74,4.08,5.15,55.5,1
1,44,136.2,6.83,5.2,3.6,91.1,1
0,84,123.3,9.55,6.18,6.53,60.9,1
1,56,159.8,6.13,4.75,4.51,106.5,1
0,54,119.9,10.31,4.82,4.71,83.2,1
1,37,162.4,7.53,4.84,4.57,99.0,1
0,84,105.8,5.81,5.11,6.46,80.8,1
1,19,172.4,4.38,5.28,4.33,93.9,1
1,58,160.7,5.05,4.74,5.72,103.8,1
0,30,134.8,4.77,4.53,3.18,101.2,1
0,74,146.5,6.34,5.05,4.49,38.9,1
1,45,151.6,4.21,5.68,4.93,97.5,1
1,39,91.9,4.32,6.25,6.8,73.7,0
1,22,179.4,6.7,5.93,4.26,94.6,1
0,75,157.1,6.63,5.74,6.17,79.4,1
1,46,146.0,4.4,5.79,4.2,115.3,1
1,37,209.2,1.75,6.92,6.01,34.4,0
0,79,144.8,2.5,5.02,5.68,108.1,1
0,19,133.9,9.41,4.67,2.47,49.7,1
0,52,140.7,3.95,4.77,5.95,82.9,1
1,29,169.8,4.08,3.64,4.7,96.2,1
0,27,125.9,9.04,5.41,4.62,76.2,1
0,19,141.4,7.2,4.7,3.89,83.4,1
1,31,157.8,6.72,4.44,5.24,87.3,1
0,87,110.0,7.11,5.93,5.59,91.9,1
1,50,141.2,8.22,5.18,6.1,127.1,1
1,90,142.2,6.68,6.6,4.26,95.2,1
1,37,171.2,3.72,5.21,4.8,89.1,1
1,73,168.1,7.82,5.4,5.5,117.6,1
1,24,169.8,7.26,5.18,4.76,110.9,1
1,25,165.1,8.61,4.75,5.76,72.8,1
1,19,165.3,4.25,4.8,3.15,104.2,1
0,83,132.9,5.19,6.38,4.4,86.8,1
0,67,136.4,7.21,4.7,5.02,73.5,1
1,72,160.9,4.8,4.96,3.74,121.1,1
0,85,107.4,2.26,5.42,7.78,51.2,1
1,42,144.9,6.86,4.87,5.68,64.8,1
1,70,138.6,8.11,6.14,5.87,114.5,1
1,54,125.3,11.79,6.11,7.91,54.8,0
0,57,156.1,7.49,5.24,6.28,73.3,1
0,66,97.9,7.23,5.06,4.77,57.3,1
0,52,155.3,6.52,6.2,4.72,86.4,1
1,19,160.4,6.74,5.22,4.69,101.1,1
1,23,173.9,8.93,4.89,4.01,94.2,1
1,54,163.2,4.76,5.79,4.25,79.2,1
1,59,176.7,7.89,4.49,4.7,95.5,1
1,71,213.2,9.98,8.86,2.6,52.4,0
1,59,134.6,5.07,4.78,6.0,90.0,1
0,31,132.3,8.65,5.62,3.48,65.1,1
1,44,164.3,4.32,5.39,4.71,97.4,1
0,50,128.8,6.07,5.31,4.95,83.6,1
1,89,162.0,10.75,6.46,4.53,105.8,1
1,56,154.4,8.35,5.84,5.52,115.4,1
0,64,121.7,5.17,5.42,5.18,72.9,1
1,71,137.6,5.48,5.21,4.58,113.7,1
0,44,126.7,6.19,5.13,4.45,55.7,1
1,88,155.3,8.86,5.66,6.24,105.4,1
0,67,100.9,4.7,5.62,6.22,79.5,1
0,79,117.4,4.59,6.2,5.89,110.3,1
1,72,123.8,7.78,5.76,7.16,88.5,1
0,63,121.4,3.47,5.46,6.26,56.1,1
1,20,177.0,4.86,4.31,4.9,84.4,1
1,60,137.2,6.35,5.49,4.57,88.5,1
0,27,144.8,6.44,3.79,5.56,78.5,1
0,62,173.5,4.04,4.85,4.55,55.2,1
0,69,151.9,7.14,5.8,6.05,79.6,1
0,57,133.3,7.5,5.79,2.94,74.4,1
0,40,145.9,5.31,4.99,4.36,86.7,1
1,22,138.3,9.49,4.85,3.18,105.4,1
0,66,106.8,7.11,5.61,5.06,86.7,1
1,68,154.6,4.69,5.83,3.97,105.8,1
0,52,137.8,9.42,5.06,5.07,91.1,1
1,70,170.4,5.56,4.86,5.82,76.1,1
1,74,145.1,6.82,5.74,4.89,76.9,1
0,55,134.4,5.62,6.4,4.81,73.4,1
1,21,161.3,7.62,4.16,4.62,97.3,1
0,81,126.9,5.63,5.54,5.58,59.7,1
0,52,130.7,5.74,4.95,6.25,82.0,1
1,67,141.5,6.21,6.85,4.72,78.8,1
1,84,156.8,5.6,5.08,6.16,95.2,1
0,44,135.5,8.43,4.96,5.11,72.9,1
0,63,124.1,4.24,5.13,3.83,82.7,1
0,19,145.1,6.43,3.93,4.46,64.4,1
0,82,144.2,6.66,4.84,5.56,93.3,1
0,22,145.0,6.28,5.07,4.0,97.3,1
0,57,115.7,8.24,5.68,6.74,96.9,1
1,43,158.2,3.79,4.71,6.02,124.3,1
0,20,121.3,7.52,5.55,3.71,88.0,1
1,51,157.3,4.26,3.81,5.59,106.8,1
1,86,138.8,5.58,4.93,6.39,88.1,1
1,30,177.2,4.07,4.36,4.73,88.0,1
0,39,144.8,5.9,4.98,3.79,87.2,1
1,31,175.2,5.46,4.59,3.76,69.8,1
1,27,174.1,9.45,4.68,5.02,116.2,1
0,34,129.5,6.93,5.2,5.14,63.6,1
1,59,148.7,7.29,6.16,4.92,89.9,1
0,74,155.7,4.51,5.99,6.66,86.3,1
1,68,151.7,7.83,5.45,6.7,102.6,1
0,74,109.3,9.45,5.46,6.81,68.4,1
1,70,169.1,8.07,6.11,6.74,84.8,1
0,45,134.7,4.14,6.21,4.89,50.7,1
0,83,151.3,5.66,6.03,4.46,42.7,1
0,30,137.6,6.7,4.56,4.31,94.4,1
0,69,183.5,12.42,7.3,1.75,122.1,0
0,26,157.3,11.06,5.14,3.95,59.0,1
0,73,106.6,5.63,5.16,5.12,85.9,1
0,24,125.8,6.42,5.28,3.44,60.5,1
1,33,144.4,5.42,5.05,5.3,85.3,1
1,46,123.5,6.92,5.79,6.39,115.1,1
1,68,167.3,8.99,4.83,7.5,109.5,1
1,21,150.5,6.71,3.67,4.64,98.8,1
0,36,147.0,6.11,4.7,4.57,64.5,1
0,42,138.6,4.57,5.04,4.81,76.6,1
0,71,139.0,8.68,4.38,6.65,83.3,1
0,88,121.4,6.24,5.35,6.97,79.3,1
0,62,119.3,6.16,6.1,5.02,92.3,1
1,55,156.8,2.29,5.54,6.18,82.7,1
1,42,170.6,6.27,5.11,4.99,93.2,1
1,78,152.4,5.78,4.94,4.9,107.3,1
0,25,124.0,3.21,5.53,4.36,63.7,1
1,27,140.3,8.28,4.55,6.07,110.6,1
0,32,136.9,5.54,4.94,5.29,92.7,1
0,37,125.0,9.91,5.2,4.28,73.7,1
0,51,130.8,9.05,5.27,5.86,79.3,1
1,87,148.7,5.2,6.6,6.38,96.2,1
0,65,123.8,8.96,5.72,5.02,69.9,1
0,45,83.9,5.12,3.86,7.02,45.5,0
0,33,142.0,5.49,4.84,3.66,60.1,1
0,65,160.0,4.64,5.63,3.82,86.7,1
0,36,144.8,2.62,4.81,4.13,65.4,1
0,89,152.0,7.18,5.85,5.62,62.8,1
0,52,119.5,4.75,4.97,6.17,88.7,1
0,58,107.2,7.24,4.97,5.9,84.3,1
0,83,128.5,5.48,5.1,5.84,65.4,1
0,40,145.9,5.1,4.84,3.11,70.5,1
1,52,166.3,5.49,4.98,5.31,95.7,1
0,56,149.6,4.16,6.34,3.64,77.3,1
1,37,119.3,5.49,5.55,5.53,89.5,1
1,21,177.7,5.17,4.63,5.23,122.1,1
0,38,138.2,6.47,4.72,4.81,56.3,1
0,26,111.2,6.69,5.16,5.26,49.6,1
0,67,141.2,4.57,6.57,6.25,72.6,1
0,18,137.7,8.48,5.15,4.46,42.1,1
0,41,138.6,6.21,3.98,4.69,61.4,1
0,82,143.8,9.2,6.15,4.44,65.6,1
0,59,137.6,6.93,5.91,4.86,74.2,1
0,67,108.2,6.62,6.72,4.44,71.4,1
1,66,152.3,5.62,5.24,4.41,101.8,1
0,39,108.8,7.61,5.07,4.12,61.2,1
1,64,164.3,6.56,5.63,3.51,92.5,1
0,34,154.6,8.05,4.45,5.56,81.4,1
1,64,136.0,9.39,4.85,5.48,64.2,1
0,67,120.2,5.19,5.64,6.38,80.7,1
1,81,139.7,7.6,4.69,6.34,66.9,1
1,85,145.7,7.55,4.88,6.15,99.4,1
0,19,141.3,7.32,5.17,5.09,79.7,1
1,39,150.5,5.72,5.28,4.92,101.6,1
0,57,141.1,5.76,6.0,6.31,64.5,1
0,41,148.9,5.45,5.29,4.36,76.9,1
1,63,171.2,5.41,5.35,5.24,84.0,1
1,80,136.2,4.99,6.37,5.35,119.7,1
0,36,154.2,6.31,4.69,6.54,85.3,1
1,83,174.7,5.14,5.44,5.09,84.9,1
1,82,176.1,7.28,5.59,6.8,119.8,1
1,84,150.2,6.6,5.93,4.45,102.1,1
0,23,123.4,6.8,4.71,4.55,55.2,1
1,39,142.3,6.01,4.09,4.62,114.5,1
0,27,117.8,6.62,4.65,3.62,97.0,1
1,26,158.6,6.05,4.77,3.92,92.5,1
1,21,171.6,7.9,4.78,4.87,101.5,1
1,50,175.6,5.7,4.88,4.7,97.3,1
1,24,151.3,7.18,5.06,3.61,104.9,1
1,39,156.5,4.15,4.02,5.59,108.9,1
0,89,126.5,7.78,5.98,5.76,90.2,1
0,82,119.3,5.49,6.71,5.94,47.4,1
1,86,163.4,4.86,5.33,6.7,91.5,1
0,20,140.4,4.45,4.73,5.79,86.5,1
1,66,156.5,4.31,5.24,3.26,87.8,1
0,64,136.0,5.63,5.22,5.18,79.4,1
1,27,167.5,9.2,4.19,3.03,82.6,1
0,84,137.7,5.34,6.85,8.13,85.4,1
0,47,119.7,2.52,5.34,5.08,73.9,1
0,89,141.5,7.16,5.33,6.66,84.5,1
0,26,138.2,4.49,4.32,3.96,78.2,1
0,65,124.0,7.97,5.41,4.98,53.2,1
0,27,137.8,5.74,3.5,5.53,103.8,1
1,87,123.3,10.44,8.09,8.33,125.1,0
1,62,171.0,8.66,5.02,6.75,135.4,1
1,23,143.0,7.61,4.98,3.71,63.7,1
1,33,177.6,4.26,5.16,4.46,97.7,1
1,44,156.9,4.52,5.64,5.34,76.1,1
1,18,151.6,3.29,4.97,4.96,120.1,1
0,18,127.1,11.19,5.12,4.74,56.7,1
1,85,137.5,4.95,6.29,4.51,82.8,1
0,89,102.0,8.61,5.54,4.93,76.0,1
0,57,141.5,5.54,6.55,5.45,95.3,1
1,83,182.4,4.56,5.86,4.27,117.6,1
0,65,106.2,6.54,5.36,4.5,70.9,1
1,20,144.7,5.91,4.2,4.43,91.2,1
1,70,165.3,7.94,5.33,4.7,106.3,1
1,19,206.5,1.86,6.89,6.74,149.0,0
1,77,165.8,5.44,5.61,5.46,100.1,1
1,44,155.1,3.91,6.16,4.17,95.1,1
0,28,125.5,4.35,4.59,3.87,81.6,1
1,36,154.0,2.39,5.35,5.87,103.6,1
0,67,94.6,6.01,4.73,5.69,97.2,1
0,79,70.1,1.75,9.15,2.51,30.0,0
0,59,145.3,4.44,4.57,5.23,64.3,1
0,29,152.0,4.23,6.08,3.76,71.1,1
1,83,173.8,6.47,5.56,5.15,96.1,1
0,75,136.1,5.36,4.18,3.34,87.7,1
1,47,122.5,6.12,5.92,4.37,81.5,1
1,58,145.7,5.84,5.32,4.6,117.0,1
1,88,172.1,6.95,5.45,6.25,95.1,1
1,45,180.8,5.48,5.46,4.36,115.0,1
0,19,155.5,5.62,5.08,5.09,109.9,1
0,28,130.7,3.11,5.07,4.33,87.8,1
1,61,135.3,6.41,6.0,5.35,107.4,1
1,90,151.4,6.66,5.9,5.77,116.2,1
1,72,154.0,6.18,5.87,6.07,94.2,1
0,63,154.2,9.94,5.03,6.35,78.1,1
0,41,136.3,6.79,5.47,3.93,63.0,1
0,50,132.3,6.22,4.84,6.58,64.4,1
0,20,136.1,7.4,4.03,3.63,76.6,1
0,45,138.5,10.3,4.95,4.73,74.7,1
1,63,164.1,6.95,5.18,4.78,104.6,1
0,84,117.7,2.5,6.22,7.04,77.2,1
1,85,136.6,7.28,4.8,4.75,95.0,1
1,77,173.9,4.92,6.21,6.19,112.7,1
1,19,134.5,3.04,4.31,2.39,86.7,1
0,77,153.9,9.56,4.08,6.27,78.6,1
0,33,151.5,14.55,5.94,6.61,128.0,0
1,62,146.0,4.87,5.15,4.9,108.7,1
0,87,142.9,4.88,5.97,5.12,74.9,1
1,82,152.8,6.79,5.55,5.58,72.2,1
1,66,134.7,4.91,4.66,5.0,93.2,1
0,39,139.5,6.26,4.52,3.44,104.8,1
1,56,98.3,12.39,5.77,1.7,42.8,0
0,69,126.9,5.78,5.59,6.1,74.4,1
0,55,122.1,3.97,5.17,4.74,76.3,1
1,47,155.8,7.99,5.47,4.23,103.8,1
1,47,147.6,8.67,4.04,4.98,87.5,1
0,61,167.4,6.32,4.99,5.66,85.4,1
1,20,155.4,6.43,5.92,4.99,102.1,1
1,90,146.4,7.63,6.13,6.1,73.7,1
1,25,150.4,6.5,4.6,5.59,58.1,1
0,89,154.8,9.61,5.14,5.82,67.4,1
0,20,110.4,4.13,5.36,4.19,53.8,1
1,55,160.9,8.05,6.14,5.89,102.4,1
1,48,152.6,6.29,4.43,4.32,91.8,1
1,59,133.7,4.48,4.65,4.82,105.0,1
0,49,119.8,10.54,5.3,3.55,80.7,1
0,83,133.5,10.79,5.87,7.29,60.1,1
1,19,146.1,6.13,4.97,6.26,90.5,1
0,89,132.0,7.3,6.84,5.62,67.2,1
0,68,156.1,5.65,4.84,6.05,88.4,1
1,74,156.2,5.94,5.53,6.11,96.1,1
1,28,136.4,4.46,5.25,4.73,115.2,1
0,22,122.1,4.2,5.16,5.53,91.7,1
0,46,128.1,9.82,4.7,3.78,71.3,1
0,41,127.6,6.43,4.65,4.65,64.2,1
1,75,122.4,1.75,3.66,6.87,37.0,0
0,83,133.4,5.04,6.67,4.75,85.8,1
1,49,182.1,6.84,4.55,3.52,95.9,1
0,74,129.5,3.79,5.32,3.83,63.8,1
1,22,141.5,5.11,5.2,3.99,109.6,1
1,72,171.1,4.34,4.83,5.77,112.3,1
1,25,177.4,8.83,4.93,3.9,82.0,1
1,66,110.5,8.95,1.95,2.63,156.2,0
1,45,152.8,4.38,5.19,4.24,106.1,1
0,48,141.5,2.81,5.15,5.09,98.9,1
1,38,154.0,4.9,5.07,4.22,94.4,1
1,47,125.5,5.67,4.58,4.03,97.4,1
1,81,161.4,8.26,5.75,6.46,109.0,1
0,77,142.7,6.1,5.53,4.75,93.9,1
1,42,178.4,5.76,5.81,3.7,103.1,1
0,39,83.8,1.79,7.22,2.88,113.5,0
1,55,158.9,5.7,4.36,3.58,89.3,1
1,67,158.0,10.84,4.91,6.45,93.5,1
0,31,135.2,5.44,4.5,3.7,70.3,1
1,71,155.6,7.24,5.57,5.49,109.1,1
1,87,152.9,7.99,5.6,4.84,106.1,1
0,79,132.3,5.38,5.48,5.59,64.6,1
0,58,142.3,6.8,6.96,4.69,86.6,1
0,41,151.2,5.6,4.71,3.94,70.5,1
1,41,145.6,6.99,5.85,3.38,94.7,1
1,72,151.2,6.68,5.39,4.95,110.1,1
1,51,149.6,6.25,3.86,5.45,110.9,1
1,25,150.0,4.42,4.89,5.11,101.4,1
1,67,130.1,9.85,6.08,4.69,126.4,1
0,28,134.6,7.56,5.2,3.92,44.3,1
0,90,135.2,3.64,5.9,5.64,90.0,1
0,48,129.9,5.74,5.13,4.96,58.4,1
0,42,132.7,3.68,4.73,4.84,72.8,1
1,22,165.1,7.87,5.27,4.05,96.5,1
0,30,155.2,6.46,4.59,4.27,71.8,1
0,87,122.0,6.51,5.32,5.48,61.8,1
0,57,113.7,4.98,5.5,2.97,53.6,1
0,83,127.3,5.93,5.46,5.29,46.4,1
0,87,156.6,7.92,6.47,6.44,72.4,1
0,21,117.5,8.4,5.0,5.67,74.2,1
1,45,166.3,8.02,4.61,5.96,106.3,1
0,79,146.5,3.71,4.9,5.66,92.5,1
0,54,96.1,6.16,4.87,4.01,86.4,1
0,55,137.7,6.96,6.63,4.61,88.7,1
1,59,164.2,5.18,5.14,4.49,83.1,1
1,69,150.1,3.51,5.89,4.11,115.1,1
1,86,142.7,4.18,4.91,4.87,105.0,1
1,82,143.9,9.2,4.98,4.98,79.7,1
1,63,149.8,4.36,5.23,4.0,114.3,1
1,60,150.5,6.59,6.32,6.04,84.9,1
0,44,125.2,6.22,4.29,5.43,57.8,1
1,26,153.2,6.22,4.41,4.48,119.6,1
0,69,148.0,5.92,5.98,5.72,78.2,1
0,18,117.0,7.92,5.63,4.64,56.4,1
1,68,128.0,6.56,5.68,4.7,90.5,1
0,54,149.7,5.37,5.62,6.7,89.7,1
0,75,126.6,6.59,4.99,4.81,56.9,1
1,87,146.5,4.2,4.91,4.24,97.3,1
0,58,129.5,7.36,4.58,5.31,71.9,1
0,59,134.2,5.27,4.76,5.69,114.9,1
1,53,147.8,5.38,5.33,4.79,75.9,1
1,45,164.1,7.42,4.34,6.02,76.1,1
0,24,120.2,5.77,4.91,4.64,63.8,1
1,20,154.5,5.87,4.51,3.66,86.5,1
1,70,120.8,8.6,5.11,4.87,99.1,1
0,84,191.6,10.68,4.74,2.58,30.0,0
0,21,132.3,7.4,4.14,4.49,84.9,1
0,41,143.0,8.21,5.88,5.91,74.5,1
0,62,137.9,8.6,5.83,5.99,59.7,1
0,69,138.3,10.42,4.84,3.97,71.0,1
0,71,129.8,5.34,6.19,5.27,70.6,1
0,68,136.0,4.94,4.76,4.24,91.7,1
0,24,120.2,7.97,5.54,5.79,85.3,1
0,36,115.8,8.19,5.14,3.84,83.6,1
0,52,130.3,5.08,4.23,5.22,62.8,1
0,22,124.6,7.37,3.95,3.81,76.9,1
0,43,154.1,11.4,4.8,3.08,56.0,1
1,46,162.0,6.69,5.61,3.79,107.2,1
0,89,117.4,8.16,5.63,5.56,93.8,1
1,41,152.8,9.34,4.9,5.33,65.9,1
1,88,154.2,11.01,5.74,6.24,98.3,1
1,69,153.1,6.94,4.24,4.18,97.3,1
1,68,158.3,8.76,5.91,5.64,112.2,1
0,77,130.3,5.08,6.36,6.39,66.2,1
1,79,132.2,6.54,6.06,6.04,90.1,1
0,34,101.3,5.7,4.66,4.35,75.4,1
0,48,126.6,3.11,4.59,5.0,82.8,1
0,56,139.8,3.61,4.59,5.26,77.2,1
0,89,122.7,7.27,5.06,7.04,89.0,1
0,20,153.5,7.31,6.06,5.93,82.6,1
0,52,131.1,4.63,5.13,5.62,66.1,1
1,33,226.5,15.0,3.82,8.17,151.8,0
1,33,175.0,4.5,5.4,4.63,105.2,1
0,73,145.5,6.96,5.58,5.53,63.1,1
1,32,139.7,5.75,4.32,4.82,86.7,1
0,75,129.8,6.69,5.84,5.04,53.2,1
0,90,88.0,13.93,7.12,9.3,35.5,0
1,74,157.7,7.86,5.87,4.77,131.6,1
1,30,166.3,7.77,4.23,5.77,86.7,1
0,28,113.4,7.54,4.56,2.58,81.4,1
0,49,160.9,4.21,4.87,4.73,92.5,1
0,58,119.3,8.54,6.11,4.86,56.8,1
0,74,99.7,4.59,4.05,5.69,80.3,1
0,48,126.9,6.31,6.52,4.63,93.7,1
1,30,121.3,5.87,4.37,5.85,92.9,1
1,90,135.7,7.13,5.68,5.58,98.7,1
0,84,167.0,5.63,5.91,4.75,96.4,1
1,65,148.8,6.21,5.57,4.43,92.4,1
0,68,108.8,9.41,5.93,4.93,66.3,1
0,86,128.8,4.17,6.06,6.37,73.0,1
0,52,118.3,6.5,6.4,5.85,101.4,1
1,28,171.2,4.49,5.26,3.48,108.9,1
1,62,179.3,14.81,7.41,6.68,61.0,0
1,50,160.1,5.19,4.82,4.04,106.0,1
0,76,112.2,6.57,5.19,5.26,58.7,1
1,74,192.6,4.12,6.29,6.35,107.8,1
0,52,139.4,8.82,6.23,5.19,68.0,1
0,44,130.4,6.63,5.66,5.38,71.1,1
1,48,151.8,6.75,3.22,5.63,94.5,1
0,64,122.3,7.99,4.01,4.75,89.2,1
1,64,143.2,4.25,5.36,4.13,126.6,1
1,55,143.7,5.39,5.12,4.57,85.0,1
1,56,180.6,6.81,5.25,5.86,114.8,1
0,90,119.7,3.33,6.5,6.34,74.3,1
0,36,101.5,3.52,5.66,4.79,85.7,1
1,30,140.5,5.02,4.95,5.45,102.6,1
1,76,167.3,4.45,4.63,5.65,91.2,1
1,86,148.6,5.88,4.95,5.42,91.4,1
1,62,152.8,7.44,5.37,3.83,96.5,1
0,47,149.8,7.85,5.36,6.08,80.4,1
0,43,121.0,9.76,4.31,4.77,82.2,1
1,52,165.3,6.46,5.58,4.63,143.8,1
0,21,124.9,6.78,3.66,4.33,81.9,1
1,56,164.0,6.46,3.64,6.47,80.0,1
0,37,127.4,7.08,4.43,5.63,93.4,1
1,37,111.4,1.75,7.06,2.16,76.4,0
1,58,167.5,8.16,6.18,5.58,97.2,1
0,88,139.4,8.15,4.76,6.86,60.5,1
0,33,131.2,7.43,3.98,4.97,70.2,1
1,84,145.5,9.22,6.12,5.79,118.5,1
0,55,155.5,6.55,4.96,3.22,83.0,1
1,89,160.9,5.4,6.55,6.9,121.6,1
1,45,150.6,5.69,5.52,3.97,118.6,1
1,90,181.5,2.13,8.63,1.5,45.0,0
0,66,145.8,4.55,4.9,3.7,30.0,1
1,66,201.8,1.75,3.6,2.28,136.0,0
0,59,128.6,4.45,6.49,5.62,52.6,1
1,50,157.7,7.12,5.24,6.04,120.5,1
1,56,160.5,7.14,5.21,5.43,107.3,1
0,80,128.1,3.32,5.34,7.16,73.5,1
0,75,147.6,5.32,4.56,5.14,68.7,1
0,19,154.0,9.79,4.03,4.17,89.9,1
1,68,162.2,7.63,4.88,3.68,86.6,1
0,78,149.8,7.32,4.58,5.04,57.2,1
0,72,129.9,5.3,4.55,3.6,55.7,1
1,54,166.0,7.02,3.74,3.87,101.0,1
1,42,171.9,6.47,4.56,5.41,86.6,1
1,67,169.6,5.07,5.81,3.82,115.0,1
1,66,168.1,5.61,5.2,3.89,99.7,1
1,45,166.0,5.65,4.89,3.32,77.8,1
1,47,185.7,3.82,5.57,5.64,95.1,1
0,44,124.5,4.12,6.07,6.36,59.9,1
1,21,156.6,6.14,6.08,4.35,95.4,1
1,20,155.8,4.97,4.79,5.25,113.6,1
1,24,153.1,5.96,4.59,3.43,95.0,1
1,48,126.4,3.61,4.87,6.07,88.5,1
1,55,176.1,7.94,5.58,4.46,105.5,1
0,47,116.9,10.24,5.01,5.54,68.0,1
1,87,154.8,8.35,5.61,5.72,108.4,1
1,34,136.3,8.53,4.86,2.95,102.6,1
0,46,141.7,7.63,4.52,4.12,58.5,1
1,36,145.6,6.98,3.54,4.87,78.1,1
0,39,116.1,6.66,4.58,3.12,68.4,1
1,60,157.9,4.85,6.17,5.47,105.1,1
1,40,185.9,3.23,7.75,6.34,91.7,0
0,41,124.3,7.64,5.58,5.31,57.0,1
0,66,133.0,5.67,5.09,4.1,60.1,1
1,78,165.2,7.45,5.1,5.96,114.4,1
0,33,121.4,5.25,5.87,5.39,76.3,1
1,26,143.5,5.37,4.14,4.37,94.3,1
0,35,133.9,7.9,4.95,4.63,83.5,1
1,60,163.1,7.27,6.31,6.54,117.3,1
1,88,174.1,6.08,5.79,5.06,115.7,1
1,29,142.0,5.87,4.66,4.1,86.6,1
0,21,130.1,6.81,5.41,5.0,79.3,1
1,56,173.0,3.2,5.28,5.5,115.4,1
0,90,157.6,5.14,5.87,5.58,71.8,1
0,58,116.3,4.22,6.18,4.07,80.2,1
0,85,117.4,6.52,4.15,6.58,67.1,1
1,64,160.3,8.46,5.58,4.17,84.6,1
1,20,150.3,7.36,4.24,6.45,102.9,1
0,49,120.7,5.58,5.01,3.9,88.0,1
0,74,133.3,5.23,5.58,4.49,86.9,1
1,55,178.7,5.14,4.82,5.41,78.4,1
0,32,114.2,10.1,5.02,5.13,93.1,1
0,31,156.4,6.62,5.1,3.74,82.1,1
1,66,145.8,6.86,5.51,6.84,116.0,1
0,51,137.1,2.7,5.23,5.32,60.4,1
1,59,179.0,4.37,5.21,4.96,111.4,1
1,45,161.4,6.42,5.02,5.25,107.7,1
0,42,128.3,5.6,5.08,5.93,55.0,1
0,66,141.2,6.74,4.82,6.77,81.8,1
1,18,156.6,6.72,5.43,4.53,81.4,1
1,49,163.9,7.58,5.08,3.83,98.6,1
1,45,153.4,3.14,4.83,3.77,133.0,1
0,74,142.5,4.51,5.75,4.21,80.0,1
1,71,133.0,6.32,5.4,4.84,97.8,1
1,49,140.9,5.33,5.88,5.01,76.2,1
0,37,112.2,5.94,5.49,4.93,78.2,1
1,35,156.7,6.7,4.98,5.71,95.5,1
1,33,134.8,5.16,5.46,2.79,67.5,1
0,37,122.9,6.85,5.1,4.73,57.5,1
0,73,113.1,7.48,4.8,5.87,89.0,1
1,21,181.1,6.62,5.25,1.89,116.4,1
0,19,120.2,7.8,3.54,4.79,74.1,1
0,57,112.0,2.59,3.14,7.6,90.0,1
0,34,137.3,5.45,5.33,5.38,74.2,1
1,78,178.5,8.11,5.84,5.84,88.6,1
0,72,128.1,4.94,5.71,5.19,108.6,1
1,74,153.0,4.7,6.34,5.69,78.5,1
1,51,175.3,6.27,5.15,6.4,104.9,1
1,49,169.3,6.47,4.91,4.67,88.7,1
1,49,162.5,5.54,5.61,6.05,95.3,1
0,32,125.1,9.82,4.45,5.06,97.4,1
0,59,137.9,7.02,5.14,6.64,75.6,1
0,81,108.5,4.87,5.77,6.6,71.2,1
1,36,148.0,3.91,5.14,4.89,89.6,1
1,22,180.3,7.23,4.53,4.55,105.5,1
0,59,150.6,4.83,4.99,4.9,60.8,1
1,47,162.9,10.37,4.43,5.82,99.8,1
1,76,124.5,7.27,5.07,4.99,97.8,1
0,80,58.9,13.21,5.0,9.19,30.0,0
0,87,118.1,6.95,5.55,5.57,54.9,1
0,46,89.3,4.33,3.41,6.41,123.3,0
0,83,109.9,2.19,4.75,5.86,70.6,1
0,26,130.7,4.33,6.33,3.15,76.7,1
1,45,183.0,8.36,4.56,4.5,65.7,1
1,37,163.3,9.2,4.25,5.34,91.0,1
1,85,155.8,4.28,5.64,5.85,113.1,1
0,61,115.6,3.23,4.78,5.36,50.3,1
1,44,132.0,6.8,5.28,4.1,126.3,1
0,29,70.2,3.72,2.2,8.75,47.5,0
0,75,104.3,6.77,6.21,4.7,73.6,1
1,65,155.6,6.39,5.94,5.94,100.9,1
1,80,158.8,3.17,5.53,6.77,87.2,1
0,49,117.6,5.82,4.14,3.6,95.7,1
0,28,136.4,6.09,4.33,4.19,76.1,1
1,42,178.8,5.51,5.07,4.39,99.1,1
1,63,184.1,3.05,4.62,5.51,114.2,1
0,35,145.1,7.55,4.3,3.85,79.5,1
1,23,156.1,8.06,5.37,3.41,86.9,1
1,78,164.3,5.07,5.66,5.51,99.4,1
0,56,151.7,6.17,5.31,4.61,83.3,1
1,46,126.3,5.61,5.41,4.79,99.2,1
1,58,177.4,5.62,5.17,5.96,78.7,1
1,71,145.7,7.39,5.43,3.96,120.5,1
0,18,127.2,7.43,4.94,4.26,75.3,1
0,50,126.7,8.43,5.64,4.47,68.5,1
1,36,162.2,8.4,5.24,4.74,107.5,1
1,24,141.9,6.19,5.64,3.95,89.7,1
0,20,130.7,11.62,4.71,3.34,50.0,1
1,50,163.9,9.29,4.34,5.35,98.4,1
1,57,158.6,5.32,5.91,7.63,108.8,1
0,55,137.2,6.73,5.08,5.01,70.6,1
1,75,148.6,2.93,5.06,4.85,96.2,1
0,51,142.3,6.55,5.59,4.36,71.7,1
0,61,146.7,9.51,5.54,6.06,73.4,1
0,77,144.2,11.51,4.79,4.75,78.0,1
0,65,136.9,6.28,5.78,6.47,87.1,1
1,84,166.7,7.1,6.78,4.21,111.1,1
0,34,146.7,7.59,5.1,4.85,104.1,1
1,75,193.6,10.06,5.37,6.1,125.8,1
0,68,148.5,4.73,4.42,6.05,62.4,1
1,60,153.7,11.28,6.53,5.82,95.5,1
0,18,121.5,5.93,4.36,4.6,83.6,1
1,57,151.4,4.39,4.41,6.18,71.8,1
1,80,148.0,5.93,5.67,4.71,104.6,1
1,65,162.2,5.04,5.98,4.72,86.3,1
0,18,124.7,7.25,5.41,4.0,72.0,1
0,39,151.0,3.53,4.58,6.12,74.0,1
0,59,110.3,6.75,5.23,5.6,48.3,1
0,77,104.8,7.7,5.56,6.15,112.0,1
0,50,130.0,9.17,5.74,4.84,66.2,1
1,80,140.4,7.73,5.96,6.34,121.4,1
0,76,110.5,9.06,5.7,4.12,51.1,1
0,37,123.7,5.41,5.5,4.37,63.9,1
0,32,122.4,7.21,4.06,4.44,85.2,1
1,83,152.9,2.49,5.9,5.23,96.1,1
1,61,145.6,6.29,5.45,4.93,110.6,1
1,79,145.0,7.2,5.55,6.07,109.1,1
0,85,128.4,7.36,5.53,5.91,63.4,1
0,48,147.4,3.67,5.2,6.03,92.3,1
1,21,235.2,10.89,5.73,5.63,151.4,0
1,84,154.8,6.05,7.3,7.02,78.0,1
0,60,134.4,5.73,6.12,4.62,76.1,1
0,26,131.7,7.81,5.45,5.7,82.6,1
0,56,138.6,6.11,4.92,4.74,72.8,1
1,20,164.9,6.68,4.13,4.73,97.2,1
0,39,153.0,5.62,4.86,3.81,80.7,1
1,43,128.4,8.42,5.11,3.77,73.1,1
1,51,152.4,8.55,4.3,5.54,95.0,1
1,59,160.2,5.94,5.57,2.78,92.8,1
1,79,101.8,15.0,4.5,7.18,150.4,0
0,43,118.6,5.12,3.7,5.55,65.2,1
1,71,134.4,8.31,4.92,5.05,128.3,1
0,86,140.5,4.79,6.43,4.93,67.0,1
0,72,118.4,7.89,5.7,6.81,58.2,1
0,36,107.1,7.75,4.42,6.41,91.7,1
0,67,143.1,4.68,5.85,5.34,83.7,1
0,38,140.1,6.26,4.61,5.91,79.1,1
0,52,130.1,9.86,5.04,6.41,70.3,1
0,64,116.9,5.03,4.68,5.27,69.3,1
0,39,131.4,7.22,5.0,4.32,80.2,1
0,18,153.4,7.1,5.28,4.44,63.7,1
0,79,104.9,6.42,5.3,4.27,102.0,1
1,71,130.4,3.38,5.85,5.93,102.5,1
0,26,125.0,7.99,4.76,4.22,68.6,1
0,45,132.1,6.52,5.72,4.95,67.4,1
0,37,125.9,8.49,4.68,4.78,54.9,1
0,89,137.7,6.92,6.67,5.02,86.4,1
1,86,168.7,6.62,6.1,5.69,87.8,1
1,68,122.1,1.75,7.48,1.5,55.3,0
1,50,164.4,4.72,5.32,4.57,135.7,1
1,21,163.0,9.3,4.44,3.42,69.0,1
0,36,133.5,5.82,4.62,3.93,71.3,1
1,24,139.2,5.85,4.92,2.45,75.7,1
0,75,114.1,8.83,4.81,5.11,66.7,1
1,24,138.3,6.95,4.4,4.92,94.1,1
0,67,128.1,6.07,4.84,5.5,54.8,1
1,87,155.8,7.24,6.05,6.72,105.5,1
0,40,111.3,7.63,5.35,3.94,95.0,1
1,67,155.4,6.29,6.17,4.91,103.3,1
0,82,115.7,8.16,5.43,6.47,87.7,1
1,49,140.1,4.21,4.65,4.9,121.8,1
1,50,146.6,6.97,4.27,5.17,106.6,1
1,32,141.0,7.94,5.04,6.54,61.3,1
0,49,141.2,7.62,5.97,4.75,76.1,1
0,81,126.4,2.47,5.57,5.18,37.5,1
1,66,166.6,6.27,5.41,4.43,87.5,1
0,32,127.1,4.31,4.88,4.38,50.1,1
0,56,125.3,8.81,5.39,6.04,77.9,1
0,69,158.2,5.8,6.03,5.9,61.0,1
0,23,110.4,8.61,5.9,5.75,76.7,1
0,73,149.0,4.31,5.79,5.78,86.4,1
0,32,158.6,7.2,5.22,2.62,58.2,1
1,39,168.6,6.51,4.84,5.35,100.7,1
1,48,151.2,11.48,5.06,5.05,58.1,1
0,54,153.0,8.62,5.14,5.08,51.3,1
0,84,123.8,8.5,5.44,6.78,94.2,1
0,34,123.0,10.15,4.99,4.43,59.5,1
1,36,151.6,7.01,5.31,5.24,88.9,1
0,45,123.9,6.32,5.11,3.93,61.0,1
1,80,138.8,6.12,5.43,4.23,73.0,1
1,88,168.9,7.09,5.8,5.22,83.9,1
1,51,144.3,1.75,4.59,4.74,97.5,1
0,68,129.8,6.5,5.9,5.85,68.6,1
1,84,130.9,6.91,5.41,4.69,115.3,1
1,79,153.6,6.22,4.89,6.94,89.7,1
1,67,137.0,3.74,5.68,4.47,98.2,1
1,57,137.6,6.23,5.56,5.06,89.7,1
1,89,150.5,3.74,5.22,5.79,113.5,1
0,35,149.4,9.69,5.3,4.97,51.3,1
1,44,163.2,6.04,5.44,5.29,104.4,1
1,70,161.6,2.79,6.63,7.44,104.6,1
0,19,133.2,6.13,4.54,3.84,59.6,1
0,54,81.3,2.16,3.91,2.18,118.1,0
1,80,164.9,6.82,5.24,5.52,104.8,1
0,30,125.6,4.86,5.15,5.48,62.1,1
0,76,141.9,5.28,5.54,5.92,64.1,1
1,48,174.7,5.98,5.71,5.16,79.0,1
1,80,140.4,5.71,5.34,4.26,129.3,1
1,64,144.2,4.23,5.64,4.87,91.2,1
0,29,125.9,6.38,4.69,3.7,54.1,1
0,71,107.9,4.1,4.36,5.02,48.0,1
1,22,93.6,1.75,7.33,6.49,132.5,0
1,35,177.0,8.43,3.88,4.23,100.8,1
0,82,113.1,4.69,5.53,5.27,71.3,1
0,81,148.8,5.21,5.53,5.27,80.3,1
0,21,128.4,5.74,4.71,4.16,82.8,1
1,45,188.2,6.44,5.1,4.06,95.0,1
0,24,124.4,6.96,4.78,4.51,70.3,1
1,37,155.1,7.33,5.17,3.93,120.3,1
0,88,114.5,7.29,5.65,5.22,86.4,1
1,32,147.5,9.3,6.45,4.59,102.4,1
0,64,150.7,6.61,5.15,2.96,69.1,1
1,76,160.5,4.16,4.81,7.76,108.9,1
1,82,168.2,3.6,4.78,6.11,104.4,1
0,43,113.0,9.44,5.44,5.15,77.9,1
0,68,140.0,7.42,4.47,4.89,85.2,1
1,53,141.1,6.87,4.47,5.14,102.5,1
1,25,82.2,2.75,2.62,5.23,30.0,0
1,34,102.2,11.3,6.66,8.01,148.8,0
1,72,157.2,7.28,6.28,3.92,81.9,1
1,68,155.0,5.83,4.85,4.22,107.9,1
1,56,166.2,8.4,5.49,4.48,74.3,1
0,75,142.6,5.56,3.94,6.86,74.3,1
1,68,176.2,4.87,4.97,4.37,99.3,1
0,42,114.9,3.46,5.39,5.14,55.9,1
0,39,155.6,6.07,4.8,2.92,71.7,1
0,86,156.6,8.78,6.29,5.74,86.8,1
0,88,122.7,5.68,4.38,7.32,67.1,1
0,20,110.0,4.02,4.26,4.85,76.3,1
1,75,132.7,7.01,5.8,3.63,106.4,1
0,27,93.8,1.75,6.27,7.7,30.0,0
0,80,159.2,9.29,5.91,5.18,75.6,1
0,60,131.3,8.43,5.42,6.3,70.8,1
1,68,144.9,4.21,4.73,5.27,98.2,1
1,69,143.8,6.19,4.97,4.08,74.4,1
1,62,135.0,5.14,6.72,5.12,77.0,1
0,36,146.5,4.41,4.18,4.09,91.1,1
1,76,152.0,6.4,4.69,3.58,110.1,1
1,58,186.7,7.97,5.68,5.0,101.2,1
0,57,140.7,6.35,4.62,5.14,87.4,1
1,41,169.3,5.57,6.09,5.16,77.2,1
0,18,131.6,2.53,6.31,5.28,68.5,1
1,58,138.8,5.3,5.13,4.91,93.1,1
1,43,143.6,7.49,5.23,3.51,85.6,1
0,66,109.9,4.08,4.3,4.57,57.3,1
1,44,170.3,8.81,5.68,4.86,116.9,1
0,89,122.3,5.45,4.39,6.87,66.0,1
0,67,144.6,6.85,4.6,5.34,81.1,1
1,51,157.9,5.78,5.24,4.9,102.5,1
1,69,149.7,4.38,5.76,5.17,114.1,1
1,65,137.0,7.29,4.48,5.29,109.3,1
1,63,159.2,5.42,5.02,6.98,93.5,1
0,60,127.7,5.0,4.3,5.12,55.0,1
1,86,165.9,2.22,5.5,5.48,112.7,1
1,41,146.2,8.84,4.53,4.85,115.4,1
1,49,165.3,6.51,4.75,4.37,134.4,1
1,36,182.0,8.49,5.33,3.31,111.5,1
1,59,159.2,7.62,5.45,3.61,88.4,1
1,90,163.8,8.49,6.09,5.15,91.9,1
0,62,139.4,5.48,5.25,6.3,43.0,1
0,33,162.2,4.03,5.33,5.71,60.5,1
0,85,134.1,7.87,5.65,4.7,56.2,1
1,75,164.0,6.73,5.23,5.36,107.6,1
1,50,155.5,5.66,5.49,5.12,111.9,1
0,28,122.6,7.84,4.57,3.91,106.3,1
1,47,138.2,7.05,4.91,6.12,143.7,1
1,76,172.4,7.65,6.18,6.21,102.5,1
0,60,115.9,4.66,5.88,5.52,65.3,1
0,31,145.1,8.26,4.69,4.68,66.7,1
1,29,164.3,6.49,5.36,3.17,86.1,1
0,88,142.0,8.45,4.95,6.98,110.6,1
1,50,148.3,8.24,4.98,5.52,55.9,1
1,68,142.3,7.74,4.97,5.73,122.7,1
1,44,162.3,6.3,5.06,4.22,83.2,1
0,24,130.2,7.78,5.2,3.89,66.3,1
1,48,137.7,8.5,5.45,5.41,58.7,1
0,68,159.3,7.59,5.67,6.35,90.2,1
0,42,120.9,6.86,5.11,6.39,85.0,1
0,62,115.9,7.78,5.23,4.58,57.7,1
0,49,128.5,5.55,5.86,4.84,90.1,1
0,42,151.6,9.23,4.1,2.96,86.8,1
1,36,124.9,3.47,4.54,2.5,88.8,1
0,37,150.8,6.56,5.2,5.21,42.1,1
1,36,143.7,5.77,5.86,3.95,93.5,1
0,70,134.0,5.35,5.24,3.62,90.1,1
0,42,122.7,7.05,4.87,3.79,59.4,1
1,72,183.7,4.47,4.71,5.75,114.8,1
1,40,158.9,10.37,4.68,5.15,84.1,1
1,41,146.3,4.07,5.44,3.35,95.7,1
1,85,148.0,4.79,6.62,6.81,88.2,1
0,81,130.2,4.62,5.44,4.99,77.4,1
0,47,135.0,6.86,4.63,5.19,85.7,1
1,37,163.9,8.33,5.0,4.77,121.3,1
1,70,154.0,7.45,4.48,5.39,101.6,1
0,23,114.0,9.15,5.49,3.62,48.8,1
0,51,126.8,5.01,4.43,5.0,83.0,1
1,61,164.0,7.69,5.5,5.46,93.6,1
1,67,144.3,5.95,5.58,5.16,93.6,1
0,25,144.6,6.91,5.15,4.59,73.8,1
0,18,135.7,8.5,4.82,5.35,80.3,1
1,38,153.9,3.45,4.97,4.34,90.7,1
0,26,152.3,10.08,5.05,5.11,81.0,1
0,55,105.4,6.24,5.73,4.91,79.8,1
0,85,118.4,3.61,6.75,6.98,84.0,1
1,38,175.7,5.25,4.31,3.49,110.1,1
0,51,159.4,6.68,4.06,6.19,40.5,1
0,33,168.0,5.25,3.97,4.18,66.8,1
0,21,135.7,2.81,3.63,6.32,69.8,1
1,69,161.0,6.67,4.72,5.77,94.7,1
0,36,145.7,5.2,4.14,5.49,59.8,1
0,57,150.4,7.67,5.01,5.0,64.1,1
0,67,135.0,4.58,5.92,5.95,82.2,1
1,79,167.0,10.57,5.96,6.19,105.9,1
1,31,164.8,7.42,4.49,4.49,97.0,1
1,60,162.8,6.85,4.98,5.89,82.9,1
0,84,114.8,7.62,6.87,2.66,88.1,1
1,53,150.8,3.22,5.55,4.48,109.5,1
0,20,127.2,5.61,4.8,4.42,88.7,1
1,37,139.5,9.71,5.03,5.19,85.1,1
0,76,104.6,5.92,5.37,6.39,129.2,1
1,75,147.1,6.39,6.73,5.27,102.1,1
1,40,153.0,5.66,4.89,4.45,85.6,1
0,32,135.4,9.14,4.97,5.42,108.3,1
1,39,165.4,6.06,4.0,5.82,108.2,1
0,35,136.3,4.25,4.54,5.37,75.8,1
0,72,125.9,11.14,5.15,5.3,79.5,1
0,79,115.4,4.02,5.88,7.87,94.2,1
1,21,172.1,6.32,4.25,4.49,99.8,1
0,72,128.3,4.98,5.51,5.63,48.7,1
1,72,147.3,5.24,5.12,6.91,98.3,1
1,62,152.0,4.59,4.67,6.62,111.6,1
1,81,141.9,5.53,4.93,6.26,98.3,1
1,20,151.0,8.27,4.6,3.59,81.2,1
0,69,80.9,9.33,7.89,3.24,130.6,0
1,27,154.0,8.77,4.69,5.01,109.3,1
0,83,138.5,8.46,5.15,7.42,94.3,1
1,54,161.7,7.42,5.13,7.73,81.1,1
0,24,157.8,6.73,4.57,3.94,54.5,1
1,72,172.0,7.0,4.85,6.21,97.7,1
1,72,183.1,9.06,5.53,4.71,88.2,1
1,51,164.3,3.36,6.25,4.91,88.9,1
0,40,107.0,13.88,3.64,6.57,30.0,0
1,19,151.8,5.16,3.81,5.88,107.4,1
0,84,141.0,7.99,6.54,5.89,62.5,1
0,31,124.1,5.4,5.62,4.88,55.1,1
0,79,107.0,7.77,6.44,5.62,63.9,1
1,60,177.9,3.71,5.27,5.54,75.3,1
1,68,135.5,3.45,4.95,5.73,99.2,1
1,68,160.8,6.3,4.88,4.74,100.0,1
0,80,115.8,9.08,6.28,4.08,90.1,1
0,20,151.9,7.47,5.66,3.21,56.1,1
1,90,170.9,7.45,5.2,4.35,101.3,1
0,21,142.8,8.05,3.2,4.6,77.1,1
0,90,146.7,5.79,5.74,5.07,52.3,1
1,37,157.4,7.6,4.41,5.62,100.1,1
0,79,162.6,5.46,5.16,5.8,78.8,1
1,24,169.8,5.93,4.62,2.83,94.3,1
1,51,142.4,6.16,5.41,4.65,78.3,1
1,57,156.3,5.52,4.79,3.23,96.7,1
1,87,150.0,6.38,5.79,4.71,70.0,1
1,27,154.5,6.04,4.73,4.1,101.2,1
1,20,134.1,5.23,3.32,3.55,107.1,1
0,65,136.3,6.25,5.7,7.0,71.0,1
0,21,114.1,6.78,4.44,5.09,91.2,1
0,74,91.7,4.52,4.75,5.18,64.2,1
1,20,153.8,7.25,4.26,5.68,85.1,1
1,88,140.9,5.61,5.84,4.88,95.2,1
0,56,118.5,6.86,5.27,4.82,107.8,1
1,87,105.8,5.3,6.09,6.51,95.1,1
0,27,121.5,8.39,5.07,3.54,104.5,1
1,37,154.7,8.22,4.25,5.36,96.3,1
1,51,146.4,4.61,3.39,5.28,85.4,1
1,20,164.8,7.44,4.77,4.93,125.3,1
0,25,155.4,9.1,5.15,6.12,75.0,1
0,42,140.5,4.79,4.91,5.25,68.7,1
1,71,169.3,4.94,5.86,5.53,111.5,1
1,69,170.7,7.82,4.83,4.03,117.2,1
1,24,143.3,4.15,4.55,4.67,87.5,1
0,22,141.4,5.1,4.18,4.01,85.6,1
0,65,145.4,4.67,5.79,5.19,70.9,1
0,44,126.1,7.85,4.51,4.45,58.5,1
1,75,141.6,5.25,6.76,5.94,88.1,1
0,39,141.1,5.99,4.68,3.89,55.4,1
0,44,110.4,5.15,5.54,5.07,74.5,1
0,34,160.3,14.88,2.42,6.69,30.0,0
1,37,147.3,4.95,5.76,3.12,114.0,1
1,69,160.9,3.97,6.21,5.07,111.5,1
1,52,159.1,3.9,4.99,5.46,91.5,1
0,66,145.9,7.75,5.55,4.62,71.4,1
0,23,120.9,7.88,5.51,4.58,62.4,1
0,57,116.7,8.75,5.44,4.81,75.5,1
0,51,139.8,4.23,4.61,4.09,70.2,1
1,84,140.6,6.08,5.7,6.18,99.9,1
1,48,147.1,10.87,4.67,4.37,119.3,1
1,25,130.6,5.96,4.87,4.84,119.0,1
0,68,134.6,5.49,4.95,4.05,65.0,1
0,28,157.3,6.46,5.04,4.68,84.1,1
1,84,137.2,7.45,4.59,6.24,109.0,1
0,45,147.8,7.42,4.4,5.22,65.0,1
0,75,128.6,5.39,5.05,6.3,95.9,1
0,65,104.0,5.45,5.28,5.88,52.1,1
0,51,164.4,2.27,5.71,8.6,55.9,0
1,60,140.7,5.19,4.77,5.96,96.2,1
1,31,153.2,4.28,5.33,4.28,80.5,1
0,23,141.0,9.75,5.28,4.93,69.4,1
1,73,181.4,5.77,3.97,5.48,126.8,1
0,87,106.8,5.87,5.35,7.41,113.0,1
0,80,83.4,1.75,8.17,3.14,30.6,0
0,40,119.6,6.36,5.23,3.64,72.4,1
1,44,137.6,7.28,5.3,5.11,94.4,1
1,44,158.0,5.66,5.4,4.02,96.9,1
1,69,154.1,8.55,4.86,6.04,122.8,1
0,63,103.5,7.58,5.47,5.93,68.3,1
0,76,129.7,6.16,5.82,4.97,63.1,1
1,86,134.3,5.3,5.75,4.79,92.6,1
0,46,132.6,8.45,4.85,5.04,70.5,1
0,66,149.4,6.21,5.36,4.51,85.9,1
1,54,162.5,4.26,4.53,4.33,99.6,1
1,87,155.0,8.34,6.07,5.28,109.3,1
0,43,124.8,5.19,4.18,5.42,89.0,1
0,31,134.9,8.06,4.38,3.28,68.3,1
1,45,164.9,1.97,5.48,4.22,96.2,1
0,63,137.7,5.84,5.52,7.42,81.5,1
0,87,126.8,8.59,5.41,7.5,66.1,1
0,78,132.5,6.51,4.54,6.65,75.6,1
0,19,115.4,7.58,4.66,4.42,87.8,1
1,55,144.5,4.88,4.85,5.78,99.6,1
1,29,168.7,7.13,5.12,4.23,115.6,1
1,44,169.2,6.51,4.75,2.45,83.5,1
0,86,129.8,6.94,4.64,5.21,80.4,1
0,89,150.3,10.17,4.9,5.35,84.1,1
1,29,165.7,8.85,4.58,4.61,101.2,1
0,28,130.7,7.93,4.89,4.99,68.1,1
1,68,135.9,7.95,4.72,6.85,76.5,1
1,47,177.9,4.86,4.65,4.97,114.1,1
0,49,143.7,5.65,5.61,4.08,52.3,1
1,81,179.9,3.74,6.28,5.44,79.0,1
1,85,239.1,9.64,3.85,3.56,138.4,0
0,83,66.5,1.75,3.87,3.05,30.0,0
1,75,134.2,6.45,5.15,4.78,100.9,1
0,89,85.2,4.29,6.06,6.25,56.2,1
1,70,167.8,6.43,5.26,4.37,102.9,1
1,82,162.6,6.22,6.18,4.85,111.6,1
0,57,132.8,4.46,5.84,5.51,50.4,1
1,21,140.5,9.25,4.96,3.71,99.8,1
0,77,128.0,4.12,5.26,5.22,88.4,1
1,85,155.3,8.51,5.42,5.71,79.2,1
1,40,168.7,2.44,4.01,4.76,99.2,1
1,49,160.2,6.24,5.1,4.11,98.2,1
1,59,165.1,4.34,5.23,5.48,103.3,1
0,65,128.6,5.32,4.55,4.47,70.2,1
1,67,202.4,3.9,8.98,9.3,129.9,0
0,46,141.9,5.88,5.42,4.56,67.3,1
1,80,135.2,4.51,5.1,6.15,90.7,1
0,77,150.1,7.38,6.79,6.2,73.8,1
1,86,170.8,5.86,5.39,5.4,117.4,1
0,60,138.0,6.77,5.8,4.33,51.7,1
1,23,162.9,4.85,4.8,5.12,110.6,1
0,79,154.0,4.94,5.31,4.3,101.5,1
1,23,134.2,5.08,4.54,3.32,121.8,1
0,32,152.4,7.94,5.74,5.19,99.5,1
0,38,126.1,6.09,5.5,4.58,75.8,1
0,31,150.3,4.61,4.79,3.98,73.6,1
0,70,131.8,6.79,4.22,4.95,47.4,1
1,50,137.4,6.64,5.33,4.28,94.2,1
0,34,126.2,7.53,4.16,6.64,89.7,1
0,18,203.9,1.75,3.76,3.08,30.0,0
0,33,71.8,13.44,5.68,6.75,30.0,0
0,68,120.9,7.26,5.05,5.08,76.0,1
1,75,111.4,1.75,2.77,8.27,127.2,0
1,39,166.7,8.1,5.6,3.9,124.3,1
0,23,161.0,6.53,3.69,3.96,80.9,1
1,58,123.1,4.52,5.71,4.89,103.0,1
1,75,195.5,4.5,5.73,4.71,110.9,1
1,23,161.8,6.32,4.7,5.45,91.1,1
1,76,162.1,5.51,5.27,4.88,103.0,1
1,30,151.5,7.86,5.14,4.5,81.8,1
0,36,133.3,5.98,4.68,4.83,38.1,1
1,63,157.6,7.05,5.08,6.69,97.7,1
0,21,119.2,4.97,4.75,4.34,95.8,1
0,40,178.1,1.75,8.35,4.08,66.3,0
1,28,176.0,8.87,3.91,4.23,93.6,1
0,33,110.4,6.23,5.2,4.46,68.5,1
1,74,212.2,1.75,3.88,9.3,115.5,0
1,34,152.0,4.95,4.78,6.41,112.6,1
1,21,144.5,6.47,3.8,4.18,102.4,1
0,33,163.3,9.04,3.84,5.77,69.8,1
0,24,120.3,4.05,4.96,5.24,42.6,1
0,63,113.7,6.41,4.58,4.58,47.1,1
1,89,149.3,3.42,6.34,5.76,101.4,1
0,30,122.5,5.76,4.24,4.56,49.4,1
1,71,154.0,6.97,5.8,4.49,106.6,1
0,44,134.9,3.66,4.71,5.03,82.0,1
0,23,138.2,5.7,4.37,4.53,52.4,1
0,68,128.3,7.02,4.87,5.7,75.1,1
0,33,123.2,6.74,5.16,4.72,58.6,1
0,55,141.2,7.11,5.65,4.5,87.9,1
0,55,129.8,4.75,5.04,7.3,123.1,1
1,61,147.5,7.02,5.67,5.42,96.3,1
1,27,180.5,5.42,4.81,5.71,118.5,1
1,36,155.6,7.79,4.14,5.11,112.2,1
0,71,146.3,2.34,5.69,6.78,73.4,1
0,86,146.8,5.98,5.51,5.02,83.3,1
1,18,178.5,6.68,3.1,4.28,76.9,1
1,48,136.3,15.0,7.16,6.92,45.8,0
1,82,152.8,6.66,4.61,5.13,94.6,1
0,38,132.2,6.84,4.23,5.0,93.3,1
0,50,128.3,7.18,5.0,4.78,64.1,1
1,84,120.1,8.76,5.61,4.4,83.4,1
1,88,163.0,5.81,5.22,5.49,84.2,1
1,65,158.2,3.97,5.69,4.95,111.1,1
1,68,166.6,3.63,5.35,6.15,95.6,1
0,62,129.0,7.7,5.08,3.94,48.8,1
1,38,167.2,6.9,5.0,4.3,112.1,1
1,82,132.1,6.04,6.35,4.96,76.4,1
1,20,141.5,5.45,3.41,5.07,87.8,1
1,22,121.7,6.83,5.51,3.95,92.9,1
0,61,128.9,6.88,4.95,6.16,57.6,1
1,79,141.5,7.36,5.12,5.54,73.5,1
0,77,115.7,4.5,5.31,5.98,87.1,1
1,67,159.3,3.32,4.87,6.34,108.1,1
0,45,126.1,4.86,4.45,3.82,74.1,1
1,44,135.1,4.07,5.57,4.66,102.7,1
1,49,194.3,3.97,5.23,5.36,71.9,1
0,36,132.8,9.33,3.79,4.9,80.6,1
0,48,116.0,2.42,5.52,3.79,79.6,1
1,25,148.5,7.35,5.09,5.13,102.9,1
0,41,130.3,8.13,4.12,4.86,79.6,1
1,86,149.8,8.28,5.8,5.84,114.2,1
1,69,137.4,2.86,7.61,8.29,38.9,0
1,28,157.0,8.88,3.86,1.7,97.3,1
0,38,161.0,9.71,5.14,5.25,52.9,1
0,36,126.9,5.96,4.53,5.25,83.1,1
1,38,163.6,7.31,5.3,4.38,86.9,1
1,68,169.5,8.8,4.86,4.02,89.4,1
1,83,170.6,4.95,6.27,5.18,93.0,1
0,69,149.8,6.06,5.29,6.28,58.4,1
1,53,151.6,5.37,4.83,4.69,96.1,1
1,29,158.0,7.33,4.4,4.6,108.8,1
1,28,121.0,3.08,5.34,4.26,79.7,1
0,77,126.4,9.09,5.12,5.82,74.6,1
1,67,170.7,7.46,6.04,4.15,108.3,1
1,55,169.0,7.56,5.35,4.92,60.5,1
0,60,129.7,2.25,4.47,6.19,101.8,1
1,79,178.6,4.63,5.6,4.75,92.0,1
1,77,147.5,9.18,5.58,5.29,84.8,1
0,24,123.9,6.18,3.91,5.43,73.4,1
1,46,149.4,3.4,5.09,5.59,87.2,1
1,21,142.1,6.9,5.04,4.83,95.0,1
1,46,165.7,7.72,5.77,5.27,86.1,1
0,64,134.9,7.46,6.01,5.62,91.1,1
1,33,166.8,6.23,6.33,4.45,136.9,1
1,28,152.0,8.54,4.82,5.55,107.2,1
0,53,130.8,5.24,5.53,4.64,76.6,1
1,56,122.7,7.47,4.88,4.23,89.5,1
0,70,135.6,6.74,6.58,4.15,90.4,1
0,19,136.6,6.26,4.15,3.83,60.4,1
1,36,140.9,5.82,6.04,4.15,101.6,1
0,74,128.0,5.88,6.54,4.84,66.9,1
0,67,126.4,6.56,4.93,4.28,55.5,1
0,83,155.2,5.97,6.27,6.0,72.0,1
1,77,137.4,7.82,5.83,4.69,84.1,1
0,79,134.1,5.54,5.34,6.07,97.1,1
1,55,139.1,9.32,5.14,5.75,86.4,1
1,87,143.9,5.45,5.86,8.06,97.4,1
1,48,160.4,8.16,5.34,4.55,87.7,1
1,83,149.5,8.23,6.54,5.52,80.6,1
0,46,132.3,6.8,5.43,4.25,83.6,1
0,50,137.0,6.64,4.69,3.95,72.1,1
1,68,146.8,5.19,5.87,4.98,133.5,1
1,47,169.6,5.57,4.06,4.24,113.1,1
1,28,153.6,6.9,4.59,3.49,97.5,1
0,83,127.2,6.42,5.47,5.87,80.7,1
0,51,137.3,8.63,5.56,4.06,72.2,1
1,85,155.9,5.68,6.74,6.21,83.8,1
1,47,166.0,5.79,5.24,5.71,75.8,1
0,89,132.9,3.5,5.52,5.0,59.6,1
1,62,161.8,7.66,4.91,6.5,118.2,1
1,74,208.2,2.82,8.18,3.17,151.1,0
0,73,113.7,8.26,5.38,5.39,82.7,1
1,32,136.4,8.36,4.58,3.04,108.4,1
0,77,104.2,7.92,6.13,4.0,71.8,1
0,86,154.8,8.0,6.39,7.14,66.2,1
0,66,97.2,7.6,4.81,6.51,104.6,1
1,87,170.2,7.88,4.81,7.18,107.3,1
1,79,140.8,3.18,5.53,7.25,74.0,1
1,66,131.2,10.34,7.06,3.51,30.0,0
1,52,122.8,4.23,4.41,5.25,108.9,1
0,80,125.5,8.79,4.98,6.1,61.7,1
0,31,155.7,5.09,5.49,4.0,70.6,1
0,58,141.9,5.38,5.66,5.37,41.1,1
1,77,148.2,6.51,7.03,6.21,91.9,1
1,86,123.3,4.26,5.3,6.41,113.0,1
1,37,137.5,7.18,5.75,4.63,88.8,1
0,24,155.4,2.67,5.06,2.65,54.6,1
0,42,127.6,4.38,4.7,3.48,69.4,1
0,81,127.8,6.86,5.53,6.05,75.6,1
0,56,135.7,4.27,4.9,4.67,68.5,1
0,22,115.3,8.84,4.89,5.04,48.4,1
1,26,164.5,6.58,5.38,3.42,102.2,1
1,42,150.5,8.54,4.81,6.07,88.5,1
0,43,137.1,7.14,5.55,4.02,75.8,1
0,27,125.6,6.48,5.57,5.87,57.7,1
1,54,132.0,4.71,6.11,3.68,116.4,1
0,52,125.4,8.17,4.48,5.58,84.3,1
0,32,143.4,7.29,4.85,3.8,67.2,1
1,34,163.5,10.25,5.34,4.67,101.3,1
1,66,154.9,7.99,4.74,6.29,122.8,1
1,87,165.8,5.78,4.92,6.55,117.0,1
0,90,124.9,7.02,5.73,5.06,98.1,1
1,58,156.0,7.26,5.02,4.61,107.0,1
0,20,127.8,8.59,4.6,2.98,63.9,1
0,83,143.0,8.88,5.36,4.05,84.0,1
1,87,156.7,6.21,7.0,4.99,124.8,1
1,38,148.8,4.31,4.69,3.99,106.0,1
0,47,110.0,3.16,5.46,3.58,60.9,1
1,19,175.7,4.45,5.0,4.2,96.9,1
0,76,118.2,5.43,4.53,5.49,86.2,1
0,74,130.7,9.21,6.39,5.47,77.3,1
0,19,170.4,9.24,5.06,3.66,83.4,1
1,69,166.1,8.23,5.53,4.86,89.2,1
1,48,180.4,8.71,5.75,4.67,94.2,1
0,57,123.2,5.23,5.23,5.88,79.0,1
0,33,149.8,3.77,5.42,4.05,78.5,1
0,77,129.7,4.69,4.43,4.03,65.4,1
0,47,137.8,2.84,5.6,4.65,36.6,1
0,79,159.4,4.49,5.7,5.19,31.7,1
0,28,130.0,5.59,4.94,3.11,71.7,1
1,60,155.3,6.8,4.79,4.84,100.7,1
0,40,119.5,6.74,4.87,4.0,69.9,1
0,88,141.5,5.26,5.57,5.69,75.9,1
1,58,146.8,7.52,4.59,5.54,121.9,1
0,70,145.3,5.29,5.66,4.92,67.1,1
0,24,109.9,6.52,5.7,4.94,77.7,1
0,67,138.5,4.5,4.55,5.06,99.6,1
0,25,124.8,8.46,5.07,4.26,56.7,1
0,44,143.6,6.54,4.81,4.6,99.8,1
1,34,157.4,7.72,4.59,4.51,111.3,1
0,18,127.2,4.31,4.71,3.12,67.2,1
1,60,149.2,6.81,5.35,3.55,60.0,1
1,35,193.5,12.36,2.94,2.87,165.0,0
0,55,144.1,2.82,4.55,5.29,100.3,1
0,73,114.0,8.6,6.15,4.97,64.2,1
0,31,129.9,4.25,4.91,5.58,100.0,1
0,69,135.3,6.88,5.79,7.96,49.1,1
1,39,181.3,9.72,5.71,3.43,101.3,1
1,42,156.7,8.22,3.88,4.8,94.4,1
0,60,127.4,3.82,5.68,5.8,53.9,1
0,63,134.8,6.18,5.25,3.79,70.4,1
0,65,99.4,8.72,5.99,3.93,73.8,1
1,32,139.8,5.03,4.4,5.5,78.8,1
1,60,149.4,5.85,5.86,5.15,108.1,1
0,37,153.4,10.38,2.07,7.65,30.0,0
0,38,165.5,1.75,7.34,6.25,30.0,0
0,87,141.2,3.73,5.88,6.03,97.1,1
0,25,138.4,7.63,4.68,3.24,62.4,1
0,48,134.3,5.38,4.5,4.04,39.5,1
0,50,121.6,6.48,4.93,4.14,69.7,1
0,35,134.7,6.1,5.48,4.4,74.4,1
0,75,137.2,7.58,6.42,4.51,71.1,1
0,53,127.7,6.46,6.37,4.21,86.6,1
1,70,160.7,9.09,5.77,6.25,104.5,1
1,46,144.5,8.28,5.24,5.07,88.3,1
0,83,130.2,5.07,5.91,5.67,85.6,1
0,71,147.0,8.96,6.62,5.81,81.5,1
1,42,133.4,13.02,7.72,6.95,156.3,0
1,88,172.1,6.81,5.77,6.09,97.0,1
0,81,133.2,8.03,5.45,6.0,79.3,1
1,61,155.4,4.63,5.22,4.3,99.7,1
0,19,128.4,4.02,4.92,4.92,67.4,1
0,61,103.8,6.54,4.86,5.43,81.2,1
1,68,83.8,1.75,2.86,8.45,158.0,0
1,44,154.1,10.23,5.02,6.38,105.6,1
1,28,156.6,5.12,4.55,4.67,105.7,1
0,59,152.3,6.57,5.64,4.35,40.2,1
1,76,173.1,6.85,5.94,5.64,112.4,1
0,41,122.6,8.72,5.17,4.83,58.6,1
1,51,168.2,4.71,5.46,4.02,114.4,1
0,18,128.0,3.6,4.74,2.54,51.5,1
0,69,140.3,9.01,3.16,5.32,98.2,1
1,81,165.0,6.64,5.09,6.47,66.3,1
1,74,172.2,7.96,5.93,6.34,103.5,1
1,49,148.7,8.04,4.63,5.23,92.0,1
0,21,150.1,8.35,5.23,5.83,79.0,1
0,53,103.6,5.82,5.74,5.22,99.5,1
1,86,171.8,5.33,5.53,5.54,102.8,1
1,24,158.2,2.91,4.41,4.66,110.3,1
0,33,133.6,4.71,4.9,4.0,95.7,1
1,79,122.5,6.61,5.56,4.44,89.7,1
1,59,149.3,5.24,5.66,4.3,103.4,1
0,30,154.3,4.45,3.45,4.17,93.0,1
1,19,152.7,6.59,4.24,5.16,101.2,1
1,47,167.0,8.92,4.5,3.64,88.6,1
1,61,155.4,6.4,3.8,4.34,105.8,1
1,79,169.0,4.46,5.29,6.3,100.7,1
0,82,131.7,8.79,4.73,5.32,82.7,1
1,51,141.9,5.11,4.93,4.84,89.6,1
1,48,157.0,9.16,4.83,4.62,101.0,1
1,85,176.5,6.03,5.95,7.44,97.2,1
1,74,161.1,6.69,5.36,5.98,91.3,1
0,33,132.0,9.31,3.88,4.89,92.3,1
0,67,164.1,4.07,5.61,5.52,66.6,1
0,70,147.4,4.61,6.9,5.77,63.2,1
1,35,169.8,5.91,5.57,6.36,79.0,1
1,89,156.9,6.25,6.14,5.44,98.5,1
1,39,108.9,6.67,7.24,1.5,52.1,0
0,58,142.6,4.9,4.98,5.19,84.7,1
1,54,122.9,4.15,4.87,5.89,79.2,1
0,68,136.1,4.82,5.56,6.89,49.1,1
0,83,126.3,6.92,4.96,5.13,47.3,1
1,46,148.9,7.39,5.22,5.33,104.1,1
0,46,129.5,5.23,4.69,5.08,88.8,1
0,72,106.5,6.54,4.45,4.19,88.9,1
0,87,101.2,10.0,5.3,6.61,67.8,1
0,84,147.3,6.56,6.41,7.09,77.2,1
0,72,136.7,7.08,5.56,6.18,40.9,1
1,69,117.9,9.9,3.3,4.81,122.7,1
1,74,145.0,5.24,5.11,4.26,116.1,1
0,86,141.6,5.13,6.23,6.3,88.9,1
0,18,131.0,5.65,4.49,3.39,58.4,1
0,60,149.7,5.55,5.61,4.32,68.5,1
0,20,150.7,3.22,4.46,4.59,69.1,1
1,60,134.6,6.75,5.41,5.86,123.5,1
0,46,130.3,6.89,5.11,4.62,88.3,1
0,40,126.3,6.17,4.61,4.61,70.2,1
0,83,148.5,11.94,4.72,8.34,140.5,0
0,69,108.3,6.96,6.35,4.56,60.8,1
0,59,119.0,4.13,5.52,4.84,53.2,1
0,82,119.2,7.02,5.69,4.18,74.1,1
1,25,162.7,7.51,4.27,5.16,79.2,1
1,65,170.2,3.63,5.94,7.81,72.9,1
1,29,165.8,9.13,4.53,4.63,96.9,1
0,35,144.8,4.28,5.26,5.77,68.8,1
1,31,153.9,4.45,5.32,4.38,81.4,1
1,57,164.3,6.86,5.85,3.93,91.8,1
0,63,128.5,7.46,5.95,7.29,79.8,1
0,73,123.1,7.9,6.08,4.7,71.3,1
1,50,184.5,7.51,4.4,5.85,99.6,1
0,86,93.4,5.56,5.17,5.91,72.8,1
0,45,104.4,6.7,4.25,5.97,99.2,1
1,29,163.8,5.93,3.97,4.52,116.4,1
1,20,155.0,6.81,5.62,3.35,97.7,1
1,27,136.7,6.62,4.21,3.94,84.1,1
1,50,140.2,5.59,4.47,7.12,89.1,1
1,48,142.3,5.88,5.09,5.25,78.0,1
1,80,166.4,3.17,5.15,7.56,87.0,1
0,27,152.5,7.99,6.16,4.21,82.4,1
1,37,181.9,7.04,4.79,5.38,87.9,1
1,89,128.3,2.35,6.0,4.62,96.8,1
1,20,138.5,7.93,4.23,4.43,113.7,1
1,48,134.7,6.4,4.12,6.96,105.7,1
0,32,153.1,4.81,4.44,3.93,73.6,1
0,56,137.7,4.65,4.81,4.5,72.1,1
0,89,129.3,5.26,5.3,6.52,72.5,1
0,34,137.0,4.82,3.95,4.78,86.7,1
0,45,131.6,5.07,5.16,6.61,77.7,1
1,50,139.2,9.56,4.95,4.78,93.7,1
1,76,161.1,7.17,4.61,5.58,79.7,1
0,89,125.3,10.16,5.8,6.07,82.7,1
0,25,116.5,6.91,5.23,3.53,77.4,1
1,53,164.3,7.54,5.91,3.89,73.9,1
1,72,147.4,4.91,4.03,4.19,96.3,1
1,18,162.6,6.2,4.23,1.5,100.9,1
0,76,127.5,6.35,4.72,5.44,70.9,1
0,35,146.9,7.62,4.53,3.53,100.0,1
1,55,158.8,6.41,6.06,4.61,120.7,1
0,89,114.8,7.13,5.3,6.7,56.5,1
0,64,135.4,7.07,5.07,4.43,70.5,1
0,90,133.3,5.95,5.25,6.42,90.0,1
0,62,98.0,12.82,8.07,6.28,103.2,0
0,33,149.2,5.3,3.52,4.04,83.7,1
1,68,145.0,8.45,5.09,6.93,88.7,1
0,62,140.8,5.96,4.81,4.85,50.6,1
1,40,131.1,7.09,3.97,5.96,107.4,1
1,23,156.9,6.22,5.41,6.58,91.2,1
0,65,126.4,8.41,4.29,4.92,112.9,1
0,60,152.7,2.92,5.02,4.6,88.1,1
1,74,151.3,7.05,5.46,3.54,82.8,1
1,27,167.4,4.24,4.35,4.8,106.5,1
0,57,104.9,7.2,4.21,5.48,72.8,1
0,77,124.0,6.24,5.45,6.23,82.7,1
1,83,140.0,3.84,5.19,6.91,88.3,1
0,86,165.5,7.11,6.18,4.8,80.0,1
0,33,91.4,13.5,6.86,3.32,40.5,0
0,30,135.1,6.08,6.02,4.35,84.8,1
0,60,132.9,6.31,5.37,5.53,90.4,1
1,51,132.1,6.79,5.52,4.96,144.3,1
0,35,125.6,8.62,4.71,4.01,65.7,1
0,25,140.6,5.93,5.8,3.42,99.3,1
1,28,159.5,8.32,4.83,4.75,100.8,1
0,42,98.3,6.43,4.97,3.97,67.3,1
0,71,70.3,4.93,7.06,2.9,134.4,0
1,22,174.1,6.08,4.34,4.07,109.6,1
0,25,143.3,5.3,4.48,4.17,66.7,1
1,37,175.6,4.52,5.28,3.12,67.5,1
0,81,114.1,6.44,6.05,2.77,87.6,1
0,90,147.2,5.07,6.11,6.56,78.9,1
0,50,131.3,9.03,5.1,6.01,65.7,1
1,21,182.8,4.93,4.88,2.11,77.1,1
0,18,135.2,5.26,5.25,4.74,78.0,1
0,80,98.3,7.55,4.94,5.8,94.4,1
1,50,168.7,8.63,5.15,3.81,84.1,1
0,23,128.0,7.82,3.0,5.27,76.4,1
1,78,147.6,8.41,6.01,6.58,132.1,1
0,56,109.6,6.36,4.77,6.07,88.0,1
1,43,181.0,6.38,4.59,6.43,97.2,1
0,51,124.1,10.12,5.09,5.92,72.1,1
1,34,181.2,9.54,5.28,3.93,89.7,1
0,86,121.9,7.79,7.13,5.74,76.5,1
1,75,139.6,8.49,4.59,5.85,92.7,1
1,32,177.6,8.05,4.37,6.01,92.7,1
0,71,128.8,4.33,5.6,5.19,73.0,1
0,31,132.9,6.43,4.43,4.05,48.6,1
0,51,112.7,9.19,5.67,3.53,71.6,1
1,72,146.9,7.8,5.38,6.23,139.6,1
1,20,165.4,6.39,5.23,4.59,75.7,1
1,70,134.5,9.22,5.3,4.62,122.1,1
0,34,125.5,7.16,5.24,5.37,89.2,1
1,69,147.8,7.86,4.86,5.07,108.9,1
0,54,132.6,7.17,6.37,3.89,66.6,1
1,19,181.3,7.47,3.67,5.58,110.7,1
0,73,125.2,7.6,5.07,3.6,103.2,1
1,36,147.0,8.84,4.09,4.85,114.2,1
1,87,193.5,9.07,6.19,5.64,104.4,1
1,79,146.6,5.69,5.91,4.11,100.6,1
0,32,130.9,7.14,4.15,4.93,64.4,1
0,61,125.5,8.79,5.91,4.6,77.0,1
1,44,152.4,6.26,4.64,6.4,106.8,1
0,61,132.1,4.14,5.55,6.12,76.2,1
0,58,145.0,4.86,5.64,5.36,74.2,1
1,39,163.2,4.99,4.84,2.54,97.5,1
1,65,170.7,5.68,5.92,4.8,127.3,1
1,36,173.1,5.16,4.85,4.15,101.0,1
1,84,155.7,8.35,5.86,6.77,103.9,1
0,87,133.9,6.0,5.54,5.9,40.9,1
0,30,150.6,8.77,3.73,4.89,88.5,1
1,71,137.2,4.47,5.39,6.34,108.9,1
0,85,166.0,5.86,5.15,7.17,84.9,1
0,27,126.6,6.69,5.64,5.85,83.0,1
0,71,124.6,7.96,4.65,5.91,61.9,1
1,86,134.2,8.56,6.43,5.48,96.5,1
1,34,139.9,5.53,4.8,5.07,124.7,1
0,60,145.6,8.29,5.54,5.17,54.5,1
0,76,163.5,3.47,4.71,6.23,56.2,1
0,42,124.3,8.07,4.84,4.33,52.6,1
1,35,162.7,4.09,4.53,5.51,95.5,1
0,46,135.7,7.3,6.35,4.96,98.8,1
1,42,171.8,8.53,4.62,5.19,102.8,1
0,70,163.3,8.1,6.14,4.32,92.4,1
0,45,155.3,3.55,5.78,4.65,44.8,1
0,45,128.9,5.69,5.76,5.3,62.2,1
1,86,126.0,11.74,3.83,3.05,53.0,0
0,60,140.4,7.74,6.38,3.09,99.6,1
0,85,128.2,7.0,6.88,4.59,78.9,1
0,69,113.7,2.54,5.66,5.69,75.3,1
0,82,116.8,8.66,5.35,6.99,79.6,1
0,32,151.0,8.98,4.36,4.43,70.6,1
1,86,171.2,6.79,5.97,5.28,130.7,1
0,86,125.3,6.91,5.73,6.67,106.1,1
0,20,138.9,7.41,4.81,4.41,90.4,1
0,44,150.6,9.13,4.25,5.55,89.9,1
1,48,130.6,6.95,5.14,4.69,91.3,1
0,48,125.5,6.16,5.81,4.59,82.0,1
0,74,121.4,13.44,7.35,9.12,30.0,0
0,68,134.7,6.48,5.17,5.97,69.5,1
0,33,116.8,6.5,4.83,4.37,50.9,1
0,62,132.6,3.32,4.45,4.23,83.2,1
1,89,220.4,12.43,7.33,1.85,138.2,0
0,50,93.8,8.61,4.95,3.62,86.6,1
0,85,131.1,8.34,6.06,5.13,86.6,1
0,65,124.9,8.21,4.95,5.58,92.7,1
0,85,103.9,6.4,5.05,4.2,65.3,1
1,83,153.9,6.76,6.1,4.22,73.8,1
1,19,157.1,8.64,4.43,4.72,126.6,1
1,76,153.0,8.06,5.04,6.93,92.2,1
0,31,128.7,9.18,5.35,5.6,73.4,1
1,78,137.9,5.29,5.85,3.9,116.5,1
0,76,107.6,5.28,5.42,5.87,72.0,1
1,36,147.0,5.9,4.73,5.58,81.2,1
1,22,171.7,4.8,4.96,3.99,129.4,1
1,48,159.7,4.12,5.44,4.75,90.7,1
1,40,156.0,7.34,5.13,5.1,126.3,1
0,58,115.6,7.22,5.34,5.6,81.0,1
0,23,129.1,6.94,4.38,4.8,88.9,1
1,21,170.0,7.14,4.39,5.07,112.5,1
0,49,139.7,3.87,5.03,5.17,68.9,1
1,74,146.4,5.64,4.93,4.92,109.4,1
1,40,117.8,5.97,4.35,4.4,128.3,1
1,41,146.8,6.59,4.96,4.12,118.6,1
0,29,126.9,3.87,5.43,4.17,91.5,1
1,38,143.6,4.83,3.73,5.27,108.9,1
0,39,126.9,5.71,4.75,4.08,73.2,1
0,36,145.6,8.4,5.1,5.68,61.7,1
0,43,132.1,6.97,5.69,3.97,98.8,1
1,38,172.0,8.34,6.05,4.94,90.1,1
1,67,131.7,6.28,5.25,6.09,92.8,1
1,42,152.2,6.5,6.21,5.24,99.1,1
1,73,124.6,7.4,5.77,3.8,78.5,1
0,62,124.4,6.18,5.82,5.36,70.3,1
0,64,114.9,5.38,4.72,4.62,64.7,1
1,60,174.2,3.82,5.57,4.01,78.2,1
0,85,134.6,5.42,6.22,5.9,58.2,1
0,36,148.6,8.01,4.53,3.6,74.0,1
1,89,145.7,8.77,4.17,6.0,116.5,1
1,33,142.4,5.11,4.98,5.97,96.9,1
0,28,118.4,3.38,4.69,4.83,57.6,1
1,78,157.2,8.17,6.38,5.35,90.6,1
0,83,155.9,6.62,5.32,5.52,81.9,1
0,24,140.8,4.08,4.34,5.3,91.0,1
0,61,125.3,1.75,4.61,4.94,90.1,1
1,55,152.7,4.77,4.85,4.68,103.0,1
0,34,133.1,5.67,6.51,3.84,97.1,1
0,56,161.8,4.43,4.29,4.32,67.5,1
1,68,172.7,7.75,4.62,6.16,82.4,1
1,59,159.0,5.04,5.25,4.74,95.3,1
1,55,157.1,6.52,6.41,5.6,118.3,1
1,82,157.3,10.77,6.07,6.21,111.2,1
1,34,165.0,6.71,5.84,3.82,114.7,1
1,63,148.5,6.29,5.11,4.54,98.5,1
1,41,144.2,6.33,4.18,5.34,100.9,1
1,89,167.6,7.7,5.47,5.91,98.0,1
0,36,133.7,7.48,4.87,4.56,61.6,1
0,81,143.1,4.69,5.62,6.04,77.3,1
1,64,179.3,5.76,5.23,6.19,96.6,1
0,33,141.5,5.3,5.25,4.62,67.2,1
1,73,159.1,5.99,5.07,4.95,109.5,1
0,35,181.5,9.79,4.37,4.81,76.4,1
1,37,160.4,7.61,4.23,4.02,118.9,1
0,43,116.3,6.36,5.17,4.99,61.9,1
1,67,150.1,8.74,5.47,5.34,94.0,1
0,46,155.7,6.84,5.74,4.19,48.5,1
0,59,111.7,3.55,6.21,4.82,60.9,1
0,58,119.9,9.5,4.55,4.87,85.1,1
1,32,174.4,6.22,4.89,5.3,110.6,1
0,34,129.5,2.44,4.79,3.89,84.9,1
1,40,155.3,3.62,4.08,4.07,118.3,1
0,34,149.7,8.53,4.59,4.34,82.6,1
0,85,117.7,3.65,6.61,6.21,78.0,1
1,45,134.5,8.93,4.7,5.55,109.1,1
0,47,164.7,12.95,6.94,8.63,30.0,0
0,67,139.0,7.79,5.37,5.98,51.6,1
1,75,157.4,6.04,6.07,6.55,94.8,1
1,68,143.8,7.44,5.24,5.5,96.2,1
1,58,137.8,7.07,5.35,4.44,101.5,1
0,89,124.0,6.43,4.36,5.71,65.4,1
1,83,169.4,4.58,5.99,4.43,92.1,1
0,32,121.3,7.15,5.01,5.0,86.4,1
1,29,148.2,3.23,5.37,4.14,80.1,1
1,46,138.5,8.18,3.97,5.02,97.8,1
0,78,123.7,6.85,5.39,5.48,67.6,1
0,88,133.3,7.34,6.3,5.42,52.1,1
0,69,161.8,1.79,5.1,5.58,70.3,1
0,68,133.5,4.47,5.45,5.25,63.0,1
0,35,132.7,5.59,4.68,4.13,68.5,1
1,61,167.8,7.71,5.08,4.23,101.3,1
0,31,144.3,4.8,5.57,4.94,42.0,1
0,57,122.6,11.09,4.4,4.05,91.4,1
1,32,192.3,6.03,4.85,6.26,143.7,1
0,23,134.3,4.67,4.9,5.62,60.0,1
1,88,155.7,6.16,6.28,4.33,92.6,1
1,83,161.0,4.79,5.57,6.22,88.9,1
1,68,159.4,4.37,6.0,6.38,84.2,1
0,63,153.6,8.32,5.31,4.73,106.1,1
0,35,124.7,7.42,5.0,5.02,70.1,1
1,59,166.9,7.43,5.33,5.07,110.4,1
1,72,156.3,8.8,5.87,6.05,118.3,1
0,57,146.0,7.38,5.58,4.74,91.6,1
1,38,154.0,4.58,4.3,5.67,115.7,1
1,46,151.1,7.78,5.22,4.79,79.6,1
0,79,140.1,4.47,5.91,5.29,90.7,1
1,36,162.8,5.64,5.82,5.3,93.0,1
0,88,115.9,6.42,5.11,6.57,102.1,1
1,73,173.9,6.24,5.82,3.36,87.4,1
1,82,163.8,3.28,5.42,3.03,83.2,1
1,55,154.4,4.76,5.34,5.41,99.0,1
0,34,126.6,6.46,4.27,4.08,83.6,1
0,20,140.5,5.4,4.69,3.21,46.3,1
1,57,165.2,8.53,5.45,4.8,92.9,1
1,47,132.4,8.84,4.52,7.56,82.0,1
1,26,164.0,4.48,5.66,3.32,111.3,1
0,85,138.3,6.61,4.75,6.5,67.9,1
0,88,92.9,9.35,6.04,5.07,93.4,1
1,45,159.4,6.26,3.62,3.59,87.6,1
0,66,140.8,5.77,5.24,4.77,80.0,1
1,48,164.9,8.05,5.41,3.68,77.8,1
0,54,143.6,6.01,5.64,3.67,73.2,1
0,63,125.8,8.79,5.28,4.61,58.8,1
0,48,116.6,5.43,4.98,3.98,97.4,1
1,76,126.4,5.65,5.88,5.39,116.0,1
1,31,174.3,7.92,5.44,4.77,100.9,1
0,66,140.9,6.68,6.22,4.61,90.8,1
0,89,145.6,6.7,4.96,6.35,69.1,1
1,80,142.1,3.06,5.48,5.0,109.3,1
0,21,147.0,5.86,3.4,4.28,72.0,1
1,26,135.9,8.06,3.97,2.57,105.1,1
0,63,117.7,5.09,4.92,5.33,77.1,1
0,85,130.4,7.76,6.19,7.73,75.5,1
0,79,139.0,6.98,5.3,6.3,48.9,1
1,83,177.9,6.14,5.47,5.5,90.6,1
0,28,130.6,8.94,5.0,3.52,100.7,1
1,55,142.5,5.89,4.82,6.57,97.1,1
0,70,116.2,6.01,4.25,5.26,64.9,1
0,63,120.4,6.12,4.9,4.65,76.0,1
1,74,186.9,6.64,5.44,4.9,77.0,1
1,33,169.1,7.88,5.18,6.53,90.7,1
0,51,148.6,3.85,5.04,4.91,77.5,1
0,50,128.4,8.06,5.42,5.41,82.1,1
0,86,128.4,6.62,6.24,5.54,81.7,1
1,32,168.3,7.5,5.55,4.58,120.5,1
0,41,125.3,10.81,5.12,4.44,64.1,1
0,19,130.7,5.58,4.0,5.66,50.6,1
0,29,124.0,4.3,4.09,4.62,68.2,1
1,89,145.4,6.85,5.04,4.51,92.2,1
0,79,129.8,7.13,4.94,5.93,78.9,1
1,36,145.1,8.07,5.0,4.62,93.6,1
0,69,134.4,5.53,6.57,5.72,77.8,1
0,61,135.2,5.01,5.44,4.92,76.8,1
0,84,125.9,3.74,5.61,5.19,89.6,1
0,39,120.7,4.04,5.56,5.58,73.9,1
0,90,129.6,5.75,5.25,7.47,79.7,1
1,45,148.9,6.29,5.7,3.23,125.1,1
0,70,130.7,10.22,6.03,5.47,51.1,1
1,47,172.8,3.45,5.14,4.45,101.2,1
0,67,111.5,7.1,6.66,4.52,73.7,1
0,42,165.4,5.19,5.7,2.9,74.9,1
0,79,128.0,6.9,5.61,5.9,84.8,1
0,64,136.8,5.5,5.27,4.84,62.8,1
1,39,145.8,8.36,4.73,4.29,89.5,1
0,88,145.3,8.35,5.64,6.84,87.5,1
1,69,152.2,6.3,5.37,4.98,97.2,1
1,49,150.2,9.09,4.94,4.55,84.2,1
1,27,149.7,7.87,4.68,3.34,109.3,1
0,89,124.1,9.01,5.02,4.96,86.1,1
0,73,136.0,6.42,5.15,6.78,78.1,1
1,66,157.0,8.21,4.43,5.87,105.5,1
0,78,128.6,5.12,5.82,6.72,84.4,1
0,62,120.1,4.93,5.38,4.48,73.8,1
1,34,146.1,10.42,4.84,5.01,102.4,1
1,35,150.6,4.55,5.46,5.64,79.9,1
1,23,165.6,5.72,4.23,4.98,94.1,1
0,22,90.5,1.75,3.08,2.8,33.9,0
1,71,165.9,4.98,4.58,5.78,132.5,1
0,80,129.0,4.71,6.21,5.6,77.8,1
1,29,163.9,5.29,5.2,2.46,83.9,1
1,59,152.6,7.04,6.08,5.56,93.6,1
1,27,132.2,7.47,5.75,5.08,75.6,1
1,48,153.0,4.69,4.87,5.99,108.5,1
0,75,123.9,5.08,5.1,4.78,76.4,1
0,77,113.7,8.45,4.48,5.51,61.5,1
0,87,119.8,9.57,5.05,4.31,73.5,1
0,40,135.0,8.76,4.81,3.35,84.6,1
1,87,99.4,9.02,3.16,9.3,43.6,0
0,75,118.8,8.64,4.88,6.64,65.4,1
1,42,222.1,3.18,7.28,3.89,78.4,0
0,41,108.9,3.45,5.55,5.21,79.2,1
0,25,131.8,8.45,4.34,6.34,61.8,1
0,85,111.0,6.91,5.75,5.35,76.6,1
1,32,146.5,5.91,6.0,5.45,65.9,1
1,37,154.3,6.69,3.87,3.55,101.8,1
1,48,141.4,7.3,5.77,2.13,140.3,1
0,28,142.8,8.58,5.05,4.13,89.8,1
0,76,149.7,8.49,6.3,5.41,73.2,1
1,68,166.8,3.79,6.0,5.57,103.1,1
1,29,173.5,5.33,4.44,4.41,105.6,1
0,29,113.4,6.67,4.84,4.91,82.5,1
1,19,111.7,2.59,6.05,3.6,151.0,0
0,87,135.3,1.75,5.39,6.4,43.6,1
0,49,145.2,5.4,5.15,4.29,69.1,1
1,65,180.8,3.75,5.56,3.04,90.2,1
0,28,150.2,4.04,5.29,3.59,71.8,1
0,34,147.0,8.27,5.86,5.89,62.4,1
1,57,194.8,5.54,4.99,4.69,107.8,1
1,33,159.1,2.3,5.58,5.27,128.0,1
0,62,126.5,6.21,5.49,5.82,89.6,1
0,85,131.2,10.16,4.89,5.65,75.1,1
1,40,143.3,3.25,4.91,4.72,120.6,1
1,62,155.8,7.46,5.4,4.64,113.1,1
1,84,126.7,9.32,5.16,7.68,111.0,1
1,83,176.3,2.32,6.29,7.38,36.5,0
0,18,133.5,9.97,4.03,5.37,70.6,1
1,26,172.6,5.31,4.46,5.27,105.9,1
0,89,144.8,9.1,5.22,6.33,108.7,1
0,85,114.0,8.68,6.41,5.59,97.7,1
1,41,188.0,6.44,3.54,3.49,106.8,1
0,55,133.7,3.82,5.29,4.07,77.0,1
1,59,158.7,4.7,5.6,4.48,110.3,1
0,66,106.1,2.28,4.81,5.65,83.2,1
1,72,144.5,7.57,5.34,6.24,122.4,1
1,45,172.2,7.35,4.87,5.18,81.7,1
0,82,131.3,6.64,5.58,5.87,76.5,1
0,22,136.4,6.28,5.13,5.38,84.4,1
1,20,162.4,8.94,5.04,2.52,118.3,1
0,87,106.7,7.04,5.35,3.75,105.5,1
0,30,132.6,5.5,3.95,3.21,51.5,1
0,90,149.1,6.77,5.85,6.63,65.6,1
1,38,173.5,10.19,4.58,2.95,96.8,1
0,44,130.7,7.62,4.74,4.87,55.5,1
1,20,182.5,5.8,4.83,3.58,121.9,1
0,86,109.5,6.42,5.43,5.86,78.1,1
0,44,118.0,7.33,5.24,4.75,91.7,1
0,30,162.0,5.74,6.36,4.83,70.8,1
1,53,164.4,5.58,5.61,4.7,104.7,1
0,29,129.8,6.48,5.64,5.22,52.9,1
0,75,186.0,4.87,7.57,3.27,116.6,0
1,23,146.6,7.92,4.79,5.6,81.5,1
0,54,135.7,5.76,5.53,4.75,48.9,1
0,46,135.4,8.06,5.38,4.14,89.6,1
0,20,101.4,11.42,3.67,1.5,30.0,0
0,21,117.5,7.12,4.75,6.2,88.8,1
1,55,159.5,6.96,4.44,5.05,96.9,1
1,46,148.5,2.7,4.21,5.67,115.1,1
1,27,143.5,1.75,5.08,5.25,111.6,1
1,28,177.2,6.91,4.14,5.25,95.5,1
0,76,161.9,4.96,5.95,6.67,78.7,1
0,71,193.2,1.75,4.82,6.42,127.0,0
0,62,140.6,5.02,5.2,4.37,91.8,1
1,78,149.2,8.16,6.3,5.6,99.3,1
0,23,133.6,7.14,4.9,5.57,78.4,1
1,68,160.3,7.89,5.44,6.47,77.2,1
0,72,123.5,7.32,5.52,5.4,62.3,1
1,32,177.6,4.85,4.38,5.54,86.5,1
0,57,100.8,7.9,4.68,4.76,82.5,1
1,73,149.3,7.55,4.51,4.72,89.0,1
1,62,166.8,6.29,4.89,4.04,100.7,1
1,36,144.7,6.61,6.22,4.6,95.2,1
0,66,126.8,7.93,4.49,5.01,75.2,1
0,73,138.6,5.15,4.79,6.36,88.6,1
1,18,182.0,8.46,4.19,4.87,99.3,1
0,59,111.7,7.52,4.83,5.23,71.1,1
1,54,135.1,6.5,5.37,5.13,104.6,1
1,44,188.7,4.3,2.86,1.84,90.9,0
1,21,135.8,4.17,4.6,2.82,97.7,1
1,24,136.6,5.67,4.25,3.42,77.8,1
1,72,139.2,5.27,5.19,6.15,78.9,1
0,78,147.7,7.14,5.53,5.44,70.7,1
0,48,68.4,15.0,3.81,6.33,110.0,0
0,86,128.9,4.73,6.88,6.95,39.4,1
0,85,114.2,12.45,5.66,7.23,70.9,1
1,66,163.9,5.31,5.26,6.4,104.0,1
0,60,159.1,7.15,3.8,5.58,94.8,1
0,88,114.9,6.5,5.86,6.02,75.1,1
1,62,180.7,6.58,4.14,5.22,102.7,1
1,86,157.9,5.07,6.02,5.87,107.0,1
0,89,128.4,8.42,5.82,6.35,76.7,1
1,32,207.4,1.75,3.79,7.24,117.7,0
0,66,136.3,3.32,5.01,5.73,106.9,1
1,71,181.8,4.48,5.48,2.47,83.7,1
1,77,161.1,9.1,5.96,6.58,105.1,1
1,43,164.8,8.75,4.49,5.04,85.5,1
1,80,146.7,2.89,5.97,4.38,100.7,1
1,53,168.3,7.96,5.53,5.24,103.8,1
1,46,142.0,2.93,5.01,5.19,94.3,1
1,29,159.7,6.45,5.78,3.17,78.2,1
0,41,176.1,4.33,5.32,4.24,67.8,1
1,89,83.9,14.49,2.74,7.86,68.8,0
1,70,97.8,11.65,7.45,2.47,109.7,0
1,71,158.0,8.26,5.07,5.93,123.0,1
1,83,149.3,5.97,6.12,5.1,100.6,1
1,37,154.2,6.16,5.13,4.82,107.6,1
0,66,131.8,3.8,3.8,5.98,58.5,1
0,45,128.7,4.65,5.44,4.51,71.0,1
0,79,132.4,8.21,5.45,6.28,65.0,1
1,48,104.0,2.76,3.33,9.3,135.3,0
1,80,183.3,6.69,5.35,6.36,82.6,1
0,72,126.0,8.77,5.95,5.98,65.3,1
0,74,138.1,4.16,4.96,6.25,105.7,1
1,85,142.5,7.8,6.34,6.06,109.0,1
1,75,167.5,4.38,4.61,6.26,104.4,1
1,41,167.9,9.16,5.19,3.76,102.5,1
0,56,137.7,7.48,5.7,5.05,95.7,1
0,52,116.4,8.24,5.63,5.39,71.7,1
0,22,123.5,5.24,4.84,4.37,86.1,1
0,61,156.2,10.43,5.19,7.47,38.6,1
1,49,144.6,10.1,4.81,4.81,95.7,1
0,46,142.0,7.27,4.36,3.32,68.7,1
1,26,144.2,8.62,4.38,4.57,88.4,1
1,54,170.7,5.96,4.63,5.83,108.8,1
0,60,120.7,4.22,4.62,4.41,72.0,1
0,25,120.1,7.93,5.86,4.47,69.8,1
1,64,143.9,4.85,4.33,5.21,86.4,1
0,30,125.7,8.86,5.53,4.55,66.6,1
0,28,85.8,3.01,5.37,2.2,30.0,0
1,47,157.3,6.92,4.49,5.93,92.6,1
1,46,140.0,6.82,4.47,6.87,76.1,1
1,84,152.2,8.28,4.99,4.92,122.4,1
0,22,117.6,6.99,5.28,3.26,83.1,1
0,43,142.4,5.77,5.4,4.47,86.8,1
0,71,142.3,3.77,5.33,6.69,54.7,1
0,36,133.0,8.23,6.56,4.49,85.4,1
0,89,132.2,7.16,5.72,6.11,65.4,1
1,72,180.1,11.46,5.52,4.62,102.8,1
0,87,125.9,6.33,5.29,7.35,72.5,1
1,87,138.1,7.04,5.22,5.47,78.7,1
1,25,167.2,7.09,4.46,4.72,80.7,1
1,51,138.9,7.67,5.68,4.3,107.4,1
0,72,126.6,4.76,5.82,4.64,84.0,1
0,18,126.2,6.36,5.44,4.36,51.3,1
1,50,145.5,7.99,4.72,5.09,114.6,1
0,68,126.4,5.9,5.77,6.14,68.7,1
1,75,167.0,7.92,5.71,3.98,79.5,1
0,48,148.8,6.67,5.38,4.1,65.2,1
0,81,142.8,7.22,5.1,5.0,54.7,1
1,67,159.3,8.57,4.78,5.45,87.5,1
1,21,155.0,6.09,5.04,3.4,88.9,1
0,38,97.8,3.89,5.49,4.67,80.6,1
1,86,157.9,6.02,5.32,5.14,111.5,1
0,18,101.0,5.01,5.04,4.24,87.8,1
1,25,129.6,2.67,5.49,3.8,108.0,1
1,43,154.3,6.31,4.83,3.95,68.6,1
1,90,156.0,6.86,4.89,6.06,77.8,1
1,69,88.6,3.5,2.68,8.85,70.9,0
0,28,157.2,4.45,4.41,5.29,65.4,1
1,46,163.3,6.66,4.82,5.92,95.2,1
0,86,124.7,8.53,5.67,6.83,84.8,1
0,33,154.5,5.47,4.89,4.52,92.0,1
0,60,154.5,7.47,5.14,6.88,81.1,1
0,51,139.6,9.38,5.57,5.7,60.7,1
1,73,88.0,1.75,6.73,8.14,44.4,0
0,72,121.5,6.99,6.24,4.84,58.5,1
0,78,107.5,8.59,6.13,5.7,93.3,1
0,26,133.8,5.87,5.31,5.31,85.2,1
1,51,140.1,9.0,4.77,4.81,98.2,1
1,68,149.3,7.64,5.35,4.49,77.0,1
1,48,160.1,9.68,5.55,5.67,110.8,1
0,66,100.6,7.55,5.27,4.31,77.1,1
0,64,111.6,9.83,4.94,5.55,62.7,1
1,45,148.9,7.04,4.63,4.94,96.4,1
1,25,114.8,8.0,6.69,6.1,152.6,0
1,88,144.8,5.36,5.02,7.36,92.7,1
1,78,149.1,8.33,7.29,5.58,83.4,1
1,83,142.1,8.3,4.47,4.59,102.0,1
1,39,135.4,5.94,4.4,4.82,100.7,1
0,41,124.9,9.75,5.37,3.26,44.6,1
0,41,129.7,5.86,4.61,5.14,72.0,1
0,20,130.3,7.33,4.49,5.17,59.4,1
0,30,135.7,7.28,5.09,7.03,79.7,1
0,40,139.3,4.11,5.62,4.89,47.4,1
1,90,162.2,6.3,5.59,5.21,80.4,1
0,32,124.3,10.78,5.43,4.83,37.5,1
0,55,107.9,4.84,4.21,6.4,80.0,1
0,57,101.9,13.23,6.1,9.09,30.0,0
0,44,138.4,4.42,5.36,5.63,53.3,1
0,85,114.2,4.82,6.86,6.38,73.9,1
0,24,138.8,3.95,4.18,4.94,69.8,1
1,81,168.9,8.19,4.93,4.36,108.6,1
1,72,179.7,4.93,5.68,4.13,109.7,1
0,40,136.8,8.78,5.03,3.38,90.0,1
1,74,169.5,5.54,5.08,4.4,122.9,1
1,49,138.0,6.73,4.4,4.01,113.1,1
1,88,151.7,7.24,5.41,7.43,104.4,1
0,20,130.0,3.59,5.01,3.76,75.3,1
1,20,164.1,6.87,4.5,4.49,105.2,1
0,57,155.5,7.13,5.96,4.92,43.5,1
0,85,132.2,8.55,5.59,5.87,72.9,1
0,22,120.7,4.77,5.09,4.5,44.7,1
1,74,134.6,5.03,5.68,4.35,87.7,1
0,86,96.0,3.84,3.87,3.3,109.0,0
0,53,139.4,9.04,5.69,4.45,79.5,1
0,81,135.6,5.43,4.88,4.98,84.1,1
0,73,124.5,4.28,5.16,5.18,92.9,1
1,33,161.7,5.93,4.65,5.39,82.1,1
0,80,114.2,4.68,5.83,5.04,65.1,1
0,69,135.9,7.22,5.81,5.46,90.7,1
0,18,117.6,4.56,4.18,4.72,64.2,1
0,59,125.7,8.25,4.71,5.41,63.2,1
0,65,120.9,6.88,5.42,5.48,84.9,1
1,76,104.5,8.31,4.62,4.26,106.6,1
0,74,124.4,2.14,6.11,5.59,89.1,1
0,52,118.3,3.34,5.05,4.22,80.8,1
1,39,153.9,8.83,4.28,3.2,91.0,1
1,31,157.9,5.2,4.15,4.2,117.2,1
0,24,161.1,3.86,4.95,4.01,85.4,1
0,64,135.2,6.14,5.53,7.94,73.9,1
0,88,133.2,6.94,5.26,6.64,88.7,1
1,23,166.1,6.22,4.68,5.17,95.9,1
0,69,143.2,7.34,4.76,5.01,60.5,1
0,60,137.8,7.1,5.14,5.03,75.7,1
1,30,162.2,7.0,5.74,6.91,125.4,1
0,33,144.4,8.93,6.17,4.09,88.3,1
0,38,96.8,6.47,4.84,4.99,79.1,1
1,68,185.5,6.42,5.68,7.02,85.0,1
0,39,156.9,7.95,5.22,4.13,55.2,1
1,78,156.5,7.49,4.54,5.69,95.2,1
1,44,135.4,4.87,4.37,4.86,88.1,1
0,25,152.7,6.33,3.39,3.7,72.5,1
1,24,148.2,7.29,5.03,5.18,98.5,1
1,47,164.3,5.44,6.27,3.94,76.0,1
1,47,137.1,5.53,5.74,5.64,84.8,1
0,71,163.3,4.0,5.49,5.81,69.2,1
0,52,110.2,1.75,5.12,5.85,80.1,1
0,29,135.1,5.83,4.62,4.41,79.6,1
1,33,157.1,1.75,7.73,7.69,139.0,0
0,59,130.5,4.53,5.41,6.1,55.6,1
1,42,150.4,8.98,5.07,3.57,82.9,1
1,67,171.4,4.62,4.74,4.25,110.3,1
1,85,202.5,14.95,4.05,4.25,130.7,0
0,43,149.8,7.25,4.96,5.6,74.7,1
0,58,115.8,10.42,5.51,5.28,80.2,1
1,78,149.0,7.47,6.17,6.39,117.3,1
0,33,129.8,3.9,3.91,4.33,54.3,1
0,55,138.9,8.4,5.05,6.24,91.9,1
1,40,117.5,15.0,3.38,8.06,159.9,0
1,63,165.5,3.31,5.03,4.56,123.2,1
1,72,157.8,7.65,4.81,6.72,119.7,1
1,28,168.1,8.05,4.38,5.3,98.0,1
0,31,120.4,6.12,4.21,4.21,61.3,1
0,19,140.9,2.14,5.18,3.99,81.9,1
0,18,159.3,5.97,4.9,4.9,55.1,1
0,21,109.7,5.45,4.9,3.52,75.3,1
1,69,161.4,9.25,4.28,5.67,87.3,1
0,83,138.9,6.34,6.81,5.51,71.5,1
1,47,178.2,5.76,4.86,5.13,64.6,1
1,82,163.7,5.44,6.68,3.82,97.8,1
1,71,155.4,7.09,5.91,4.6,100.4,1
0,76,135.9,6.6,5.4,5.75,66.8,1
0,72,118.8,5.08,6.71,6.39,73.3,1
1,32,152.0,6.98,5.22,4.52,80.3,1
1,56,135.4,5.5,5.1,5.77,109.5,1
0,56,153.7,1.83,5.01,3.79,74.2,1
0,64,137.4,7.7,5.98,4.88,107.8,1
1,76,139.7,7.53,5.22,5.77,103.2,1
1,26,162.5,6.86,4.56,4.46,102.0,1
0,67,147.7,5.7,5.05,6.03,67.3,1
0,78,144.1,6.37,5.12,5.33,92.8,1
1,26,144.5,7.97,4.37,4.3,89.9,1
1,48,109.2,5.36,6.18,5.55,123.3,1
1,83,158.6,8.05,6.25,5.18,124.6,1
0,19,121.8,3.85,4.83,3.56,64.3,1
0,29,143.4,6.8,4.51,5.0,68.3,1
1,76,167.7,6.55,5.21,4.65,87.9,1
1,30,174.7,8.3,4.63,5.88,76.4,1
1,69,180.3,4.85,6.51,3.72,102.9,1
0,83,147.2,5.04,5.82,5.39,75.2,1
0,54,157.8,3.99,5.66,6.54,83.6,1
0,53,152.4,5.48,5.31,6.84,72.9,1
0,49,154.1,6.96,4.6,4.9,86.5,1
1,45,155.9,3.26,5.14,5.89,96.5,1
0,45,113.2,5.7,4.43,5.6,70.3,1
1,58,192.4,7.6,5.99,4.72,99.2,1
1,83,153.6,6.31,5.2,6.08,110.5,1
1,89,170.5,6.64,5.39,5.0,93.9,1
1,81,144.6,3.79,6.1,4.21,112.7,1
0,26,148.9,6.32,4.37,4.97,61.2,1
1,40,120.3,6.55,4.87,5.31,92.3,1
0,73,123.5,6.21,3.91,4.39,46.7,1
0,57,129.8,6.78,5.06,5.01,68.7,1
0,42,139.7,5.94,5.39,3.77,56.3,1
0,40,149.1,5.68,4.62,4.38,81.3,1
1,26,142.0,4.63,5.13,4.13,103.9,1
0,42,142.7,8.25,5.02,5.51,91.4,1
0,48,196.2,11.06,3.72,2.24,154.4,0
0,48,167.4,6.78,4.68,3.82,71.0,1
0,58,141.8,9.76,5.13,6.7,62.8,1
1,37,150.4,8.48,4.07,5.19,103.9,1
0,33,114.6,7.42,4.84,5.47,66.8,1
1,82,180.2,6.95,5.38,6.19,90.0,1
0,47,143.4,6.27,5.68,5.79,73.1,1
1,36,157.1,4.88,4.57,5.11,88.0,1
0,64,106.3,6.04,5.11,5.7,105.1,1
0,57,117.3,7.53,4.85,5.25,69.9,1
0,60,140.5,7.2,5.32,4.8,73.5,1
1,34,162.9,7.92,6.1,5.48,108.8,1
1,70,124.8,8.7,3.35,5.16,131.3,1
0,32,143.3,6.21,4.85,4.75,69.2,1
1,79,129.6,6.85,6.29,5.91,70.9,1
1,48,176.5,3.08,4.81,5.37,96.3,1
0,47,135.4,10.56,5.42,4.03,47.8,1
0,46,125.4,5.76,5.8,5.1,65.6,1
1,48,171.1,7.67,4.95,4.04,119.9,1
1,66,203.0,9.73,6.32,7.64,129.3,0
1,54,175.5,5.71,5.77,5.78,82.0,1
0,27,135.5,6.07,5.1,6.16,85.2,1
0,59,133.2,4.26,5.25,5.7,70.7,1
0,37,129.0,2.04,5.32,5.52,91.0,1
0,25,138.4,8.59,5.35,3.52,68.1,1
1,79,178.6,7.48,5.55,6.06,108.6,1
0,40,125.5,4.85,5.18,3.8,49.9,1
0,61,140.6,7.31,5.63,6.3,60.0,1
0,30,156.6,4.14,2.22,6.54,39.0,0
0,42,101.8,5.25,5.74,3.96,67.0,1
1,46,159.5,7.24,4.47,5.6,134.8,1
0,27,139.9,8.31,4.73,6.05,87.6,1
1,89,150.4,3.91,6.2,6.73,114.3,1
0,40,110.6,7.46,4.37,4.48,70.4,1
0,60,135.6,7.16,5.82,4.31,53.1,1
0,59,135.1,9.88,5.4,4.79,99.0,1
1,49,142.8,7.5,5.93,5.09,73.1,1
0,60,110.7,5.76,5.67,5.13,65.7,1
0,59,127.3,5.97,5.19,4.25,82.6,1
1,23,168.5,10.14,4.88,5.62,135.3,1
1,66,160.6,5.86,5.55,6.5,124.4,1
0,26,121.2,7.56,6.0,6.22,81.6,1
1,49,192.8,9.89,3.98,5.85,165.0,0
1,44,169.9,8.45,4.98,4.15,89.8,1
0,50,114.4,8.54,5.03,5.23,80.3,1
1,23,100.4,12.26,6.78,2.63,148.2,0
0,69,150.2,5.77,4.75,4.98,53.4,1
0,48,113.1,5.72,4.89,4.19,79.0,1
1,22,176.1,3.39,4.12,3.54,102.7,1
0,18,159.5,6.68,4.14,6.18,78.1,1
1,57,152.0,6.64,5.74,3.86,82.2,1
1,66,149.3,5.03,5.41,3.92,104.8,1
0,57,116.0,1.75,6.21,1.5,38.4,0
0,70,127.2,6.87,5.36,5.57,66.3,1
0,73,94.4,7.1,5.35,5.21,86.4,1
1,81,151.4,7.21,5.65,5.99,119.3,1
0,89,135.2,4.72,4.83,5.14,64.9,1
0,82,95.4,10.96,3.06,8.53,30.1,0
1,76,140.2,6.18,4.68,5.6,119.5,1
1,49,152.1,8.06,4.6,6.4,118.4,1
1,54,170.3,4.75,4.78,6.68,95.4,1
0,62,129.9,8.57,4.71,5.1,90.2,1
1,30,180.9,2.14,3.07,8.36,57.4,0
1,67,172.9,6.71,6.51,5.49,110.6,1
1,60,151.8,7.23,5.8,5.89,86.9,1
0,55,147.9,7.91,4.89,5.45,50.9,1
1,78,132.3,4.65,5.7,6.22,106.9,1
0,68,128.4,5.62,5.38,6.13,87.6,1
1,86,160.0,6.83,5.32,6.1,109.9,1
0,89,126.8,10.15,6.53,5.9,63.2,1
0,78,111.5,4.35,6.77,6.5,37.8,1
1,39,121.3,9.45,4.1,4.66,110.1,1
1,31,180.7,6.15,5.73,4.1,118.4,1
1,39,160.8,6.44,4.63,3.38,68.5,1
0,70,147.5,8.69,5.29,5.78,69.9,1
1,81,166.8,10.14,5.78,6.24,85.0,1
0,82,137.8,7.26,6.56,4.09,78.8,1
1,67,149.5,8.6,5.57,4.79,118.4,1
1,67,161.6,4.84,5.65,6.02,94.9,1
1,87,173.8,5.55,6.22,5.61,91.8,1
1,68,155.4,4.07,6.03,5.41,104.3,1
1,28,186.7,5.57,5.13,5.38,64.5,1
1,54,133.1,7.52,5.82,4.98,110.3,1
0,44,108.5,6.88,4.7,5.23,89.1,1
0,64,145.4,9.61,4.32,4.31,74.3,1
0,64,118.3,10.2,6.45,5.6,67.6,1
1,39,187.8,6.25,4.36,3.58,92.7,1
1,39,177.2,5.28,4.66,3.61,92.8,1
0,24,158.4,8.59,4.56,4.03,71.3,1
0,39,146.4,8.78,4.68,5.27,49.5,1
0,78,115.4,7.29,5.13,5.61,81.1,1
0,65,105.6,7.77,5.65,4.59,68.7,1
0,86,150.8,7.49,5.97,6.51,75.6,1
1,85,130.0,4.72,6.05,5.99,90.6,1
1,80,176.8,4.31,5.93,6.54,104.7,1
0,31,143.9,6.41,4.61,3.82,92.5,1
0,42,131.7,6.14,4.78,6.13,76.2,1
1,22,165.4,7.0,5.4,5.86,71.5,1
1,24,165.6,6.26,4.45,5.3,96.3,1
1,34,154.6,3.43,4.59,5.12,99.8,1
0,38,154.6,2.7,5.53,5.21,72.1,1
0,19,156.0,7.83,4.67,4.68,60.5,1
0,79,131.4,5.31,5.28,4.34,74.3,1
1,56,146.4,6.08,4.94,4.58,110.4,1
1,65,174.1,5.5,6.05,5.21,93.8,1
1,65,124.2,4.86,5.73,4.37,118.9,1
0,88,134.9,4.81,5.86,7.05,65.6,1
0,28,145.3,8.34,4.12,5.01,56.9,1
1,43,144.3,6.07,5.19,6.46,93.7,1
1,40,171.6,7.64,4.87,5.51,66.5,1
1,58,154.8,7.88,4.72,3.9,97.8,1
0,56,123.2,7.07,4.88,6.3,68.8,1
0,75,143.9,7.94,5.94,5.09,85.1,1
0,58,114.9,6.53,6.02,6.39,48.3,1
1,35,170.5,8.95,4.29,6.06,108.2,1
1,59,125.4,7.98,4.73,6.4,100.3,1
1,88,156.5,8.22,6.14,6.73,123.2,1
0,60,131.7,4.81,5.05,5.59,71.5,1
1,61,146.8,6.97,5.65,5.21,103.2,1
0,30,139.8,3.2,4.6,6.3,82.0,1
1,18,158.0,9.02,5.02,4.61,65.4,1
1,33,173.5,5.38,4.07,4.31,113.3,1
1,19,167.5,5.63,5.01,4.78,94.0,1
1,51,162.7,4.04,3.91,6.05,78.5,1
1,82,157.2,6.43,6.19,6.64,98.0,1
0,50,124.9,6.02,5.13,4.02,91.1,1
0,65,126.0,9.78,5.64,6.27,69.1,1
1,80,156.7,8.05,5.74,6.22,100.6,1
1,73,151.1,5.57,4.47,5.15,68.6,1
0,65,147.2,3.5,6.2,4.56,61.4,1
1,75,154.9,2.39,5.73,6.79,109.4,1
0,38,138.8,4.65,5.42,6.14,88.8,1
1,48,135.2,4.1,4.64,6.37,100.6,1
0,47,146.4,7.13,5.25,3.76,82.1,1
1,76,144.7,6.24,4.75,5.33,92.8,1
0,47,116.7,6.53,5.19,4.99,73.7,1
0,86,153.1,4.79,5.13,7.07,59.4,1
1,31,168.4,6.77,7.87,5.35,89.2,1
1,30,172.7,3.94,5.21,4.4,96.1,1
0,70,136.8,6.34,6.25,5.55,51.0,1
1,73,152.3,7.99,5.35,6.1,134.6,1
0,67,126.1,5.84,5.64,6.01,63.8,1
0,40,144.7,7.3,5.54,6.31,76.2,1
0,18,152.2,2.94,4.03,5.67,53.1,1
0,41,131.9,2.8,4.61,5.94,30.0,1
1,52,186.9,7.09,5.76,4.35,123.3,1
1,48,153.2,8.38,4.99,4.33,98.2,1
0,85,107.6,6.07,5.23,4.81,42.6,1
0,81,103.1,10.36,5.24,6.0,59.7,1
1,74,169.8,7.51,6.49,8.07,165.0,0
1,19,152.9,5.28,3.51,4.92,103.2,1
0,27,130.8,6.75,3.79,5.21,33.6,1
0,49,142.3,7.34,5.16,5.2,65.8,1
0,63,130.3,5.45,5.75,6.08,71.4,1
0,67,143.0,4.59,6.92,4.79,82.2,1
1,39,157.8,7.62,4.96,3.48,96.8,1
1,26,158.6,6.74,4.02,3.91,70.3,1
1,41,148.2,5.88,5.0,5.6,87.5,1
1,75,174.8,7.4,5.95,7.18,85.1,1
0,90,105.0,6.25,6.37,7.16,86.7,1
1,86,156.9,6.25,6.25,5.57,91.2,1
1,61,152.2,6.18,5.66,6.11,89.7,1
1,24,170.3,5.02,4.82,3.26,92.3,1
0,88,127.9,4.84,6.16,7.19,62.5,1
1,29,158.2,5.55,4.12,5.09,119.1,1
0,37,129.3,6.56,3.75,5.49,89.7,1
1,89,173.0,3.13,6.99,4.1,117.0,1
1,54,155.6,8.2,5.18,5.53,79.2,1
1,32,187.3,6.53,5.2,6.34,101.9,1
1,54,159.7,4.58,3.53,5.39,109.5,1
1,23,159.0,9.41,5.67,4.42,80.8,1
0,41,130.7,6.58,5.71,4.63,55.4,1
1,87,160.8,4.1,4.77,5.13,84.5,1
1,39,148.3,9.33,4.79,4.9,75.0,1
0,83,78.7,3.83,7.4,6.85,140.1,0
0,57,131.4,4.86,4.5,5.59,88.2,1
0,65,135.4,5.92,5.67,6.34,69.4,1
1,69,159.4,5.68,6.06,5.04,97.5,1
1,58,161.2,3.1,5.46,5.55,87.7,1
1,20,160.4,7.08,3.76,4.39,130.7,1
1,85,176.0,8.02,5.05,6.1,92.7,1
1,52,162.1,7.68,5.11,5.9,89.7,1
1,65,193.6,6.56,5.23,5.72,96.3,1
0,58,131.9,8.2,5.13,5.98,54.2,1
0,66,144.8,4.46,5.23,5.83,78.3,1
0,43,121.8,9.77,3.96,5.68,94.5,1
1,79,174.1,5.11,6.07,5.91,96.3,1
0,34,123.0,5.31,5.29,5.02,84.7,1
0,65,137.3,5.46,5.69,5.97,44.8,1
0,60,127.0,5.33,5.56,5.18,59.7,1
1,54,162.4,6.15,5.04,5.53,99.2,1
1,19,155.6,6.08,4.32,3.62,68.2,1
1,46,177.2,1.75,6.0,6.92,147.4,0
0,21,130.8,5.03,5.64,4.55,67.4,1
1,54,178.7,6.8,5.2,4.41,102.1,1
1,68,161.2,4.54,4.42,7.14,94.9,1
1,56,136.1,7.82,5.22,4.44,95.3,1
0,73,146.1,7.8,4.24,6.19,35.6,1
0,44,119.2,6.49,5.21,4.28,56.8,1
1,40,168.2,5.33,5.09,4.82,104.6,1
0,50,140.3,7.06,4.82,4.03,52.3,1
1,34,166.8,4.9,4.35,3.63,82.0,1
1,76,181.2,6.56,5.88,5.82,92.2,1
0,77,116.9,6.23,5.51,5.22,69.7,1
1,48,165.4,11.23,3.95,5.67,108.1,1
0,75,148.4,4.29,6.25,6.66,78.2,1
1,19,149.4,1.75,4.12,2.98,86.0,1
0,29,122.9,5.35,4.04,5.56,46.7,1
0,38,128.9,3.41,5.79,3.89,118.8,1
0,46,137.3,5.19,5.73,4.62,73.9,1
0,34,112.4,4.16,4.66,3.42,86.4,1
1,55,163.8,4.87,4.47,3.87,62.0,1
0,75,108.4,4.58,4.98,3.75,69.2,1
0,51,151.3,8.23,4.9,4.66,67.4,1
0,50,99.1,10.11,4.11,8.04,33.0,0
0,22,163.5,8.44,5.51,4.11,83.8,1
0,38,143.2,6.57,5.07,3.15,68.9,1
1,76,148.8,8.17,5.93,3.76,92.4,1
1,77,141.3,5.96,5.43,5.55,98.6,1
0,25,195.0,2.84,2.05,2.79,131.7,0
1,19,158.6,7.35,3.78,4.6,77.8,1
1,78,171.0,5.1,5.76,7.24,113.8,1
0,30,77.5,13.32,3.57,2.18,30.0,0
1,59,185.4,6.55,4.98,5.46,96.4,1
0,78,148.3,6.14,6.28,5.54,97.4,1
0,75,126.4,6.67,5.29,4.8,118.3,1
0,58,158.2,7.85,5.32,5.01,80.9,1
0,45,120.8,2.69,4.94,5.65,47.1,1
1,74,156.7,5.87,6.25,6.27,94.4,1
1,68,135.1,7.73,5.72,5.68,124.1,1
0,79,156.8,6.95,5.55,7.0,71.5,1
1,55,130.8,4.47,5.27,5.51,110.2,1
1,86,130.8,2.24,4.98,6.01,111.6,1
1,74,144.1,9.56,4.17,6.83,88.1,1
1,22,178.6,6.16,4.41,3.8,124.5,1
1,39,171.4,9.23,4.87,6.07,103.4,1
0,76,131.2,7.93,5.86,4.64,74.4,1
1,26,173.7,5.07,4.69,4.28,93.8,1
1,69,152.4,2.0,5.15,3.73,80.9,1
1,42,163.1,5.67,3.26,5.07,85.3,1
1,33,182.5,6.43,5.21,5.85,81.3,1
0,57,127.6,7.31,5.38,4.3,108.0,1
0,86,116.9,4.5,6.18,5.47,90.9,1
0,83,135.8,6.82,5.66,5.46,60.0,1
0,47,143.4,6.82,5.79,4.75,101.0,1
1,18,160.9,8.27,4.34,3.42,116.4,1
1,82,167.9,5.95,5.61,5.67,89.5,1
1,83,149.7,7.3,5.79,7.07,107.1,1
1,62,156.7,7.02,5.73,4.79,87.9,1
1,63,160.3,8.08,5.59,5.47,113.5,1
1,56,159.7,5.02,5.53,5.32,105.2,1
1,18,183.4,1.75,4.83,4.0,89.5,1
1,29,163.6,6.07,4.72,4.83,77.9,1
1,28,153.6,6.08,5.36,4.22,95.4,1
0,84,136.5,4.42,4.66,6.06,82.6,1
1,21,174.0,3.79,4.34,4.36,115.6,1
1,58,166.8,5.47,6.23,3.89,107.3,1
1,44,167.4,6.29,4.66,3.26,111.1,1
0,18,112.7,6.67,4.62,2.44,60.6,1
0,85,50.0,8.86,8.49,8.52,30.0,0
0,19,154.2,3.34,4.61,5.13,46.6,1
1,80,159.6,8.53,5.1,4.94,94.6,1
1,74,153.3,6.16,6.23,5.26,87.1,1
1,75,163.9,6.5,5.35,4.91,96.9,1
1,29,187.0,4.1,4.7,3.83,107.5,1
0,82,150.0,6.49,4.44,7.62,84.5,1
1,61,169.3,5.82,5.24,4.5,62.9,1
1,47,199.1,12.24,3.33,1.82,165.0,0
0,67,118.9,3.87,5.15,4.53,80.2,1
1,42,121.0,4.94,4.26,4.91,101.4,1
0,38,142.7,10.05,4.68,4.24,70.7,1
1,39,173.7,5.87,4.62,5.04,92.8,1
1,59,173.0,7.92,5.13,4.52,114.5,1
1,61,165.0,6.15,5.0,4.69,83.4,1
1,35,155.2,5.94,5.92,4.06,101.4,1
0,35,125.0,5.36,5.11,4.62,95.5,1
1,87,139.9,8.92,4.66,6.38,102.2,1
1,55,153.0,7.17,5.27,5.84,105.4,1
1,80,138.3,5.08,5.58,6.87,77.9,1
1,42,183.1,5.79,5.75,3.66,109.5,1
0,39,113.6,8.44,4.89,3.84,78.5,1
1,38,154.2,1.75,4.86,3.93,95.4,1
0,56,102.4,7.06,6.36,5.12,84.6,1
1,74,158.0,7.47,4.87,4.51,81.5,1
0,54,131.6,5.15,5.69,4.46,100.7,1
0,39,127.7,6.78,5.02,5.4,116.3,1
0,88,114.2,7.4,5.42,6.72,66.4,1
1,59,155.1,4.28,4.9,5.8,115.6,1
0,46,124.2,8.02,5.91,5.21,71.1,1
0,18,133.1,7.04,4.95,3.76,53.4,1
1,59,184.5,6.22,5.65,5.2,117.4,1
0,63,133.3,6.69,5.88,6.29,69.9,1
0,85,136.5,7.77,5.88,6.3,84.4,1
0,34,126.6,10.67,4.27,5.48,101.4,1
0,29,122.3,7.6,3.89,5.44,80.4,1
1,90,151.7,7.96,6.67,5.5,102.6,1
1,58,192.8,6.85,5.39,5.73,83.5,1
1,19,154.8,9.92,4.73,4.04,81.6,1
0,25,139.9,3.86,5.86,5.04,70.2,1
0,52,119.4,3.37,4.54,6.14,67.9,1
0,63,89.4,6.78,3.83,6.66,84.4,1
0,35,121.7,7.69,3.84,5.24,56.4,1
1,44,192.3,1.87,4.74,5.23,85.6,1
1,71,162.8,6.49,5.54,6.67,96.3,1
0,88,152.8,6.18,6.55,4.98,76.8,1
1,53,150.5,7.84,5.7,6.36,98.5,1
1,48,120.8,7.27,3.58,5.08,94.5,1
0,44,116.0,3.25,6.74,5.0,61.4,1
1,27,164.3,4.56,4.56,4.13,105.0,1
0,21,138.5,5.05,5.45,3.36,89.8,1
0,78,129.0,7.83,5.9,6.88,79.6,1
1,20,151.0,7.17,4.7,4.76,87.3,1
1,77,167.4,5.38,5.41,5.21,70.1,1
0,36,125.9,6.76,4.27,5.04,97.7,1
1,68,158.8,4.6,4.65,5.06,95.8,1
1,87,155.2,10.19,5.61,4.21,119.2,1
1,72,179.5,11.92,6.4,7.15,155.7,0
0,71,116.7,7.92,6.45,4.15,86.6,1
1,37,150.9,8.98,5.01,4.95,111.2,1
1,61,183.0,8.33,6.57,6.65,111.2,1
1,64,171.3,6.56,5.1,4.7,94.9,1
1,49,171.4,6.17,4.78,5.69,80.2,1
1,20,147.2,8.82,5.05,3.82,108.0,1
1,84,131.0,6.55,5.5,5.66,76.3,1
1,32,174.2,5.15,5.46,3.85,90.7,1
1,89,165.7,10.04,6.6,6.34,89.9,1
0,86,130.5,4.82,6.35,6.93,83.9,1
0,19,129.5,3.38,5.5,4.55,75.4,1
1,71,131.9,8.29,5.96,5.9,88.9,1
1,64,167.6,5.18,5.03,5.76,91.9,1
1,34,175.4,7.28,5.59,4.46,126.1,1
0,77,119.1,9.77,5.97,6.72,63.1,1
1,26,147.0,4.03,4.42,4.05,93.6,1
0,36,152.0,6.43,4.65,3.3,81.5,1
0,87,118.7,9.17,5.65,4.91,76.4,1
0,72,156.5,7.73,6.15,5.99,83.7,1
0,26,132.8,6.18,4.86,4.17,88.8,1
1,28,152.4,10.8,4.82,4.64,118.0,1
1,36,158.1,6.33,4.84,4.51,97.5,1
0,23,128.9,7.21,4.53,4.62,78.2,1
1,31,174.8,9.47,4.17,5.6,99.7,1
0,59,144.4,8.27,5.76,6.55,60.5,1
0,18,151.5,8.88,4.06,3.49,74.8,1
1,38,160.0,4.88,5.01,5.6,72.2,1
0,40,126.2,8.71,4.75,4.98,78.6,1
1,88,152.1,6.81,6.18,4.66,67.4,1
0,89,121.7,5.16,5.53,6.22,60.6,1
0,79,151.1,6.9,4.98,7.24,87.8,1
1,42,171.8,6.84,5.62,4.18,104.1,1
1,56,154.0,9.86,4.74,4.91,97.5,1
0,54,117.7,7.19,5.3,3.63,66.9,1
0,80,103.2,10.47,7.88,7.61,30.0,0
1,72,155.9,4.68,5.04,5.58,90.0,1
0,84,126.6,6.41,5.6,7.46,85.5,1
0,58,154.4,4.08,5.01,4.32,70.1,1
1,85,144.9,5.21,5.75,6.57,68.0,1
0,72,125.0,6.06,5.44,5.71,56.1,1
1,71,150.4,5.74,6.02,7.43,86.4,1
0,66,143.9,14.0,6.25,7.93,111.8,0
1,42,161.5,5.17,5.79,4.79,92.7,1
1,62,143.4,2.05,6.29,6.0,82.3,1
0,44,124.0,3.47,5.21,5.32,82.4,1
0,65,119.9,6.47,4.9,6.14,44.6,1
0,36,124.6,5.44,4.92,5.23,61.6,1
1,76,140.8,4.27,5.47,4.19,110.6,1
1,59,158.8,10.03,6.35,5.65,106.0,1
1,69,151.8,7.99,5.37,5.83,94.4,1
0,34,134.3,6.39,5.74,4.01,86.8,1
0,75,164.8,6.92,5.59,5.76,78.7,1
1,76,151.1,6.02,5.57,3.87,99.9,1
1,28,167.3,4.24,4.61,4.79,105.4,1
1,43,212.9,14.84,3.26,2.9,57.5,0
0,67,129.4,8.03,5.94,6.2,94.3,1
0,81,133.0,2.94,5.18,6.25,70.9,1
0,71,130.2,6.91,6.04,4.62,70.9,1
0,52,134.8,7.11,6.04,3.72,76.6,1
0,39,169.3,1.75,6.94,2.17,104.2,0
1,84,145.2,10.28,6.38,6.04,127.1,1
0,81,129.2,10.08,6.24,6.06,82.9,1
1,83,123.1,5.82,6.17,7.17,88.3,1
1,40,179.4,6.1,4.62,3.35,74.6,1
1,49,188.5,5.89,5.06,6.6,121.0,1
1,35,160.1,5.4,4.85,4.19,91.1,1
0,87,138.3,4.84,6.96,6.48,80.3,1
1,81,169.1,7.41,5.61,5.61,98.8,1
0,30,114.1,10.03,4.74,4.29,84.6,1
1,36,171.3,9.29,4.25,3.36,88.5,1
1,58,148.8,7.92,4.69,4.55,99.7,1
1,48,190.6,2.17,4.71,5.38,89.2,1
0,51,129.1,3.14,5.38,5.34,115.3,1
0,44,146.2,8.42,4.21,5.74,61.9,1
0,67,127.6,9.41,5.01,4.72,82.8,1
0,83,108.4,1.75,6.52,4.17,159.4,0
1,84,144.9,5.95,6.5,5.74,115.7,1
0,51,149.4,8.93,5.23,5.59,73.2,1
0,78,138.6,7.86,5.76,6.02,77.4,1
1,68,160.3,8.55,4.77,4.94,86.2,1
0,32,137.2,3.16,5.58,4.87,97.8,1
1,75,143.5,7.12,6.43,5.91,95.4,1
0,43,93.9,9.69,5.09,5.57,72.0,1
0,63,146.8,7.45,5.06,6.61,61.0,1
1,70,146.7,8.21,5.78,4.83,93.8,1
1,86,169.9,6.57,6.13,4.67,100.3,1
1,87,157.6,6.69,6.23,6.9,115.7,1
1,76,171.4,9.02,5.94,4.36,102.8,1
0,54,143.6,5.29,5.79,6.01,90.1,1
1,47,119.3,5.12,4.69,4.12,63.1,1
0,50,141.2,5.64,5.7,4.43,94.5,1
1,87,147.1,6.54,5.43,5.67,79.2,1
0,32,151.3,3.6,3.37,3.33,84.1,1
1,56,164.3,7.82,4.96,4.25,51.2,1
0,67,139.3,6.2,5.07,3.83,75.3,1
1,19,155.0,8.04,4.83,4.98,110.2,1
1,64,140.9,2.69,5.86,5.27,85.6,1
1,36,150.9,8.04,5.06,4.73,97.3,1
1,38,130.2,8.91,6.18,4.71,110.8,1
0,63,63.2,13.83,3.72,8.22,142.2,0
0,18,113.2,6.55,3.48,3.93,48.5,1
1,29,136.5,8.06,5.0,5.44,111.4,1
0,51,133.6,8.79,4.84,3.43,99.2,1
0,60,139.0,7.44,4.65,3.9,92.2,1
0,25,134.0,7.58,4.6,5.72,53.8,1
1,44,149.1,9.48,4.59,5.12,80.9,1
0,40,118.8,7.87,4.59,2.98,74.1,1
0,57,126.5,5.06,6.17,5.43,82.6,1
1,39,144.8,8.78,5.06,3.35,110.0,1
0,18,134.3,6.28,4.51,5.53,60.0,1
0,56,108.6,6.56,6.2,5.95,72.7,1
0,79,139.6,6.69,5.41,7.47,62.7,1
1,60,146.5,8.24,4.56,4.93,82.9,1
0,44,138.2,9.65,4.26,3.78,79.3,1
1,53,118.6,2.56,3.2,7.99,146.8,0
0,28,139.1,9.62,3.83,4.09,79.2,1
0,35,145.5,6.8,4.22,5.05,64.2,1
0,49,155.8,5.1,6.2,1.5,35.0,0
0,61,123.5,6.86,5.99,5.22,57.1,1
0,53,148.2,5.61,5.97,4.15,66.8,1
0,88,135.8,9.96,6.12,5.3,58.8,1
0,64,158.3,5.44,5.36,6.52,78.5,1
1,19,184.7,5.32,4.34,5.28,123.1,1
1,56,159.9,4.24,5.47,5.78,103.3,1
1,60,151.2,8.78,6.37,5.77,96.5,1
1,21,144.5,9.21,4.8,4.18,93.1,1
1,46,149.3,7.17,4.81,4.88,88.6,1
1,81,146.8,4.73,5.52,4.2,115.6,1
1,44,147.7,6.49,4.9,3.77,103.4,1
0,51,118.1,5.96,5.49,5.13,48.4,1
1,34,163.6,4.65,4.45,3.67,113.0,1
0,23,160.1,5.62,4.99,5.08,59.1,1
1,41,170.9,7.41,5.36,4.78,87.2,1
1,74,148.8,5.41,5.72,5.21,104.7,1
0,89,143.3,7.03,5.08,5.23,66.5,1
0,66,135.6,3.3,5.3,5.73,107.9,1
0,78,128.6,9.52,5.25,6.17,71.3,1
0,65,129.0,5.8,5.33,4.51,83.7,1
1,66,151.4,8.07,4.99,4.85,75.1,1
1,49,165.9,6.84,5.88,4.81,88.2,1
1,22,160.9,7.22,4.84,4.73,94.1,1
1,47,145.4,4.46,4.13,5.22,112.3,1
0,81,117.2,5.13,4.82,5.53,58.9,1
0,57,135.9,5.17,5.98,5.78,91.8,1
1,73,160.1,6.55,5.39,5.34,100.6,1
1,21,154.2,8.89,4.48,3.16,101.0,1
1,32,140.8,7.28,5.56,5.84,85.4,1
0,39,151.9,4.88,4.89,5.66,58.5,1
1,44,172.2,6.66,4.34,3.64,64.5,1
1,90,122.2,6.35,5.07,5.96,104.0,1
0,51,152.0,5.87,5.54,6.19,83.0,1
0,66,127.3,6.47,6.61,5.05,68.9,1
0,65,133.3,7.87,5.88,5.99,50.5,1
0,48,149.3,5.2,4.89,5.96,65.1,1
0,88,153.0,5.88,5.58,6.0,81.0,1
1,34,172.6,8.27,4.94,6.61,99.5,1
1,20,162.6,7.34,3.49,4.98,106.1,1
0,72,109.2,8.8,5.49,5.53,50.3,1
1,65,124.1,9.08,5.73,5.15,92.2,1
1,37,217.2,9.42,4.52,1.5,145.8,0
0,81,149.0,7.02,6.27,5.11,84.5,1
0,29,85.3,1.75,7.33,1.5,105.6,0
0,36,129.4,4.34,5.95,3.91,80.8,1
1,29,149.7,5.08,5.67,4.45,82.2,1
1,31,149.1,5.96,4.88,5.34,99.8,1
1,71,170.0,5.97,5.67,5.71,94.2,1
1,69,157.4,5.41,4.43,5.53,93.2,1
0,64,127.2,6.48,5.44,7.19,110.4,1
0,80,168.9,10.9,5.94,7.11,70.0,1
1,23,137.2,3.39,4.57,3.64,89.8,1
0,63,138.9,8.55,4.42,5.89,52.8,1
0,26,118.7,6.47,5.74,3.45,87.2,1
0,87,157.1,12.23,7.41,8.37,104.9,0
0,64,92.9,7.61,4.85,1.92,119.0,0
0,73,142.4,7.87,5.94,4.91,62.0,1
0,59,127.2,3.91,6.11,5.74,80.2,1
0,46,126.9,7.99,5.79,4.51,87.3,1
1,68,150.0,9.63,5.01,4.39,118.0,1
1,79,136.9,4.19,5.28,4.96,97.2,1
1,30,167.5,8.6,4.59,3.75,87.6,1
1,81,157.1,6.55,5.04,5.99,89.2,1
1,71,160.4,2.73,6.52,6.5,98.8,1
0,24,133.6,4.33,4.79,4.3,76.0,1
1,86,149.5,6.82,5.97,6.65,107.5,1
1,31,175.5,7.22,4.07,4.1,83.8,1
1,61,170.2,3.65,5.81,5.13,100.1,1
0,27,155.5,6.56,4.56,6.15,57.1,1
0,32,139.4,7.98,5.64,4.48,70.7,1
1,64,174.9,8.3,4.95,6.24,119.1,1
1,67,148.1,5.76,6.2,4.69,94.9,1
1,68,151.2,7.29,5.98,5.34,85.1,1
1,43,174.6,8.43,4.77,4.09,102.4,1
0,77,142.0,8.03,6.41,5.6,88.3,1
0,21,130.5,8.1,5.4,4.64,60.5,1
1,80,137.3,6.7,5.89,6.28,78.7,1
1,40,153.9,6.33,4.4,4.28,84.8,1
0,63,120.4,6.99,5.83,5.11,67.6,1
0,84,154.5,5.13,5.7,6.75,98.0,1
0,36,144.8,8.5,4.97,3.63,51.7,1
0,48,120.7,3.75,5.16,2.73,48.0,1
1,78,137.5,5.59,5.55,4.97,103.0,1
0,81,117.2,6.43,5.1,6.17,64.4,1
1,35,149.1,7.35,4.02,4.77,81.9,1
0,55,129.0,7.68,4.19,4.24,83.5,1
1,42,173.5,9.18,5.21,4.9,98.5,1
0,55,117.0,6.64,3.77,4.77,88.8,1
1,45,159.5,10.54,7.03,6.23,74.7,0
1,18,145.1,6.24,4.97,4.05,77.8,1
1,85,131.4,5.93,5.49,6.37,74.1,1
1,64,179.9,7.44,5.98,5.03,115.0,1
1,51,175.7,4.58,5.01,3.66,95.7,1
1,25,155.8,6.18,5.03,6.05,141.5,1
0,23,140.4,9.42,3.57,3.57,86.7,1
0,52,137.9,6.82,3.83,5.38,94.2,1
0,65,132.6,4.6,5.23,6.05,60.1,1
0,37,113.9,5.89,5.21,5.12,71.6,1
1,72,116.6,2.48,6.05,5.23,110.7,1
0,46,119.7,6.39,4.98,3.29,72.0,1
0,18,162.4,9.47,4.82,5.42,72.7,1
1,57,183.1,4.36,5.73,4.09,101.5,1
0,31,130.0,3.88,4.79,5.49,61.7,1
0,19,120.7,5.32,5.04,5.38,58.7,1
1,27,162.5,8.16,4.13,3.44,93.6,1
1,38,163.8,9.57,3.98,3.65,90.7,1
1,55,164.5,7.31,4.9,4.75,84.6,1
1,90,114.1,4.19,6.21,6.63,97.6,1
1,33,205.1,6.46,4.47,4.12,77.1,1
1,22,175.8,9.72,5.12,4.52,107.5,1
0,31,130.9,5.94,4.25,4.17,81.4,1
1,41,146.1,6.75,4.67,5.53,107.3,1
0,32,148.6,6.93,5.03,4.07,60.0,1
0,41,140.3,3.72,4.61,4.17,58.6,1
1,88,153.6,8.3,5.42,4.83,119.2,1
1,45,163.4,8.04,3.51,3.94,94.3,1
0,64,128.9,2.91,5.86,6.24,82.8,1
1,67,160.3,4.1,5.33,5.02,81.1,1
1,27,169.2,4.75,4.24,3.68,92.1,1
1,36,162.5,7.85,6.04,3.22,114.7,1
0,48,136.6,5.15,4.65,4.72,75.4,1
1,51,176.8,7.22,4.86,4.28,93.8,1
0,18,111.2,6.17,4.09,3.45,80.4,1
1,65,142.5,6.63,6.04,4.6,103.0,1
0,39,133.5,7.39,5.85,4.89,104.2,1
1,41,146.0,6.99,5.82,3.78,97.7,1
0,62,124.9,6.47,6.12,4.96,83.8,1
0,87,147.6,7.09,5.35,6.54,73.3,1
0,81,126.7,6.89,6.62,5.12,60.2,1
1,89,124.7,6.12,5.62,4.82,105.8,1
0,48,125.8,5.72,4.19,5.91,51.4,1
1,26,159.3,9.88,4.53,4.44,111.1,1
0,33,134.3,5.7,5.09,4.5,52.9,1
0,43,141.0,8.96,4.66,5.33,59.9,1
1,39,164.2,5.27,5.07,4.7,82.4,1
1,33,155.6,7.96,5.22,4.72,106.0,1
0,29,116.2,9.71,5.08,3.17,55.7,1
0,31,127.3,5.89,5.26,3.86,80.2,1
0,66,121.1,5.3,5.28,7.0,64.2,1
1,53,151.4,5.73,4.76,4.12,95.9,1
1,20,169.4,6.47,3.82,4.46,87.9,1
0,59,137.2,7.08,5.23,6.75,108.9,1
1,79,165.5,6.43,5.26,6.2,74.0,1
0,49,126.3,5.74,5.06,5.24,80.8,1
0,41,155.5,10.02,3.77,4.1,72.9,1
1,37,167.4,6.14,4.04,4.18,85.2,1
1,45,158.2,5.38,5.38,4.62,103.2,1
0,38,142.3,7.99,3.99,5.06,58.5,1
1,85,142.4,8.02,5.56,6.85,83.1,1
0,90,96.4,9.04,5.25,5.91,58.3,1
1,43,147.6,9.97,4.51,4.35,98.4,1
0,85,139.7,7.12,5.73,5.61,66.3,1
0,80,130.2,5.98,5.62,6.07,62.0,1
0,23,132.6,3.08,5.07,4.76,77.3,1
1,53,143.0,4.81,4.53,4.84,113.8,1
1,65,125.2,6.88,4.84,4.29,77.0,1
0,48,153.6,4.37,5.79,5.93,78.4,1
1,51,152.8,3.65,5.03,4.78,105.4,1
1,54,149.2,6.62,5.43,5.3,116.8,1
0,68,120.1,7.9,5.12,4.75,70.1,1
1,39,175.9,6.06,5.26,4.15,120.1,1
1,61,168.1,8.11,3.82,5.67,106.8,1
0,35,119.0,7.61,5.62,3.56,44.6,1
0,82,146.3,8.57,5.36,4.59,79.6,1
0,24,132.4,10.41,4.01,5.84,71.9,1
1,22,149.6,11.21,4.09,5.18,110.9,1
1,20,154.6,7.82,4.54,4.78,113.7,1
0,43,121.0,5.67,4.98,3.89,58.6,1
0,62,111.0,6.61,5.41,5.44,87.7,1
0,89,139.7,9.33,5.02,5.71,73.5,1
0,51,128.6,4.89,5.69,4.62,62.9,1
0,31,143.2,9.11,4.55,4.54,94.3,1
0,44,136.9,6.19,4.72,3.59,66.1,1
1,27,166.5,6.91,4.67,2.68,96.8,1
0,52,101.1,5.05,5.58,5.31,72.5,1
1,71,140.9,4.12,5.44,5.57,106.3,1
0,20,143.5,6.0,4.37,4.63,91.8,1
0,74,110.5,8.85,5.32,6.17,98.8,1
1,34,163.2,5.24,5.64,5.14,110.3,1
1,67,93.3,3.26,4.78,8.9,30.0,0
1,77,153.5,5.47,5.77,6.6,120.7,1
1,74,177.7,4.58,5.6,5.53,107.7,1
0,66,142.0,6.96,6.78,5.46,90.8,1
0,68,102.4,7.72,5.7,5.56,69.9,1
1,31,170.6,6.84,4.97,3.24,96.4,1
1,27,185.6,6.77,4.68,5.37,110.6,1
1,45,198.5,9.39,5.29,5.43,127.4,1
1,62,161.9,6.67,3.5,3.75,101.0,1
0,63,110.2,5.65,5.96,6.65,55.4,1
0,74,136.1,4.46,4.75,5.09,83.7,1
0,40,156.9,8.79,4.57,4.69,70.2,1
1,81,150.1,5.73,4.77,5.49,83.2,1
1,50,171.6,5.91,4.71,4.85,95.5,1
0,35,120.9,8.39,4.72,6.86,79.9,1
1,71,159.5,10.2,6.0,5.18,114.3,1
1,27,121.0,6.95,5.58,4.25,89.1,1
0,47,118.0,6.25,6.27,4.96,66.7,1
0,75,129.4,6.49,5.59,4.74,73.2,1
1,74,148.1,5.68,5.38,5.74,125.0,1
1,36,177.2,1.75,6.94,6.1,73.7,0
0,30,126.5,5.87,4.34,5.05,81.0,1
0,20,139.9,8.14,4.12,3.46,79.9,1
0,24,133.3,6.34,4.54,3.95,67.5,1
1,78,154.1,8.95,5.55,4.66,110.5,1
0,75,181.0,11.36,2.45,2.05,30.0,0
1,54,150.5,5.84,5.85,3.47,104.9,1
0,59,151.5,8.8,5.43,2.98,43.5,1
0,41,118.1,6.54,5.49,4.53,48.4,1
0,32,162.7,6.27,3.94,3.26,43.6,1
1,18,175.9,6.56,4.27,5.92,124.1,1
0,67,125.0,9.14,4.98,5.02,72.0,1
1,20,154.7,7.05,4.58,5.04,75.7,1
0,25,137.6,8.75,4.75,4.78,108.8,1
1,75,162.5,6.08,6.05,4.54,87.1,1
0,60,147.4,8.46,5.36,4.82,81.9,1
0,53,111.6,6.93,4.75,5.73,61.9,1
1,33,164.3,8.09,6.21,5.27,108.6,1
1,28,126.5,8.24,4.66,5.34,96.2,1
1,52,153.1,4.81,4.64,4.45,86.4,1
0,44,154.4,6.63,3.93,5.41,53.2,1
1,56,134.1,8.22,5.29,4.58,87.2,1
0,30,110.0,8.51,5.26,5.51,57.4,1
1,34,160.9,8.76,4.23,5.56,70.3,1
1,26,179.2,6.69,5.16,3.28,107.3,1
1,48,161.1,9.27,5.17,5.21,114.1,1
1,38,128.6,5.32,3.91,3.77,86.7,1
1,34,132.4,3.81,5.29,5.43,65.5,1
1,58,156.7,6.0,5.11,4.14,103.3,1
0,54,146.0,12.31,2.45,7.85,121.3,0
0,33,135.8,4.54,5.47,5.32,57.6,1
1,69,157.0,3.85,6.0,5.44,97.6,1
1,43,149.4,3.4,4.36,5.64,55.8,1
1,42,184.0,7.82,5.21,5.1,97.2,1
1,52,164.7,3.89,5.3,6.45,95.3,1
0,28,152.4,7.49,4.78,3.57,92.3,1
0,48,146.0,5.91,4.81,4.61,77.2,1
1,60,152.7,5.11,5.21,3.47,99.4,1
1,27,155.4,4.7,5.37,4.27,125.8,1
0,59,126.6,6.87,5.53,4.11,62.0,1
0,20,145.2,5.14,3.54,3.15,49.6,1
0,62,121.0,6.49,4.04,3.84,87.8,1
0,20,160.9,7.22,3.59,3.97,87.7,1
1,30,146.8,7.6,4.04,4.83,112.5,1
1,43,159.9,8.18,4.59,5.29,93.7,1
1,62,151.4,6.8,5.06,6.14,87.4,1
1,70,147.2,4.61,5.41,6.25,79.9,1
0,52,164.4,7.34,5.16,4.02,60.3,1
0,27,127.7,7.68,4.78,3.87,49.8,1
0,46,127.8,6.17,5.78,5.09,66.7,1
0,75,119.5,5.98,4.52,5.69,99.6,1
1,24,159.2,10.96,4.96,5.72,88.0,1
0,70,128.5,4.17,5.65,5.14,76.4,1
0,46,175.6,1.75,6.0,7.62,30.0,0
1,18,152.8,8.38,4.99,4.23,90.5,1
1,68,163.3,5.89,5.64,5.68,92.9,1
0,19,150.5,6.2,4.66,4.73,91.2,1
0,44,133.0,5.78,3.61,4.86,76.0,1
1,32,158.7,6.5,5.46,3.76,113.5,1
1,60,149.6,8.12,5.44,5.45,133.8,1
1,22,151.3,6.14,4.97,5.02,83.1,1
0,24,120.8,12.1,2.73,4.58,69.9,1
0,56,108.1,5.69,4.92,2.63,71.3,1
0,90,117.5,8.98,4.89,5.64,68.1,1
1,20,172.6,7.48,5.48,5.01,89.5,1
1,51,105.8,11.44,2.5,1.5,161.5,0
1,76,148.2,9.15,6.43,6.48,100.3,1
1,39,151.6,3.62,5.56,4.23,134.3,1
1,53,174.4,7.27,5.33,4.77,91.6,1
0,79,115.2,5.21,6.27,5.77,97.5,1
0,71,134.1,5.72,4.9,4.59,100.9,1
1,39,156.1,5.63,4.53,5.6,95.7,1
0,72,130.8,4.77,6.03,6.58,81.3,1
0,67,134.0,3.53,4.84,4.35,87.6,1
0,54,132.5,7.2,4.41,4.91,65.3,1
0,50,107.6,1.75,3.4,3.3,52.7,0
1,85,152.1,5.96,5.15,6.69,87.1,1
1,81,179.1,7.87,6.73,4.17,91.2,1
1,90,152.7,7.31,6.22,6.85,91.9,1
0,67,104.7,6.02,5.06,2.26,77.7,1
0,44,142.2,11.99,4.46,5.43,78.1,1
0,26,140.3,8.33,4.99,3.75,62.8,1
0,27,134.8,10.9,5.52,4.95,70.7,1
1,87,148.4,5.75,5.88,5.96,82.6,1
1,44,124.9,6.95,4.49,5.0,114.7,1
1,26,129.2,4.27,3.93,5.05,106.7,1
0,34,158.3,5.91,4.68,4.23,67.5,1
1,19,150.3,5.45,4.87,3.84,93.1,1
0,56,145.9,11.89,4.96,5.96,63.9,1
0,61,106.9,5.25,5.92,5.23,60.1,1
1,45,140.8,6.08,5.39,4.39,81.0,1
0,72,140.0,3.88,5.62,5.28,60.7,1
0,53,130.2,7.46,5.5,4.82,88.0,1
1,88,160.3,4.88,4.89,5.45,114.9,1
0,73,129.5,8.15,5.2,5.86,54.1,1
1,23,155.6,3.28,4.12,3.68,106.6,1
0,38,123.0,6.28,5.2,6.13,54.6,1
1,73,135.8,3.18,4.88,5.66,110.1,1
0,57,152.3,5.62,5.3,3.49,75.1,1
0,72,153.3,5.98,5.38,5.69,66.8,1
1,42,141.2,5.42,5.39,4.0,103.8,1
0,20,118.4,5.6,3.98,4.38,92.2,1
1,75,148.3,8.25,5.8,5.36,70.6,1
0,75,134.6,10.41,4.88,6.11,91.8,1
1,64,99.9,1.75,2.83,8.67,123.0,0
1,47,163.8,4.95,5.02,5.14,118.7,1
0,18,134.5,6.62,5.39,6.08,84.9,1
0,71,128.2,5.86,4.96,4.77,57.7,1
1,66,190.6,8.1,4.32,6.55,89.6,1
1,66,146.5,7.02,4.82,6.57,105.5,1
0,30,158.6,3.66,4.62,4.9,86.7,1
0,71,151.6,8.48,6.59,5.83,81.7,1
1,70,161.6,8.24,5.68,6.26,104.4,1
1,80,124.1,9.19,5.15,5.32,89.4,1
0,59,131.6,5.57,5.2,4.72,74.5,1
0,71,122.2,7.04,6.41,5.01,73.4,1
1,47,156.6,4.37,4.96,5.2,74.8,1
0,68,114.3,6.41,5.28,4.94,79.4,1
0,68,141.5,7.21,5.18,4.71,68.9,1
1,74,168.4,5.36,5.93,4.55,119.3,1
0,80,146.6,7.12,5.28,4.71,92.5,1
1,18,153.5,6.8,5.19,3.78,98.7,1
0,74,113.7,5.69,6.15,4.92,91.3,1
1,75,197.3,15.0,8.17,3.79,146.4,0
0,57,157.6,6.08,5.12,4.44,73.5,1
1,55,156.5,6.74,4.39,5.54,76.5,1
0,70,136.8,3.86,5.32,7.17,72.1,1
0,51,128.4,7.43,4.76,6.14,68.5,1
1,48,148.6,5.64,4.65,4.01,95.7,1
1,76,163.3,8.22,5.4,5.25,95.4,1
1,75,151.9,4.14,5.81,4.36,115.3,1
0,33,139.8,7.28,4.52,4.84,90.9,1
0,78,136.8,2.57,4.75,5.79,67.6,1
1,41,162.1,7.61,4.44,4.98,77.2,1
1,28,166.6,6.19,5.83,3.62,81.8,1
0,82,116.0,7.22,5.96,5.06,93.7,1
1,35,143.8,5.42,4.35,5.56,111.1,1
1,32,157.2,4.79,5.65,5.0,79.5,1
1,37,157.0,5.72,4.81,3.96,74.8,1
1,53,147.9,6.85,6.56,3.9,88.8,1
1,30,161.6,7.54,5.01,4.53,123.4,1
1,29,171.7,7.05,5.17,4.47,102.7,1
1,46,174.2,4.81,5.59,3.76,93.8,1
1,33,178.9,9.81,5.79,4.38,94.8,1
1,32,138.1,7.1,4.62,4.2,68.4,1
0,84,111.2,5.38,6.5,5.15,70.8,1
1,61,150.6,7.26,4.94,4.83,116.7,1
1,19,160.3,6.96,4.47,4.63,90.0,1
1,25,154.9,6.18,4.78,4.58,92.6,1
1,77,145.0,5.97,6.11,6.67,103.8,1
0,37,128.7,8.27,4.76,4.92,56.0,1
1,29,165.3,9.61,5.83,5.3,101.4,1
0,66,110.5,2.84,6.19,4.13,61.9,1
0,79,164.3,8.71,5.61,5.72,67.5,1
0,47,132.6,6.54,4.53,4.6,67.7,1
1,72,169.6,6.93,6.08,6.09,92.9,1
1,48,147.5,8.93,3.86,5.19,98.9,1
1,25,167.1,1.75,5.22,5.92,95.1,1
0,76,130.9,7.97,5.05,4.68,72.1,1
0,85,141.4,8.81,6.43,5.06,77.1,1
1,89,149.1,5.26,4.9,6.09,85.8,1
0,25,157.8,3.99,4.38,4.38,39.9,1
1,59,132.7,9.45,5.55,4.33,97.8,1
1,63,168.9,3.34,5.71,5.6,87.8,1
1,23,160.5,7.25,4.37,4.01,103.0,1
0,87,113.0,8.34,5.51,6.15,67.1,1
0,25,163.8,7.21,5.35,2.97,43.8,1
0,37,161.0,7.52,5.56,4.48,71.1,1
1,88,121.1,6.02,5.51,5.9,115.2,1
0,58,133.9,7.33,4.91,5.31,78.6,1
1,67,164.9,5.22,4.58,5.97,77.0,1
0,54,138.2,5.46,5.36,4.86,64.3,1
0,72,152.5,6.56,5.97,5.84,67.1,1
0,23,154.3,3.73,4.84,4.4,69.4,1
1,67,158.3,7.54,4.85,6.0,89.5,1
1,22,193.0,2.03,5.8,3.06,69.8,1
0,31,148.0,7.15,3.6,2.28,70.5,1
1,54,150.3,7.32,5.74,6.21,119.2,1
1,50,147.7,5.07,5.28,4.49,87.7,1
1,29,176.8,4.28,5.12,3.05,77.8,1
1,76,141.5,5.77,5.07,5.38,120.2,1
0,40,126.9,7.65,4.91,4.33,101.8,1
0,81,125.3,7.12,5.79,5.95,68.9,1
1,19,164.4,4.5,4.63,4.82,99.5,1
0,35,130.6,6.69,3.85,4.32,76.1,1
0,39,113.3,6.97,6.01,5.62,86.3,1
0,61,148.3,6.9,5.71,4.13,57.3,1
1,47,150.2,4.72,5.13,2.82,96.9,1
0,29,164.4,6.78,4.89,4.71,56.1,1
0,59,135.7,8.15,6.3,4.95,79.1,1
1,87,171.3,7.47,5.26,4.03,122.0,1
0,27,143.8,7.24,4.22,5.09,77.3,1
0,36,153.1,9.46,5.45,3.19,60.1,1
0,52,140.4,6.8,5.46,4.94,88.5,1
0,71,133.4,4.98,4.86,6.11,65.4,1
1,27,174.7,4.99,5.46,4.77,103.5,1
1,34,194.9,6.82,5.09,4.86,85.1,1
0,35,129.5,3.91,4.39,4.27,52.8,1
1,62,166.7,5.94,5.62,5.39,86.7,1
1,24,158.5,7.34,4.96,4.94,55.7,1
1,66,162.0,8.61,5.34,4.74,82.0,1
1,49,156.7,3.72,5.37,3.96,129.6,1
1,41,124.5,6.68,5.39,5.53,54.8,1
0,80,126.0,6.38,6.15,7.27,51.4,1
0,77,144.3,6.57,5.62,6.89,101.0,1
1,76,141.9,6.75,5.38,3.16,84.4,1
1,82,166.6,6.44,5.77,6.77,93.1,1
1,35,160.3,9.01,5.64,4.13,96.5,1
0,80,126.1,8.74,5.98,7.22,50.3,1
0,30,147.6,10.36,4.65,3.67,88.2,1
1,42,167.0,6.48,5.06,3.82,95.3,1
0,58,137.5,5.76,6.27,5.11,64.4,1
1,72,169.0,4.76,5.93,5.08,112.8,1
1,60,158.0,5.57,5.39,4.88,78.0,1
1,58,130.5,7.79,5.95,6.01,98.5,1
0,45,126.8,8.06,4.75,6.01,58.0,1
1,61,127.8,7.72,5.51,4.37,79.2,1
1,52,165.7,5.3,6.31,6.52,127.6,1
1,52,169.2,5.31,5.57,3.93,99.5,1
1,60,169.1,10.02,6.27,4.66,112.2,1
0,61,138.2,5.0,5.26,7.5,66.3,1
1,42,171.3,9.05,4.74,5.17,81.7,1
1,27,134.7,7.23,5.5,3.95,49.6,1
1,39,155.5,5.18,3.89,5.02,92.2,1
1,47,135.1,4.37,5.21,5.58,72.5,1
0,29,128.7,5.26,5.45,4.88,73.9,1
1,30,182.2,7.25,5.19,5.75,77.1,1
0,87,144.7,4.86,4.44,4.96,82.4,1
0,38,143.1,9.3,4.16,4.17,103.8,1
1,71,151.2,6.13,5.4,4.62,140.9,1
0,27,119.4,7.76,5.09,3.79,77.2,1
0,88,131.0,7.62,6.03,5.8,75.2,1
1,33,226.0,2.86,2.81,1.5,30.0,0
1,46,162.5,5.71,5.53,5.18,85.6,1
0,75,105.7,6.69,5.79,6.07,61.0,1
0,32,135.4,3.98,4.8,3.54,94.8,1
0,58,102.5,6.69,5.59,4.59,68.0,1
1,75,165.6,8.55,5.14,5.04,131.2,1
0,19,124.7,6.9,5.07,4.18,58.0,1
1,19,177.5,15.0,6.46,1.5,41.2,0
1,75,165.8,7.44,5.82,6.31,79.7,1
1,37,165.7,5.53,5.23,5.62,104.8,1
0,84,132.1,7.32,5.48,4.95,72.2,1
1,85,185.4,3.87,6.06,6.32,98.7,1
0,82,138.3,5.06,6.56,6.88,70.5,1
0,90,118.3,4.31,5.14,6.89,83.8,1
0,78,137.0,6.53,6.14,5.74,85.0,1
0,45,128.2,6.39,5.73,4.85,85.7,1
1,90,171.0,8.67,5.63,4.54,85.4,1
0,43,136.9,6.32,5.53,4.49,78.0,1
1,60,160.7,4.7,5.15,3.86,90.5,1
0,18,113.6,9.31,5.42,5.39,91.8,1
0,88,129.1,1.75,4.08,5.52,79.1,1
0,61,130.1,6.57,6.18,5.14,78.6,1
0,87,165.8,12.58,2.75,1.64,123.3,0
0,43,129.4,6.48,5.1,3.59,60.9,1
1,40,163.5,7.4,4.51,5.44,98.1,1
1,56,100.9,13.43,7.74,8.75,81.7,0
0,81,107.7,7.4,5.48,6.46,63.5,1
1,58,151.1,5.42,4.94,3.58,117.7,1
1,75,146.5,3.87,6.2,6.69,107.3,1
0,33,136.6,6.42,5.33,4.55,42.2,1
0,74,130.9,4.65,5.31,6.18,61.0,1
0,71,123.7,5.19,4.87,3.05,108.9,1
1,83,145.9,8.59,4.97,6.03,97.3,1
1,22,159.8,9.3,5.5,4.37,82.5,1
0,46,146.8,8.56,5.34,4.72,60.2,1
1,24,162.8,8.22,4.86,4.39,94.2,1
1,47,177.6,6.61,5.4,4.4,111.1,1
1,73,170.7,8.33,4.33,4.19,93.6,1
0,64,153.1,7.14,5.17,4.14,62.6,1
1,72,219.5,13.98,3.26,7.73,30.0,0
1,71,177.3,4.85,6.05,6.6,84.9,1
1,90,134.7,7.71,4.87,6.8,89.0,1
1,82,162.5,4.22,6.26,5.85,103.9,1
1,60,173.3,7.72,6.38,4.76,104.1,1
1,81,173.9,3.41,4.58,7.48,120.6,1
0,21,123.3,4.32,4.72,5.03,54.2,1
0,70,139.9,4.19,5.75,5.94,76.5,1
0,56,132.5,6.95,5.76,3.92,76.2,1
0,87,156.0,7.14,4.41,5.97,60.4,1
1,54,134.8,10.91,5.41,3.97,111.4,1
1,31,146.4,6.34,4.73,6.49,122.1,1
1,70,126.8,7.89,5.28,4.64,98.9,1
1,87,154.5,6.79,6.95,5.19,92.2,1
0,19,169.1,7.74,4.56,3.8,94.4,1
0,22,134.1,6.76,5.0,4.11,78.7,1
1,66,155.9,8.48,5.32,5.92,80.1,1
0,58,139.5,4.61,5.41,5.16,71.0,1
1,58,153.5,2.09,5.6,5.2,92.5,1
0,24,140.1,7.25,5.3,5.13,59.5,1
0,59,137.0,3.25,4.82,3.81,62.0,1
1,59,142.4,8.86,5.38,5.85,87.9,1
1,79,151.7,5.51,5.7,5.7,111.1,1
1,46,167.5,4.63,4.1,4.29,92.9,1
0,43,146.6,11.36,4.47,4.98,74.4,1
1,23,178.2,6.47,5.28,4.56,110.7,1
1,59,160.1,6.12,5.01,2.82,93.5,1
1,65,159.8,7.85,6.94,6.54,80.2,1
0,38,144.5,7.97,5.55,5.85,87.1,1
0,71,121.0,8.55,5.74,4.24,68.8,1
1,86,142.9,4.1,6.6,5.04,126.0,1
0,30,132.1,7.46,5.31,5.82,87.6,1
1,59,136.0,5.97,5.4,5.78,105.9,1
0,68,136.3,4.84,4.57,5.71,77.8,1
0,19,150.8,6.59,5.08,4.77,88.8,1
1,31,147.2,3.24,5.7,4.96,100.3,1
0,46,138.9,8.16,4.73,3.96,40.7,1
0,28,124.8,5.98,3.72,4.05,70.9,1
1,43,141.5,5.64,4.4,5.76,105.7,1
0,28,165.0,6.25,5.88,5.15,57.3,1
1,83,137.7,6.2,5.69,5.92,138.0,1
0,61,111.7,8.55,6.19,4.64,71.9,1
1,42,160.0,4.53,5.04,5.73,105.5,1
0,74,133.6,5.81,5.21,4.61,92.3,1
0,19,145.1,6.11,5.97,5.71,81.0,1
1,61,184.9,4.58,5.09,4.57,96.5,1
1,67,142.6,6.79,5.26,4.56,104.4,1
0,77,158.8,12.28,7.48,3.65,36.2,0
1,34,181.7,3.97,4.74,4.87,95.3,1
0,61,145.0,7.45,5.78,5.31,56.8,1
0,74,179.3,13.75,7.41,2.13,126.5,0
1,76,144.6,6.59,5.83,5.9,80.8,1
1,30,174.9,6.31,4.48,5.48,96.4,1
0,89,140.1,6.28,4.74,5.71,69.3,1
1,37,160.1,5.57,4.46,3.35,104.4,1
0,46,123.6,8.61,4.64,4.73,50.9,1
0,32,135.4,6.67,5.06,3.62,58.7,1
0,28,158.9,2.58,4.33,2.82,58.6,1
0,36,157.2,2.78,5.5,1.5,42.5,0
1,27,146.3,8.22,4.12,6.0,92.7,1
0,71,120.5,7.58,5.7,5.35,91.0,1
0,61,172.8,6.8,7.26,8.55,109.7,0
1,46,156.2,6.49,4.79,5.56,97.3,1
1,57,169.7,8.11,5.01,5.69,82.0,1
0,62,137.7,7.18,5.7,3.92,69.8,1
1,31,158.8,6.87,4.96,6.3,76.5,1
0,39,137.3,8.11,5.7,4.96,80.4,1
1,82,162.2,6.75,5.54,6.46,111.6,1
1,18,134.0,8.67,4.17,3.82,73.3,1
0,87,92.3,1.75,3.98,7.38,30.1,0
0,88,115.8,6.65,5.53,5.65,73.8,1
1,36,150.7,8.11,4.47,3.73,114.9,1
0,41,138.0,5.78,5.55,5.87,58.1,1
0,33,132.6,4.52,5.76,3.38,61.3,1
1,58,107.1,11.46,3.7,2.87,42.4,0
0,33,135.8,7.56,4.29,5.2,65.3,1
1,75,149.2,8.17,6.45,5.88,92.2,1
1,46,179.3,8.18,5.32,4.47,90.5,1
0,88,138.8,6.38,5.85,4.16,83.2,1
0,80,133.5,6.19,5.36,4.24,92.0,1
1,47,166.7,5.43,5.78,4.26,96.1,1
0,61,120.3,6.95,4.65,3.95,70.0,1
0,19,167.7,3.55,3.96,4.31,81.9,1
0,22,118.5,6.54,5.87,3.75,75.2,1
1,54,157.3,11.63,4.69,3.92,100.1,1
0,52,127.5,3.79,5.76,3.76,90.6,1
1,47,151.4,6.78,5.93,3.51,81.3,1
0,24,127.8,7.18,4.89,4.43,68.3,1
1,79,141.5,7.41,5.06,4.92,84.2,1
1,47,174.1,4.76,5.48,4.96,89.3,1
0,52,113.7,7.43,6.02,4.97,54.5,1
1,47,171.1,5.54,5.31,4.76,91.7,1
0,54,141.3,3.93,4.76,5.66,79.3,1
0,65,124.8,8.21,5.56,3.97,34.8,1
1,73,161.7,7.7,4.66,6.05,93.8,1
1,58,152.8,4.76,4.69,5.51,96.6,1
1,30,141.5,5.52,4.69,4.42,92.4,1
0,81,112.5,5.46,5.65,4.89,49.9,1
0,38,143.0,3.54,4.25,4.8,87.2,1
0,19,144.2,7.87,4.83,4.78,86.1,1
0,20,105.4,11.82,6.47,6.32,127.7,0
0,74,123.7,5.9,5.38,6.03,66.3,1
1,46,153.5,6.45,3.8,6.48,99.9,1
0,19,130.2,6.71,4.75,4.32,61.0,1
1,77,127.1,6.94,6.64,6.71,82.8,1
0,40,133.9,4.07,5.27,5.23,56.1,1
0,89,135.9,7.38,5.74,6.02,78.5,1
0,82,129.8,4.38,5.41,5.01,87.6,1
0,21,161.4,7.73,5.06,4.11,91.3,1
0,68,174.2,10.4,7.06,1.63,132.0,0
0,62,120.9,4.16,5.75,6.09,63.9,1
1,30,160.0,6.45,4.19,3.93,95.0,1
1,43,160.4,6.41,5.12,6.45,111.7,1
0,53,103.2,6.69,4.92,5.45,98.0,1
0,28,143.2,4.89,5.04,4.91,90.1,1
0,70,133.7,6.87,4.28,4.21,90.7,1
0,38,101.4,7.03,4.73,5.36,93.3,1
0,86,126.6,8.6,6.02,5.52,76.4,1
0,76,117.3,6.83,5.96,5.01,79.0,1
1,64,147.8,5.42,5.34,4.69,114.1,1
0,26,114.3,4.08,3.49,3.4,80.0,1
0,19,141.3,3.75,5.07,4.39,85.0,1
0,28,160.6,7.08,5.77,4.41,63.3,1
1,54,159.6,7.93,4.71,3.9,118.7,1
0,75,97.1,4.9,5.27,5.96,67.3,1
0,29,192.0,1.75,3.63,3.27,30.9,0
0,69,127.2,6.19,5.93,4.1,73.1,1
0,21,118.4,7.79,5.37,4.32,64.0,1
0,37,138.6,8.06,5.56,6.23,42.9,1
1,61,168.1,2.42,4.4,4.52,94.8,1
0,78,119.2,8.36,5.28,5.96,56.2,1
0,74,104.9,6.95,5.89,5.83,60.9,1
1,56,125.2,5.54,5.19,5.71,105.4,1
0,20,125.0,5.59,4.92,6.05,49.2,1
0,39,130.8,6.56,4.91,3.17,91.4,1
0,75,121.8,5.59,5.26,5.67,112.6,1
1,23,113.2,9.54,2.39,6.05,56.6,0
1,69,162.6,5.23,4.76,5.34,116.5,1
1,69,161.0,4.63,5.0,5.42,77.5,1
1,72,156.8,8.92,5.44,5.18,104.6,1
1,33,169.9,6.6,4.87,3.68,102.0,1
1,35,147.7,10.56,5.27,3.78,142.9,1
1,32,141.4,7.17,4.71,6.55,91.0,1
1,46,148.6,7.56,6.1,3.68,104.2,1
1,56,146.5,4.59,5.98,6.22,95.0,1
0,26,103.6,6.11,4.49,3.59,66.7,1
0,59,122.9,6.63,5.4,5.27,71.9,1
1,35,174.1,5.35,5.65,6.47,93.9,1
0,59,143.1,5.66,4.9,5.9,64.5,1
0,40,140.9,7.26,4.55,3.51,77.0,1
1,87,154.3,7.29,6.48,5.44,85.9,1
1,41,178.6,4.09,5.43,4.8,91.1,1
1,81,137.0,7.01,6.26,6.55,127.9,1
0,30,119.5,7.5,5.04,4.64,70.8,1
0,24,151.5,5.44,4.61,4.34,85.5,1
0,31,134.3,5.25,4.06,6.17,71.4,1
0,48,122.1,7.29,5.2,6.38,84.9,1
1,83,161.0,1.87,6.38,6.29,96.5,1
0,30,127.4,6.5,5.6,4.04,33.7,1
0,75,82.3,4.9,8.16,1.5,105.4,0
0,68,117.2,1.83,5.89,4.21,59.4,1
1,43,161.5,7.98,6.37,3.47,92.6,1
0,42,135.9,7.48,4.1,4.78,83.4,1
0,87,151.1,3.91,5.84,6.58,102.6,1
1,70,149.6,7.44,4.89,7.18,77.4,1
1,35,152.9,8.3,5.86,5.85,93.2,1
0,84,150.2,4.38,5.33,5.04,75.5,1
1,47,171.1,5.23,5.71,5.17,98.1,1
1,23,160.9,6.55,4.48,4.82,97.0,1
0,77,105.9,8.26,5.81,4.14,83.3,1
0,81,160.8,1.75,3.9,7.79,106.7,0
1,50,140.2,6.42,5.14,4.61,94.5,1
0,69,130.6,5.3,5.64,7.3,80.4,1
1,35,149.9,6.54,5.48,5.05,86.3,1
1,80,177.0,8.38,5.53,4.42,90.1,1
1,44,133.0,6.69,5.59,4.5,96.2,1
1,37,139.9,5.86,5.58,5.14,88.0,1
0,54,135.3,6.44,4.96,4.85,59.0,1
1,37,165.1,5.06,6.09,4.42,80.4,1
1,63,115.9,4.71,5.79,5.92,97.5,1
0,72,103.8,8.67,5.22,6.7,95.2,1
1,47,152.3,9.45,5.47,6.03,103.2,1
0,75,149.8,3.28,6.15,5.23,60.5,1
0,49,160.4,7.55,5.49,4.83,96.7,1
0,88,122.0,8.05,5.84,5.48,67.9,1
0,37,130.7,4.32,2.88,5.69,96.7,1
1,69,141.5,5.65,4.85,5.03,97.3,1
0,57,140.8,5.46,5.66,3.41,77.8,1
0,86,151.3,9.92,5.1,6.15,69.8,1
1,34,176.4,9.47,5.22,5.16,92.2,1
1,32,157.4,4.84,5.41,4.28,117.3,1
0,81,116.3,3.87,5.55,7.29,72.4,1
0,83,128.8,7.89,4.59,5.17,89.3,1
1,72,174.5,7.48,5.04,6.72,99.3,1
1,52,149.8,8.74,5.59,3.83,95.9,1
1,47,129.1,4.59,5.86,5.19,106.7,1
1,66,149.0,7.8,4.14,4.59,96.5,1
0,72,125.6,5.18,5.53,5.37,62.8,1
1,38,129.9,7.62,4.09,5.45,85.5,1
0,18,192.9,10.64,6.79,5.99,131.4,0
0,23,142.3,9.92,4.65,3.83,39.0,1
1,43,184.6,7.31,6.46,4.66,102.8,1
1,67,134.3,5.93,5.08,8.72,76.8,1
0,50,143.0,6.75,5.78,5.18,76.1,1
0,63,145.2,6.32,5.95,5.39,94.2,1
1,52,163.6,4.42,5.06,5.43,84.3,1
0,36,59.7,13.72,2.65,5.05,116.7,0
1,72,137.8,9.38,5.48,6.27,115.5,1
0,70,131.5,6.18,5.0,6.04,65.9,1
1,88,153.6,7.76,5.22,4.15,89.7,1
0,78,120.8,10.19,5.32,7.72,80.5,1
0,45,151.9,8.73,4.39,4.9,92.0,1
0,69,124.1,5.95,5.13,4.37,108.7,1
1,43,128.3,6.34,4.93,5.14,86.0,1
1,81,149.5,3.41,5.71,4.8,108.8,1
1,62,162.0,7.89,5.6,3.79,90.9,1
1,78,158.3,8.74,5.45,5.31,82.0,1
0,38,138.2,8.75,4.51,4.56,69.4,1
1,19,181.5,7.76,4.94,2.96,92.5,1
1,28,141.5,7.13,5.29,3.86,97.7,1
1,56,149.0,4.7,4.95,4.19,104.1,1
1,88,175.4,7.08,5.13,5.44,102.9,1
1,63,125.2,5.36,5.08,5.84,116.4,1
1,77,152.5,7.45,5.45,5.67,127.0,1
1,52,120.6,9.17,7.99,2.12,41.6,0
0,87,146.5,7.43,6.12,4.1,68.0,1
1,86,162.3,8.88,5.69,5.69,96.3,1
0,33,144.0,7.18,6.04,3.68,69.2,1
1,80,137.4,7.09,5.58,4.05,90.1,1
0,19,155.7,8.14,5.53,5.17,49.5,1
1,61,136.9,9.69,6.05,4.02,77.8,1
0,49,115.0,6.31,5.83,5.06,83.7,1
1,39,162.9,7.44,5.18,4.34,108.2,1
0,86,121.0,9.22,5.76,4.86,80.2,1
0,66,133.5,7.7,5.39,6.42,70.7,1
1,28,164.7,2.9,5.33,4.02,88.8,1
1,28,184.9,5.21,4.35,4.08,75.8,1
0,26,140.9,7.85,4.63,3.86,62.5,1
0,40,123.7,5.78,6.0,4.96,62.0,1
1,23,122.1,2.93,2.77,1.5,30.0,0
1,37,144.8,9.84,5.53,4.11,100.1,1
0,73,143.4,5.44,4.76,4.63,63.6,1
1,81,153.9,4.64,5.36,5.58,99.7,1
0,75,135.5,5.85,5.73,4.91,52.6,1
1,54,128.9,5.75,5.19,6.63,106.5,1
0,68,96.4,9.26,4.68,4.89,80.8,1
0,86,105.9,4.64,6.15,6.02,67.6,1
0,21,161.1,7.84,5.36,4.34,92.7,1
1,84,135.4,9.0,5.49,5.42,98.0,1
1,70,165.0,7.97,5.93,6.21,100.5,1
0,46,122.8,7.29,6.31,5.44,49.9,1
1,50,152.4,6.21,6.07,5.5,85.8,1
1,50,155.3,9.83,5.01,5.49,87.7,1
1,29,182.8,6.06,4.17,3.13,108.2,1
1,34,166.4,8.21,5.05,5.08,111.2,1
0,39,138.9,6.21,6.39,4.56,64.4,1
0,18,154.7,3.18,5.47,3.9,74.5,1
1,54,146.1,6.01,5.21,8.19,110.6,1
0,52,147.8,6.22,6.12,3.71,68.5,1
0,42,146.3,6.24,5.73,4.76,51.2,1
0,30,147.3,5.31,3.71,4.45,83.2,1
1,88,149.9,7.63,6.36,5.69,105.8,1
1,67,178.0,2.96,6.96,6.66,54.5,0
1,52,142.8,5.95,4.66,5.24,112.0,1
0,70,117.9,5.93,5.5,4.39,90.1,1
0,45,118.7,4.61,5.32,5.16,82.6,1
1,33,208.0,12.52,2.9,1.75,139.1,0
0,67,126.9,8.98,5.33,5.12,51.7,1
1,74,160.1,8.98,5.31,5.41,104.0,1
0,65,137.8,5.42,5.85,6.73,75.2,1
0,59,115.2,10.08,5.1,5.7,76.1,1
0,18,118.9,5.85,3.65,4.52,97.3,1
1,64,151.2,4.67,5.09,5.66,112.0,1
1,63,143.1,4.05,4.78,5.3,95.4,1
0,48,119.0,4.56,4.34,5.46,62.4,1
1,35,182.9,7.1,5.63,4.15,106.4,1
1,89,129.1,6.04,6.22,7.77,106.4,1
1,45,186.8,5.36,4.49,5.07,94.0,1
1,37,161.6,4.97,4.19,7.28,55.8,1
0,69,144.9,4.54,5.37,7.38,60.1,1
1,53,168.7,4.9,4.4,4.61,110.4,1
1,58,164.5,8.33,5.12,5.38,78.5,1
0,65,155.4,9.75,5.42,5.63,82.9,1
0,44,116.4,9.86,5.24,5.72,79.9,1
1,29,155.8,7.74,5.04,4.7,81.6,1
1,30,145.2,5.61,4.38,5.69,110.0,1
0,86,103.0,5.3,5.73,4.14,74.1,1
0,54,121.7,7.86,5.98,4.53,71.5,1
1,48,184.3,6.06,3.86,4.79,80.2,1
0,41,130.3,7.24,5.21,4.22,92.5,1
0,70,159.8,9.97,4.74,3.84,56.6,1
1,84,183.9,6.89,6.5,6.48,81.1,1
1,74,198.5,10.6,6.0,4.48,100.8,1
0,57,159.9,4.47,5.73,4.53,59.1,1
0,52,167.2,7.31,4.67,5.72,104.6,1
0,81,133.8,7.06,5.77,6.72,60.2,1
0,80,132.4,4.73,5.83,5.09,86.9,1
1,46,160.8,7.94,3.67,3.99,121.9,1
0,88,128.2,9.26,5.81,5.03,86.1,1
0,78,131.4,10.46,5.94,6.56,63.6,1
0,79,140.4,7.24,4.74,6.63,80.1,1
1,22,151.8,3.08,5.09,4.74,116.4,1
1,27,137.6,7.36,4.86,4.76,73.9,1
1,39,162.6,7.84,5.81,3.59,113.4,1
0,73,119.3,6.08,5.25,5.88,82.0,1
1,23,149.9,6.89,4.85,5.17,124.5,1
0,24,132.5,5.63,4.96,4.63,78.6,1
1,20,153.4,6.26,3.02,4.58,98.3,1
1,32,174.5,8.33,4.67,3.71,106.9,1
1,85,150.0,9.0,5.73,6.75,80.7,1
0,70,147.4,4.21,4.04,4.18,62.3,1
1,70,157.1,5.58,5.85,5.39,99.5,1
1,39,155.8,3.64,5.04,5.19,89.1,1
1,63,157.1,9.81,5.39,6.29,89.0,1
0,74,110.2,8.07,5.94,6.43,105.3,1
1,56,216.3,7.51,7.15,3.67,66.6,0
1,80,165.7,6.38,5.63,5.33,60.9,1
0,59,146.0,5.99,5.8,7.27,74.6,1
1,41,136.6,5.14,5.05,5.8,79.2,1
0,64,107.8,8.37,4.25,4.96,91.5,1
1,86,144.3,8.32,5.72,5.46,102.6,1
1,78,174.0,6.99,5.61,6.24,120.9,1
0,54,134.9,5.35,5.75,4.66,60.8,1
0,61,119.3,5.36,5.11,4.07,59.8,1
1,89,130.3,6.58,5.15,5.85,96.2,1
0,72,119.5,5.68,4.9,3.39,65.6,1
0,54,120.3,6.49,6.08,5.4,72.3,1
0,38,147.2,7.5,5.14,5.33,90.7,1
1,84,167.8,3.74,6.49,5.44,106.2,1
1,89,136.4,5.14,6.66,6.81,95.0,1
1,23,170.0,6.44,4.3,5.23,97.0,1
0,20,144.8,9.32,4.21,3.48,48.3,1
0,26,116.7,8.02,4.71,4.56,43.0,1
1,46,155.1,6.49,5.46,4.45,115.5,1
1,29,163.2,7.22,3.99,4.29,85.0,1
1,82,155.2,6.32,5.9,6.67,120.6,1
1,84,126.9,8.44,5.9,6.24,94.6,1
1,31,159.9,7.28,4.19,3.97,98.6,1
0,78,138.7,8.8,4.92,5.76,87.4,1
0,28,157.9,4.06,5.09,3.88,86.6,1
1,75,143.5,5.05,6.77,5.06,91.0,1
1,44,148.4,6.99,4.88,6.27,98.3,1
1,20,155.9,7.39,4.9,6.69,95.7,1
1,49,160.5,10.82,4.77,6.58,103.1,1
0,78,130.7,3.25,5.71,5.81,77.8,1
0,86,137.5,6.44,5.31,5.89,64.3,1
1,26,141.5,6.36,4.63,5.44,98.5,1
1,79,159.1,6.93,7.05,5.67,77.0,1
0,39,78.4,3.8,3.43,1.5,30.0,0
0,51,129.7,8.08,4.23,6.66,75.3,1
1,25,184.1,3.61,5.16,3.43,81.5,1
1,89,131.1,9.26,6.41,6.87,95.2,1
1,75,149.3,9.21,5.93,6.18,91.0,1
0,64,111.5,6.97,5.25,6.95,66.8,1
1,71,156.2,3.59,4.91,6.2,109.9,1
1,81,168.6,6.23,5.08,5.09,106.0,1
1,28,197.1,1.75,6.07,2.99,68.2,0
1,35,155.7,8.29,4.7,4.37,127.9,1
0,20,154.9,3.31,4.37,3.52,88.5,1
0,53,136.7,5.12,5.92,3.41,50.6,1
0,54,143.9,8.48,5.76,4.97,63.9,1
1,20,169.7,9.2,5.46,2.88,116.1,1
0,66,87.3,7.27,4.92,6.61,68.4,1
0,18,134.0,8.57,4.12,2.95,65.0,1
0,75,113.3,7.32,5.57,5.16,79.8,1
1,69,141.7,8.23,5.68,5.08,94.2,1
1,77,175.4,6.76,5.6,5.69,124.5,1
1,26,152.8,7.36,5.0,3.74,93.9,1
1,81,181.3,4.3,6.57,6.64,135.2,1
0,57,164.0,1.75,6.6,8.46,108.2,0
0,81,112.6,4.25,6.1,5.6,65.2,1
0,68,141.6,7.8,5.73,4.77,61.9,1
1,65,149.4,5.71,5.43,5.79,86.4,1
1,20,113.0,1.75,2.8,9.18,139.2,0
0,68,128.5,4.78,4.96,7.79,54.2,1
0,50,129.9,5.59,4.57,4.15,58.4,1
0,79,124.5,7.16,5.84,5.46,82.7,1
1,67,157.0,7.86,4.42,3.62,65.8,1
0,23,184.1,13.75,6.65,2.23,105.1,0
1,82,177.0,4.43,4.95,4.41,98.3,1
0,22,131.8,3.8,5.64,4.69,78.2,1
1,39,151.2,4.74,4.75,5.89,91.9,1
1,33,149.9,4.58,5.77,4.29,103.2,1
0,89,208.0,4.03,6.93,8.46,92.6,0
1,29,208.6,1.91,2.83,2.88,89.0,0
1,79,124.6,4.71,6.1,6.22,112.6,1
1,34,128.5,9.58,5.09,3.66,84.5,1
1,65,142.0,8.8,5.33,5.43,95.4,1
0,24,138.1,3.57,4.52,3.71,42.7,1
0,46,131.9,4.65,4.85,5.87,87.2,1
1,63,162.4,3.51,6.76,5.37,79.0,1
0,69,127.5,6.34,4.43,6.75,66.4,1
0,81,149.9,6.53,4.89,4.78,70.7,1
0,77,140.9,6.53,6.26,5.74,54.2,1
0,55,132.7,2.85,5.89,5.09,61.3,1
0,40,150.2,3.93,4.45,5.03,78.6,1
0,37,108.6,6.97,3.9,4.23,65.4,1
1,90,150.7,7.62,6.51,3.77,112.6,1
1,62,156.9,2.86,4.7,5.85,109.2,1
0,84,137.6,4.19,5.37,5.73,62.5,1
0,49,160.7,1.75,2.81,1.5,115.6,0
1,53,151.8,4.3,4.55,4.61,90.9,1
0,78,135.2,6.47,6.12,4.51,68.8,1
0,70,180.7,1.75,7.29,1.5,49.8,0
0,32,151.6,8.0,4.35,5.57,75.5,1
0,56,142.8,2.87,4.76,5.63,48.9,1
0,33,132.8,5.95,5.67,3.44,62.8,1
0,73,139.8,8.19,5.33,7.73,67.7,1
1,20,156.0,7.6,5.07,3.39,102.4,1
1,78,155.4,5.66,5.56,6.2,125.9,1
0,85,140.4,5.24,4.62,5.7,87.1,1
1,19,123.6,9.7,2.86,1.5,138.0,0
1,64,160.0,4.18,6.0,5.59,85.4,1
0,23,149.1,6.32,5.85,4.29,93.5,1
0,44,143.3,6.35,3.92,4.31,68.7,1
1,42,175.3,5.75,3.13,6.03,75.8,1
0,55,166.4,8.3,5.61,5.66,79.1,1
0,84,139.1,4.57,5.3,6.33,56.7,1
0,51,125.0,3.43,4.31,4.83,83.4,1
0,47,140.0,5.55,5.17,5.26,67.4,1
0,24,141.6,6.72,4.49,4.46,67.6,1
0,82,138.0,6.31,4.86,6.09,33.9,1
0,40,122.8,1.75,7.05,2.11,32.3,0
1,51,130.6,4.47,5.5,2.88,79.9,1
0,24,157.3,4.73,4.86,5.7,61.4,1
1,39,184.9,5.62,5.09,4.77,99.8,1
1,58,163.7,5.48,5.54,5.67,95.7,1
1,83,161.6,8.48,4.63,5.04,133.6,1
1,42,153.2,6.98,5.0,4.64,71.2,1
0,58,131.3,5.54,5.41,6.53,68.2,1
0,81,184.7,4.6,3.31,9.14,123.8,0
0,44,142.1,7.3,4.56,6.86,66.6,1
1,39,167.9,4.06,4.54,5.58,96.9,1
1,21,168.3,1.75,4.54,3.82,134.8,1
1,84,198.6,1.75,8.19,9.3,49.0,0
0,26,89.3,12.74,6.94,9.13,144.7,0
0,33,118.3,8.1,5.69,4.86,82.4,1
1,28,170.7,3.51,3.88,5.14,107.5,1
1,69,182.0,7.69,4.87,6.65,95.5,1
1,44,156.2,7.62,5.45,2.77,72.8,1
0,69,152.6,9.01,6.22,6.01,90.8,1
0,62,117.0,8.21,4.75,6.45,82.5,1
0,19,134.7,8.93,4.79,3.69,80.0,1
1,40,147.4,7.38,4.32,5.74,94.8,1
0,18,155.9,7.32,4.84,4.36,62.2,1
1,22,232.7,9.99,6.18,1.5,72.5,0
0,52,130.3,7.98,5.29,5.75,78.5,1
0,37,150.9,4.1,4.23,4.73,45.4,1
0,24,159.4,6.25,3.78,4.41,71.4,1
1,47,110.4,1.75,8.69,8.67,42.1,0
1,50,157.9,9.03,5.19,4.15,58.1,1
1,90,163.0,5.64,7.03,6.49,88.3,1
1,66,141.8,8.24,6.3,4.5,137.2,1
0,46,134.1,6.15,4.11,6.28,37.9,1
0,52,163.9,8.28,5.4,6.07,56.3,1
1,24,151.1,5.06,3.98,5.86,59.7,1
0,46,145.2,7.81,4.91,5.34,49.6,1
0,60,138.9,6.33,4.17,4.82,46.4,1
1,19,156.6,4.37,3.74,3.73,78.2,1
1,85,155.8,6.22,5.16,5.0,125.0,1
0,55,157.8,8.88,4.9,4.94,87.3,1
1,75,161.8,4.67,5.55,4.88,94.9,1
1,38,220.0,1.75,2.72,8.2,156.7,0
1,79,177.1,7.22,5.67,4.86,91.8,1
1,44,152.3,3.48,5.74,4.32,82.9,1
0,85,112.8,9.31,5.84,5.36,68.8,1
0,56,157.9,9.27,5.2,4.42,50.0,1
1,64,156.6,8.37,5.56,4.97,69.9,1
0,32,147.2,6.48,4.02,5.17,82.5,1
0,90,116.6,9.5,6.32,5.0,80.5,1
1,32,163.6,8.92,4.16,3.56,77.3,1
0,20,118.5,5.54,5.63,4.24,79.0,1
1,50,157.0,9.09,5.61,3.97,105.1,1
0,78,119.5,4.86,5.9,6.76,65.8,1
0,85,115.3,6.15,6.04,5.07,61.0,1
1,80,148.5,3.27,5.6,5.64,110.9,1
1,58,120.8,6.76,4.8,5.57,104.6,1
0,84,111.2,5.97,5.09,4.54,101.3,1
0,53,143.4,5.69,6.25,4.3,80.2,1
0,52,137.0,6.2,5.24,4.47,47.0,1
0,31,117.8,5.46,4.2,5.32,49.6,1
1,75,161.7,6.58,5.84,7.15,95.5,1
0,41,119.7,8.81,5.22,6.49,85.2,1
0,32,144.6,4.59,4.68,5.79,77.4,1
0,44,130.9,8.05,4.52,3.76,63.9,1
0,62,185.4,2.76,7.2,6.66,80.9,0
1,37,155.9,7.17,5.52,5.99,118.9,1
0,44,171.0,6.44,5.25,6.25,94.5,1
1,42,145.4,5.21,5.07,5.56,76.0,1
0,61,134.3,7.3,4.85,5.95,84.0,1
0,70,141.7,7.43,5.74,5.01,78.3,1
1,67,139.9,5.06,5.02,6.88,108.6,1
0,28,110.3,4.09,4.06,3.9,95.2,1
0,43,123.7,6.65,5.72,3.41,94.5,1
0,65,141.9,7.86,4.76,6.02,81.8,1
0,33,128.6,8.31,3.76,4.14,69.0,1
1,23,155.2,8.67,5.53,3.29,91.7,1
1,41,170.6,7.17,3.97,5.61,93.8,1
0,67,118.2,6.03,5.17,3.69,115.3,1
1,66,153.1,6.5,4.73,5.73,99.0,1
1,27,135.6,4.26,4.37,4.14,108.0,1
1,67,159.1,5.27,6.74,6.78,104.6,1
0,32,137.2,6.4,4.82,5.05,57.8,1
1,72,165.7,6.02,5.7,6.41,105.8,1
0,59,113.9,6.67,5.76,4.2,64.0,1
1,27,155.4,4.03,4.42,3.02,82.2,1
1,43,137.5,4.43,5.69,4.53,106.1,1
0,77,125.6,7.9,5.78,6.09,55.9,1
0,49,154.3,5.0,5.59,5.04,86.6,1
1,68,149.4,5.28,4.99,6.4,107.0,1
0,72,109.3,6.67,5.75,5.93,93.6,1
1,20,148.8,4.82,4.69,3.46,103.2,1
1,85,128.3,8.49,6.35,6.12,84.9,1
0,42,113.4,4.24,4.71,4.99,89.8,1
0,75,139.6,6.5,6.74,6.64,92.2,1
0,52,110.1,5.15,5.38,4.21,87.0,1
0,60,135.7,6.78,5.22,4.6,85.0,1
0,44,133.0,5.6,4.91,5.24,51.0,1
0,80,121.0,6.46,5.6,6.87,87.8,1
1,26,161.8,8.7,4.41,4.34,77.6,1
0,83,114.6,5.26,6.05,6.2,65.8,1
1,33,170.3,5.25,4.89,4.69,84.2,1
1,82,142.3,5.93,6.8,5.6,75.6,1
1,19,153.3,9.15,4.43,5.42,98.6,1
1,19,151.5,6.34,4.61,4.48,95.5,1
0,24,144.9,8.72,4.5,4.08,92.1,1
1,57,163.5,6.18,6.38,4.69,115.9,1
0,37,94.0,8.64,4.09,4.46,75.5,1
0,61,134.7,7.23,5.37,4.6,85.9,1
0,77,103.1,7.5,5.74,5.33,73.3,1
1,19,154.0,3.92,4.01,4.43,94.3,1
1,56,153.8,3.65,6.83,5.38,99.7,1
1,71,148.6,8.43,4.91,4.53,96.3,1
1,48,163.7,8.4,5.14,4.58,100.6,1
0,85,139.3,10.86,6.69,5.37,85.2,1
1,66,142.8,3.83,5.16,4.63,80.0,1
0,20,122.9,7.37,4.79,3.88,65.9,1
1,57,154.8,4.66,5.05,5.95,109.5,1
0,46,109.2,5.17,5.06,6.15,65.0,1
1,27,151.1,5.6,5.45,4.26,88.4,1
0,87,148.5,7.19,5.45,5.1,90.6,1
1,34,135.0,5.3,3.32,4.61,85.6,1
0,24,129.5,6.56,4.74,4.56,78.7,1
0,34,124.7,8.0,4.95,5.3,74.9,1
1,78,183.3,8.53,5.69,5.2,112.2,1
0,61,169.2,14.18,3.79,1.79,121.6,0
0,77,122.1,7.31,5.04,7.75,63.0,1
0,51,116.4,6.25,5.02,3.86,63.8,1
0,26,134.5,5.48,5.85,5.33,97.1,1
0,46,136.5,7.47,5.06,6.26,65.3,1
1,32,144.5,4.61,5.27,4.41,87.6,1
0,58,146.0,6.71,4.65,5.56,67.0,1
0,37,137.4,4.56,4.78,3.23,68.8,1
0,88,141.0,6.43,5.12,5.78,69.3,1
1,45,151.6,4.6,5.85,5.94,105.7,1
1,40,160.6,5.78,4.07,4.91,98.5,1
0,89,124.9,5.28,5.96,5.81,66.6,1
0,55,153.4,5.07,5.43,6.66,84.6,1
0,30,135.7,6.34,5.02,5.34,76.7,1
1,53,155.8,2.14,3.79,5.7,117.6,1
1,36,150.5,3.26,3.73,3.99,101.5,1
1,70,146.3,7.95,5.52,3.2,96.6,1
0,59,134.7,6.77,4.73,5.52,70.9,1
1,71,166.2,5.2,5.08,5.42,100.7,1
0,86,118.1,8.25,5.44,6.41,80.8,1
1,71,155.8,5.35,4.83,5.53,98.5,1
1,42,159.6,5.46,4.29,4.88,90.5,1
0,32,139.2,5.09,4.88,4.67,82.0,1
1,56,129.8,9.93,4.1,4.12,104.3,1
1,50,142.1,6.92,4.85,3.34,97.8,1
0,40,158.2,2.54,6.56,5.89,44.6,0
0,77,129.8,7.34,5.54,4.55,73.7,1
0,84,115.1,3.17,7.09,5.64,75.4,1
1,45,149.1,5.43,4.49,3.43,106.7,1
0,67,112.4,7.32,5.65,4.91,86.4,1
0,89,122.1,6.49,5.87,7.52,85.3,1
1,18,142.3,10.47,5.01,4.29,84.4,1
0,44,144.0,5.54,4.93,4.92,78.8,1
0,71,137.1,8.2,6.33,5.43,75.2,1
1,54,157.9,7.95,5.62,5.27,103.6,1
1,75,149.0,6.76,5.95,5.03,126.1,1
1,52,125.2,7.08,4.33,4.89,94.4,1
0,22,127.9,5.98,4.79,3.95,72.4,1
0,49,174.2,9.39,6.68,1.5,30.0,0
0,47,136.0,7.13,4.59,6.0,70.5,1
1,79,162.4,7.27,5.21,4.79,88.8,1
0,28,139.1,7.55,4.79,6.0,56.3,1
0,29,153.0,6.61,5.11,3.89,43.1,1
1,28,149.7,8.25,5.41,3.34,86.0,1
1,59,146.0,4.94,5.85,6.92,88.6,1
1,90,167.6,9.14,5.93,4.47,98.6,1
0,63,133.2,4.72,5.38,3.22,66.1,1
1,77,149.6,6.31,5.36,4.24,114.3,1
0,80,156.7,7.73,5.45,5.48,78.4,1
1,61,163.6,5.57,4.85,4.02,109.2,1
0,62,127.9,7.85,5.07,4.73,88.8,1
1,35,147.2,5.88,5.14,2.87,117.6,1
0,88,148.1,6.71,6.64,6.74,90.0,1
1,75,156.6,6.17,5.44,5.88,85.5,1
0,81,129.3,5.46,5.13,4.48,87.9,1
1,89,162.2,10.55,6.32,3.7,104.3,1
0,43,145.9,4.99,3.84,4.05,93.3,1
0,28,142.4,2.38,5.45,5.15,72.8,1
0,80,142.3,5.05,4.74,6.57,92.2,1
1,52,162.6,6.74,5.57,4.83,99.1,1
0,87,136.6,5.82,5.42,5.29,77.4,1
0,68,119.2,8.33,5.61,4.84,84.4,1
1,36,184.6,8.27,6.19,4.99,92.1,1
0,43,114.2,5.93,4.54,5.65,81.4,1
0,62,181.7,1.75,3.02,7.2,104.0,0
1,46,136.3,4.19,5.14,4.58,104.6,1
1,38,155.7,6.44,5.89,5.46,77.8,1
1,33,149.1,3.68,5.0,6.0,105.0,1
1,65,156.5,5.84,5.4,5.04,51.4,1
0,20,140.1,9.06,4.8,4.48,44.8,1
0,24,120.3,7.12,4.16,3.8,73.0,1
0,21,134.5,6.58,4.82,4.49,73.1,1
1,71,174.8,4.63,5.23,4.59,94.8,1
1,20,139.3,6.83,5.49,5.68,106.8,1
0,48,119.4,6.03,5.6,5.76,87.4,1
1,26,171.3,6.93,4.0,6.08,134.3,1
0,60,132.2,7.81,5.13,4.7,74.7,1
0,20,137.3,8.12,5.02,6.26,87.5,1
1,19,174.4,6.73,4.1,4.6,83.5,1
1,48,144.3,7.42,4.47,4.84,89.2,1
1,68,146.4,5.58,5.14,6.49,86.1,1
1,26,148.8,8.54,5.0,3.6,94.6,1
1,54,150.4,4.9,5.83,5.11,101.0,1
1,77,173.4,6.13,5.69,5.4,114.5,1
0,63,105.2,8.73,6.82,5.64,79.3,1
0,72,111.9,5.63,5.07,5.04,94.7,1
1,41,136.4,4.09,5.46,4.33,117.3,1
0,86,149.4,5.76,5.02,5.38,75.9,1
0,28,125.0,9.01,5.79,4.3,70.8,1
0,62,125.9,2.41,6.15,5.31,51.2,1
0,49,107.9,6.68,5.56,6.14,65.3,1
1,20,155.1,5.36,3.66,2.46,83.9,1
0,86,141.4,6.2,6.11,6.41,63.8,1
0,69,133.9,5.87,4.94,4.96,68.1,1
1,34,156.0,8.23,5.18,4.52,104.6,1
0,21,111.4,6.6,3.84,3.44,76.4,1
0,67,125.4,8.32,5.57,5.38,89.2,1
0,57,133.5,8.81,5.04,4.79,79.6,1
1,21,144.0,6.55,4.25,4.22,87.2,1
0,89,137.9,5.85,6.09,6.3,86.8,1
1,70,167.3,7.18,5.42,5.97,77.9,1
0,51,124.0,7.53,5.04,6.3,88.2,1
1,35,168.4,4.42,5.37,4.17,85.3,1
0,37,131.7,6.92,6.1,5.35,38.4,1
1,50,173.2,6.04,5.32,5.57,105.7,1
0,22,165.3,5.74,3.65,4.52,67.5,1
1,44,176.6,10.08,1.95,8.37,157.9,0
0,33,145.2,5.37,4.94,4.09,87.1,1
0,26,154.0,8.76,5.41,4.66,57.5,1
0,27,119.7,5.84,4.89,4.81,95.2,1
0,43,124.1,8.56,5.35,3.78,44.9,1
0,45,123.7,6.74,5.04,6.04,80.2,1
1,43,123.9,1.75,4.42,2.45,72.4,0
0,68,124.9,6.84,5.79,5.75,59.2,1
0,56,128.4,4.36,4.63,6.54,105.5,1
1,32,170.4,7.59,5.15,4.83,99.0,1
0,88,99.8,6.13,4.79,5.8,81.0,1
0,71,115.3,8.04,5.73,5.48,92.2,1
0,52,141.8,9.08,5.01,4.14,79.9,1
0,21,143.2,3.38,4.81,4.08,52.2,1
0,84,112.7,5.67,5.85,5.54,30.0,1
0,72,138.2,4.32,5.65,5.53,60.0,1
0,51,151.8,10.38,6.02,6.26,60.2,1
1,29,157.4,5.71,4.86,5.42,82.2,1
0,25,119.4,4.13,4.89,3.97,62.8,1
1,39,170.2,10.53,5.78,4.76,54.2,1
1,34,183.4,5.19,6.05,5.94,78.8,1
0,33,120.4,3.58,4.88,3.11,80.8,1
0,47,179.8,1.75,2.82,7.34,142.1,0
1,21,175.3,6.76,4.44,3.24,85.1,1
1,41,158.6,6.58,5.29,7.02,107.4,1
0,81,102.7,5.0,5.49,6.32,36.2,1
1,81,159.6,5.63,4.57,5.17,103.1,1
1,18,144.5,6.6,5.34,4.33,113.7,1
0,67,111.2,8.88,5.89,4.6,82.1,1
0,90,102.1,7.1,6.44,7.59,75.1,1
1,60,172.9,5.49,6.11,3.14,59.7,1
0,46,119.9,6.09,5.2,5.21,101.7,1
1,53,160.7,7.89,5.35,5.0,126.8,1
0,33,142.4,9.52,5.5,3.73,83.2,1
1,47,158.7,4.51,4.38,4.71,117.3,1
0,86,132.8,8.51,5.48,4.26,75.3,1
0,62,136.5,5.94,5.29,6.65,85.5,1
0,49,134.2,3.58,5.69,5.0,86.0,1
0,27,122.9,3.22,4.48,5.36,71.4,1
1,84,139.9,8.9,5.23,5.24,86.8,1
0,29,132.5,9.12,4.58,5.79,85.6,1
1,70,152.1,5.48,5.73,5.43,126.7,1
1,40,163.4,6.12,4.96,5.77,115.6,1
0,38,112.7,1.75,2.12,8.03,30.0,0
1,30,163.2,7.87,4.1,4.57,100.5,1
1,45,185.9,1.75,7.44,2.58,69.4,0
1,67,121.6,3.71,5.51,9.11,64.1,1
0,48,120.7,6.87,5.14,3.94,71.8,1
1,19,138.9,4.0,4.4,4.27,92.7,1
1,37,146.3,7.5,5.43,3.58,78.7,1
1,29,161.7,4.55,5.06,4.95,112.3,1
0,47,133.6,7.11,5.31,5.14,77.6,1
1,83,180.6,5.32,5.87,7.41,59.9,1
0,88,135.4,2.24,6.68,5.53,78.9,1
0,90,156.6,8.29,5.14,6.66,94.6,1
0,26,145.1,8.39,4.54,2.65,63.4,1
1,53,172.0,5.56,4.99,5.2,82.3,1
1,21,153.5,6.99,5.47,3.64,76.7,1
0,54,115.5,7.29,4.99,5.61,75.2,1
1,60,148.3,7.35,4.82,6.24,87.1,1
0,74,129.4,9.61,5.45,4.94,52.6,1
0,42,123.4,7.25,5.09,5.33,97.4,1
1,20,144.0,5.86,5.42,4.08,99.1,1
1,51,162.2,7.27,4.94,5.06,89.7,1
1,49,141.0,5.73,4.72,5.35,122.6,1
1,63,131.7,4.58,4.8,4.36,102.3,1
0,25,117.7,8.7,4.57,3.6,70.2,1
1,62,151.3,7.46,6.87,6.02,101.4,1
0,47,117.4,3.15,5.33,4.33,65.4,1
1,71,150.5,5.27,5.82,6.57,96.5,1
0,89,137.1,7.86,5.73,4.18,84.2,1
0,34,142.2,3.69,4.99,5.52,97.9,1
0,73,119.8,5.14,5.97,5.47,66.4,1
1,27,138.7,11.29,5.14,4.46,105.8,1
0,89,119.5,5.9,5.94,5.91,53.3,1
1,53,165.5,8.45,5.2,3.76,105.2,1
1,72,110.6,13.46,3.83,4.15,91.1,0
0,74,134.9,4.86,5.76,5.09,75.1,1
1,62,172.8,6.98,5.38,4.49,89.4,1
0,46,158.3,10.21,6.37,6.87,65.3,1
0,73,122.5,7.33,6.13,5.15,81.9,1
1,52,178.1,10.76,4.78,4.26,98.5,1
0,66,126.5,5.35,4.69,6.05,68.2,1
0,62,146.1,9.73,5.09,5.48,83.9,1
0,51,142.5,6.53,4.52,5.93,60.4,1
1,26,128.7,5.91,4.52,4.6,109.3,1
0,39,118.6,7.65,4.4,5.64,68.2,1
0,86,110.1,6.3,5.49,7.57,85.2,1
1,55,94.0,12.15,6.72,6.9,154.2,0
0,64,143.8,7.37,5.45,4.87,45.1,1
1,36,229.4,1.75,6.2,6.52,55.5,0
0,69,126.2,5.06,4.89,5.72,51.5,1
1,53,168.5,7.8,5.92,5.17,71.7,1
1,33,180.0,8.28,5.14,5.8,93.1,1
0,28,137.3,7.14,4.49,4.53,77.0,1
0,46,132.0,7.0,4.56,4.84,50.1,1
1,59,151.4,7.22,4.4,5.36,102.0,1
1,38,165.3,8.22,4.05,4.55,83.8,1
0,35,146.6,3.93,5.55,5.03,73.8,1
1,37,164.2,5.58,5.52,4.94,134.8,1
0,39,139.5,6.37,4.63,5.27,68.2,1
1,71,198.0,2.23,8.49,2.23,38.0,0
1,54,131.7,2.7,5.58,5.58,97.4,1
1,52,169.3,4.24,5.3,5.6,94.7,1
1,29,138.8,6.47,5.35,4.29,91.3,1
0,57,140.6,8.32,5.63,5.07,74.4,1
1,88,163.5,5.75,5.81,5.6,96.6,1
1,72,136.7,5.3,5.34,4.34,80.0,1
1,50,146.9,7.45,5.09,4.56,109.9,1
1,40,188.8,5.91,4.04,5.48,116.7,1
1,43,155.5,8.09,4.56,5.62,91.6,1
1,19,140.8,6.1,5.77,4.68,101.2,1
1,20,171.0,4.49,4.2,3.49,65.3,1
1,74,142.0,9.06,4.4,6.36,98.4,1
0,79,100.3,8.73,6.13,7.25,103.8,1
0,88,136.0,4.78,5.87,6.29,87.4,1
0,63,117.0,7.21,5.53,5.26,76.5,1
0,85,133.3,5.91,5.58,4.92,74.6,1
0,48,120.0,7.61,5.67,4.95,68.9,1
0,36,144.0,4.92,5.86,4.27,79.1,1
0,35,136.3,8.07,4.61,4.52,88.2,1
1,35,151.1,3.75,2.97,8.41,144.8,0
0,72,135.5,4.79,6.15,6.23,85.9,1
1,18,154.9,6.62,4.32,4.05,83.8,1
0,87,149.6,8.69,6.61,5.82,68.8,1
0,74,135.5,4.7,6.18,5.48,58.0,1
1,45,167.8,5.3,4.33,4.51,99.7,1
1,69,143.4,7.69,6.39,4.17,99.7,1
1,27,146.4,6.21,4.09,5.29,102.3,1
1,49,155.7,3.66,4.72,6.04,102.1,1
1,25,153.1,5.92,5.19,3.95,107.1,1
1,26,178.5,9.64,5.41,3.93,127.6,1
0,18,132.9,10.21,4.73,5.18,82.9,1
1,76,135.0,5.35,5.16,4.92,69.2,1
1,72,141.4,4.86,5.32,4.19,94.9,1
0,83,143.2,5.68,5.42,5.26,74.6,1
0,89,125.6,9.74,6.24,7.0,51.7,1
1,88,148.9,8.02,5.48,5.29,111.9,1
0,90,143.9,9.14,5.36,5.22,102.3,1
1,19,145.4,8.3,3.8,3.96,83.0,1
0,75,96.0,4.13,5.17,4.46,93.7,1
0,70,117.2,4.79,5.38,4.21,90.6,1
0,29,137.7,5.25,4.16,4.34,76.6,1
1,27,154.6,5.56,3.76,3.28,108.8,1
0,89,104.7,5.28,6.32,5.42,64.0,1
1,82,168.0,5.49,5.03,5.88,116.4,1
1,41,159.4,7.65,4.23,5.16,116.0,1
0,23,140.5,6.74,5.69,4.33,79.3,1
1,42,163.1,8.7,5.54,3.76,101.7,1
0,18,115.7,6.95,5.29,3.99,60.0,1
1,68,158.7,5.28,5.72,5.67,112.6,1
0,45,146.1,6.84,5.86,5.46,73.5,1
0,21,152.0,3.78,5.25,4.17,70.0,1
1,89,162.9,2.34,5.53,5.15,113.6,1
1,78,160.9,7.66,4.93,5.63,94.6,1
1,84,126.5,8.33,4.89,5.36,88.6,1
1,90,151.8,6.63,5.67,4.88,115.8,1
0,19,120.8,5.8,4.03,4.66,49.3,1
0,74,148.8,4.08,5.03,5.5,85.6,1
0,75,146.5,8.6,5.43,4.5,56.3,1
1,75,139.2,7.39,6.36,4.93,71.6,1
0,37,132.6,7.02,4.05,4.57,82.7,1
0,46,136.1,6.49,5.11,3.55,78.2,1
0,85,142.0,5.65,4.92,5.05,65.8,1
0,22,78.3,1.75,2.76,2.1,30.0,0
0,64,97.5,6.95,5.92,4.84,79.3,1
0,75,130.1,5.53,5.02,4.78,67.7,1
0,76,91.4,5.74,5.38,6.49,86.7,1
1,61,157.3,9.59,5.4,5.53,89.4,1
0,73,91.2,1.75,4.43,2.67,30.0,0
0,84,147.1,2.08,5.33,4.97,91.8,1
1,73,144.4,5.54,6.25,5.2,83.2,1
0,26,136.8,4.7,4.52,4.51,50.5,1
0,35,143.3,6.25,5.22,4.9,58.7,1
0,40,115.4,3.94,4.89,6.86,76.6,1
0,43,146.4,7.28,5.49,4.94,101.8,1
1,44,160.7,5.97,6.28,5.86,99.5,1
0,34,124.5,5.64,4.74,6.74,59.6,1
0,67,132.4,6.77,5.4,6.88,61.9,1
0,26,132.3,6.36,4.53,4.66,78.5,1
0,75,104.9,1.75,3.81,9.3,85.8,0
1,66,149.0,6.1,4.97,5.43,70.1,1
0,88,131.6,6.46,5.71,5.72,78.3,1
1,18,149.9,7.12,4.2,5.12,109.2,1
1,39,143.0,6.89,4.54,5.58,110.6,1
1,83,155.3,8.53,3.75,6.12,104.3,1
1,54,142.1,5.52,6.04,4.93,115.7,1
1,58,167.2,6.93,6.26,4.73,95.1,1
1,20,167.9,10.9,5.09,3.31,90.3,1
1,73,142.2,6.43,4.97,5.61,97.9,1
0,36,136.6,6.5,4.18,4.93,77.2,1
0,88,116.7,4.23,4.78,6.51,133.8,1
0,45,108.4,5.22,5.46,3.59,70.3,1
1,31,148.9,6.31,5.62,4.71,99.2,1
1,61,193.6,2.25,3.56,7.26,154.6,0
0,52,139.6,7.67,5.69,4.99,81.9,1
0,52,134.0,7.09,5.45,6.16,48.4,1
0,87,141.9,7.95,5.24,6.89,101.1,1
1,44,141.9,4.7,5.67,5.79,102.1,1
1,47,150.6,7.38,5.67,5.02,54.8,1
1,63,179.4,6.52,4.75,5.09,92.0,1
0,30,105.0,6.72,5.33,5.68,61.7,1
0,78,122.4,5.85,5.48,7.1,67.8,1
0,34,117.5,4.78,4.75,6.12,72.2,1
1,35,154.6,4.31,5.16,5.14,107.6,1
1,18,192.3,12.7,2.91,1.5,165.0,0
1,43,165.7,7.4,5.58,5.48,116.7,1
0,60,134.8,6.27,4.79,5.88,98.0,1
0,69,110.5,6.47,5.77,5.02,71.4,1
1,83,143.9,5.2,4.95,5.49,67.8,1
0,74,129.6,7.41,5.4,8.22,37.2,1
1,41,168.0,6.61,4.95,4.46,108.7,1
0,78,165.7,5.84,6.15,6.33,74.0,1
0,32,144.3,8.06,4.89,4.18,95.1,1
1,33,142.5,7.66,4.74,4.55,103.6,1
0,44,131.2,3.74,5.92,4.05,46.9,1
0,57,134.0,6.59,5.0,4.31,64.8,1
1,32,150.0,4.78,4.6,5.2,103.0,1
0,83,135.8,6.75,4.52,6.11,58.4,1
0,37,99.2,1.75,4.82,6.4,95.4,1
1,46,164.7,6.85,4.53,4.94,90.7,1
0,62,169.9,1.9,7.44,8.48,121.6,0
0,49,130.5,6.3,5.28,4.94,49.4,1
0,47,154.3,4.4,4.45,4.06,103.9,1
0,89,109.2,10.02,5.24,6.31,72.5,1
0,49,136.2,8.58,4.18,4.83,77.8,1
1,26,170.3,5.54,4.48,3.23,84.7,1
0,71,132.5,6.03,4.9,6.42,68.6,1
0,69,105.9,2.93,6.72,4.86,79.1,1
0,33,154.0,7.35,5.8,4.96,79.2,1
0,80,125.8,4.04,6.41,5.93,83.6,1
1,46,148.5,7.7,4.31,5.11,112.5,1
0,29,129.4,8.35,4.73,3.68,82.8,1
0,30,128.3,6.37,4.13,5.86,80.7,1
0,70,112.1,4.58,6.56,4.74,64.6,1
0,33,136.2,8.75,5.39,2.45,69.3,1
0,52,122.8,6.5,4.55,5.8,55.2,1
1,71,164.0,6.67,5.69,6.15,91.1,1
1,80,160.8,4.82,4.71,4.52,105.4,1
0,53,156.1,6.85,5.11,5.05,79.7,1
1,84,149.4,6.13,5.55,6.65,109.1,1
0,40,121.0,4.11,5.44,6.07,95.1,1
0,81,106.9,8.91,6.21,6.17,55.4,1
1,36,190.3,9.67,4.95,5.46,68.8,1
1,22,168.7,8.33,4.6,5.09,92.2,1
0,70,119.6,8.06,3.51,5.28,96.6,1
1,73,179.1,9.68,6.43,4.48,120.3,1
0,85,148.8,4.61,5.28,5.46,78.2,1
1,85,132.2,4.59,5.74,6.71,95.0,1
1,25,147.2,5.75,6.13,5.5,100.2,1
1,63,152.7,7.04,4.63,5.44,115.0,1
1,69,138.0,5.97,5.45,5.08,86.8,1
1,61,153.5,4.66,5.61,6.78,89.5,1
1,19,169.8,6.51,5.34,4.49,97.4,1
1,21,138.3,6.33,4.72,4.99,112.8,1
0,66,134.8,8.01,6.1,4.23,86.8,1
0,80,146.5,6.58,5.35,5.55,45.4,1
0,31,139.9,3.07,5.19,5.6,85.1,1
1,21,157.8,7.19,4.96,3.19,95.8,1
0,47,122.3,9.35,5.05,4.91,82.9,1
0,40,145.5,6.55,5.19,5.17,69.8,1
1,89,134.4,8.28,5.21,7.07,106.9,1
0,85,132.1,5.59,5.5,6.58,75.9,1
1,58,155.6,7.52,4.5,6.68,89.7,1
1,87,119.7,1.75,7.22,8.53,130.1,0
0,34,124.9,6.06,5.59,5.48,69.8,1
0,90,120.5,6.07,6.0,4.94,56.1,1
0,50,113.4,7.36,5.33,4.11,66.9,1
0,52,138.4,5.02,4.22,6.55,68.8,1
0,21,128.5,3.86,4.91,4.01,87.6,1
0,30,121.1,7.35,4.81,4.11,82.5,1
0,32,122.3,7.28,5.2,2.56,102.8,1
0,53,139.8,6.7,6.02,6.01,48.5,1
1,31,141.4,8.18,4.62,3.61,92.7,1
1,25,143.3,6.14,4.59,3.76,114.7,1
0,62,144.2,7.01,5.88,6.22,78.2,1
1,81,150.4,5.87,5.25,3.63,95.8,1
0,23,149.0,6.03,4.8,5.68,58.2,1
0,58,125.8,7.11,4.07,4.41,84.3,1
0,88,128.2,10.58,5.54,5.63,78.2,1
0,47,134.6,7.84,5.89,4.24,68.3,1
0,31,154.7,7.49,5.07,3.42,87.7,1
0,23,154.3,7.89,5.28,3.78,105.7,1
0,86,145.7,2.27,6.26,4.98,62.0,1
0,47,122.9,7.07,5.91,3.83,82.1,1
1,25,185.4,1.75,6.65,8.48,136.7,0
1,81,164.3,6.65,6.18,4.75,108.8,1
1,76,174.1,6.42,6.89,3.82,118.6,1
1,69,171.5,4.81,5.42,3.52,119.8,1
1,24,158.8,5.72,3.97,4.87,88.7,1
0,24,145.5,5.0,4.4,2.92,47.3,1
0,33,144.9,8.3,5.18,4.5,71.2,1
0,29,136.3,9.2,3.84,6.35,71.1,1
0,56,134.3,9.98,4.78,5.28,32.5,1
1,46,157.9,4.97,4.89,5.21,112.5,1
0,73,117.9,5.3,5.56,4.98,66.8,1
1,25,148.2,5.15,5.85,4.49,95.5,1
1,71,143.4,4.67,5.88,5.23,90.0,1
0,86,104.4,4.7,5.02,6.0,72.2,1
1,27,114.8,1.75,4.82,8.07,163.7,0
0,65,129.9,8.07,5.37,4.92,75.5,1
0,55,142.9,5.21,4.22,4.39,105.6,1
0,24,153.5,8.4,4.14,4.41,81.6,1
0,39,153.0,8.96,4.37,5.64,83.5,1
1,75,174.8,7.01,4.72,5.2,95.7,1
0,81,117.5,8.71,5.92,5.86,74.1,1
0,44,111.1,4.05,3.46,5.34,88.7,1
0,25,148.5,5.5,5.36,6.44,90.1,1
0,35,154.2,6.84,5.41,5.53,76.7,1
1,79,176.4,6.9,5.31,4.79,107.3,1
1,59,162.4,9.07,5.83,3.21,95.8,1
0,49,102.1,4.7,4.48,5.12,76.7,1
1,18,164.7,5.53,4.16,3.73,97.2,1
0,75,137.8,6.35,5.85,5.06,75.3,1
0,51,150.7,5.57,5.04,4.12,88.6,1
1,57,176.7,4.62,4.88,4.69,97.1,1
0,79,142.7,5.64,5.52,5.11,65.5,1
0,59,122.3,6.06,6.08,5.08,69.9,1
0,85,113.1,9.11,6.44,5.09,71.0,1
0,58,139.2,4.66,5.53,4.51,80.5,1
1,43,144.8,7.97,4.83,5.34,88.8,1
0,85,150.6,8.79,5.99,5.7,92.1,1
0,64,105.0,5.58,4.84,5.28,70.2,1
0,73,138.2,6.97,6.2,5.42,98.2,1
1,34,162.4,7.54,5.48,3.87,97.1,1
1,66,151.3,7.24,6.55,6.61,106.2,1
1,58,141.3,6.65,4.79,6.99,112.8,1
1,25,127.6,5.28,4.22,5.61,114.6,1
1,36,149.4,7.69,5.27,3.13,106.2,1
1,84,144.9,5.83,5.5,5.08,138.5,1
1,59,171.8,6.55,5.88,5.82,98.0,1
0,74,117.9,6.82,6.3,4.8,52.1,1
0,30,140.8,8.04,5.87,3.97,72.0,1
0,33,114.3,9.97,4.93,3.43,84.6,1
0,86,76.5,10.28,7.49,7.69,47.8,0
0,48,98.6,6.59,4.81,4.22,58.1,1
1,82,184.2,3.83,5.76,3.49,94.0,1
1,77,151.2,9.17,5.52,6.58,86.7,1
0,42,90.9,6.58,4.97,5.22,63.1,1
0,87,117.5,5.96,6.8,4.54,73.9,1
0,74,116.5,6.59,4.7,6.26,81.7,1
1,27,148.5,6.68,4.8,4.65,85.4,1
0,24,129.1,5.18,4.79,5.52,62.7,1
0,27,124.4,8.64,5.19,5.2,83.0,1
0,72,117.6,7.66,4.82,4.74,61.8,1
1,28,140.8,7.91,4.64,5.16,82.9,1
0,38,145.5,5.28,4.61,5.4,105.9,1
1,49,174.1,5.18,3.78,5.93,89.5,1
1,27,154.5,6.3,5.5,5.44,69.0,1
0,42,132.5,7.94,4.15,6.71,54.5,1
1,67,137.4,7.4,4.44,6.2,68.5,1
1,88,153.3,5.1,6.29,5.05,124.1,1
1,52,207.7,2.93,2.88,1.74,51.0,0
0,72,126.5,4.75,5.3,4.5,59.0,1
1,56,161.3,5.31,5.07,6.21,106.2,1
1,52,160.4,6.78,5.82,4.27,123.3,1
0,55,115.7,4.39,4.89,7.11,71.2,1
0,87,146.2,4.77,6.06,5.48,99.8,1
1,22,155.7,9.29,4.05,4.4,91.1,1
1,55,180.6,8.96,5.42,4.68,80.1,1
1,21,165.2,10.62,5.26,3.77,123.2,1
1,81,182.5,7.31,6.46,5.14,88.2,1
0,61,148.5,7.66,4.39,5.43,65.6,1
0,21,138.3,6.22,4.54,4.44,87.6,1
1,63,143.9,5.87,6.3,4.88,98.7,1
0,49,121.6,8.07,5.69,5.26,71.8,1
0,21,142.9,8.95,4.6,3.93,68.2,1
1,89,154.2,7.92,5.74,5.78,89.5,1
0,45,123.7,4.99,5.25,6.49,76.0,1
0,19,147.6,7.2,4.46,3.86,79.3,1
0,62,131.4,5.11,5.66,4.97,70.8,1
0,45,145.1,5.92,5.37,3.86,81.7,1
0,65,160.7,3.82,2.9,3.15,30.0,0
0,29,149.1,4.34,4.54,4.92,78.3,1
0,78,136.7,10.4,5.3,5.08,70.6,1
0,48,150.2,7.49,4.97,3.94,67.8,1
1,48,170.9,5.66,5.28,5.29,103.0,1
1,76,152.1,6.62,5.65,5.94,80.8,1
1,58,152.7,5.27,4.84,5.71,141.4,1
1,18,185.9,5.52,5.47,3.24,58.2,1
0,60,126.6,6.63,5.3,6.43,65.6,1
1,65,165.7,5.91,6.25,4.86,106.0,1
1,40,151.3,4.82,5.86,3.89,107.9,1
0,31,106.0,6.1,4.23,5.54,59.9,1
0,21,116.5,4.13,4.42,5.62,62.3,1
1,79,159.2,4.21,5.33,5.3,99.7,1
1,18,169.7,4.19,4.86,3.61,75.5,1
0,60,137.1,9.51,5.74,5.6,56.0,1
0,79,146.3,7.23,5.67,4.38,88.1,1
0,43,138.6,7.57,4.71,7.16,85.4,1
0,32,122.2,6.52,5.87,3.71,72.8,1
1,70,162.9,7.41,5.19,5.72,110.0,1
1,64,157.1,8.62,5.81,5.14,99.6,1
0,19,126.5,7.23,4.66,3.55,60.3,1
1,60,162.1,9.45,5.26,4.36,80.6,1
1,18,160.4,6.43,5.07,5.37,105.3,1
1,47,147.2,7.58,6.03,5.27,87.2,1
0,40,130.3,7.77,5.18,4.17,85.1,1
1,78,174.4,4.82,5.28,5.06,94.3,1
1,89,172.8,6.58,6.62,5.05,118.9,1
1,68,157.0,3.19,5.72,6.15,84.1,1
0,71,130.8,6.27,5.57,6.25,57.5,1
0,19,113.6,6.0,5.3,4.85,75.0,1
1,22,184.6,5.89,4.92,4.67,90.9,1
0,74,109.3,10.72,4.67,2.48,30.0,0
1,49,167.4,7.42,5.14,3.5,96.4,1
0,55,97.4,4.91,5.91,5.35,66.0,1
1,68,154.8,9.85,5.69,6.32,94.4,1
0,43,130.8,7.52,5.31,5.07,40.3,1
0,67,140.5,5.05,5.19,5.39,96.7,1
0,71,123.1,7.66,5.25,4.85,64.9,1
0,35,130.0,8.29,5.22,4.19,79.3,1
0,68,139.5,7.16,4.9,4.89,43.2,1
0,30,122.4,4.69,4.5,4.8,59.2,1
0,40,124.4,10.53,5.01,4.36,76.7,1
1,74,156.5,7.65,6.25,3.84,125.8,1
1,89,172.2,4.25,5.78,6.5,106.1,1
1,22,136.5,12.41,2.9,8.02,139.2,0
0,65,146.6,6.1,4.74,5.62,66.8,1
1,59,156.0,6.51,6.3,4.34,97.6,1
1,62,177.2,4.35,5.99,4.8,95.0,1
0,75,103.4,6.6,6.26,5.97,79.2,1
1,23,189.0,5.0,3.87,4.48,114.6,1
1,71,186.2,5.87,5.68,4.79,93.1,1
0,38,140.0,7.2,4.41,5.93,73.1,1
0,29,146.6,5.64,5.3,3.82,66.4,1
0,50,131.4,5.98,5.34,2.31,69.4,1
0,19,132.0,7.98,5.0,4.46,88.8,1
1,64,145.4,4.9,4.93,5.4,104.8,1
1,59,154.4,5.33,4.66,5.23,102.6,1
1,55,163.8,4.24,4.84,5.46,95.7,1
0,20,141.3,5.02,4.88,3.9,58.9,1
0,73,159.5,6.73,5.35,6.38,84.9,1
1,20,160.5,7.65,4.85,3.17,108.4,1
0,37,111.0,5.05,4.34,4.72,85.9,1
1,46,181.1,7.6,5.09,4.36,96.9,1
1,69,135.8,6.69,6.27,6.29,86.7,1
0,47,123.9,4.01,5.3,4.22,82.8,1
1,77,157.4,6.81,5.79,5.6,114.9,1
0,86,134.7,8.65,5.93,5.8,87.8,1
0,73,108.0,3.09,5.19,5.64,62.8,1
0,20,123.8,10.11,5.68,3.74,77.5,1
0,74,107.4,5.4,5.72,5.81,45.4,1
0,33,143.0,3.53,5.0,4.69,92.6,1
1,82,170.6,6.75,6.04,5.95,101.6,1
1,89,133.8,8.0,6.3,7.2,102.3,1
0,24,149.5,6.0,4.01,4.58,95.3,1
1,25,172.5,7.06,4.81,3.6,87.4,1
1,68,144.3,10.32,6.76,7.12,100.1,1
0,28,104.5,6.87,5.81,5.44,59.5,1
0,88,112.1,11.87,5.66,6.35,52.9,1
0,57,122.4,8.78,5.69,4.98,78.0,1
1,59,178.2,6.59,5.09,5.85,101.4,1
1,80,151.2,7.02,5.81,3.75,67.1,1
0,33,118.6,5.93,4.62,6.05,83.6,1
1,58,157.4,6.95,4.98,5.97,97.3,1
0,90,108.6,7.51,5.39,5.64,86.8,1
1,19,166.8,5.77,5.69,5.16,99.5,1
1,30,143.3,4.02,4.56,5.16,112.2,1
1,28,145.7,8.88,5.51,3.65,113.8,1
0,42,138.4,8.25,4.77,5.0,76.1,1
0,27,160.6,3.95,4.48,4.88,86.2,1
1,30,191.0,6.81,5.08,4.48,109.7,1
0,80,113.4,8.35,4.82,5.4,57.3,1
0,51,123.0,8.16,5.56,5.83,60.3,1
0,44,140.3,5.25,4.98,5.04,58.0,1
1,48,173.7,8.27,4.79,6.65,107.4,1
0,88,95.7,6.53,5.26,5.17,64.8,1
1,53,126.8,13.42,8.39,3.24,30.0,0
1,52,148.5,4.84,5.16,4.21,82.5,1
1,85,123.6,1.75,5.63,6.31,93.5,1
1,20,138.9,5.1,5.22,3.4,102.9,1
0,52,123.3,7.47,4.68,5.3,93.0,1
1,72,154.7,6.13,6.16,6.5,112.9,1
1,55,170.6,7.67,5.2,5.15,100.4,1
1,81,158.2,8.49,4.78,4.73,86.6,1
1,82,167.0,5.91,5.31,6.49,69.0,1
1,42,157.2,5.73,4.37,5.16,89.8,1
1,77,142.7,2.56,5.6,5.46,94.6,1
1,35,154.7,3.71,4.45,3.83,98.3,1
0,35,143.9,4.09,4.38,3.25,86.2,1
0,89,143.6,7.5,5.91,7.81,85.5,1
0,18,133.0,5.92,4.7,3.84,73.3,1
1,43,142.8,5.54,5.77,3.97,91.2,1
0,63,135.7,5.33,6.04,5.54,51.3,1
0,48,139.4,5.1,5.16,4.04,61.4,1
1,79,171.6,8.16,5.88,6.03,84.5,1
0,36,123.2,6.67,4.1,5.94,111.7,1
1,58,145.2,8.28,5.69,4.21,127.8,1
1,27,169.6,2.55,5.05,4.27,77.5,1
0,33,127.6,7.46,5.47,5.05,78.5,1
0,30,127.3,5.63,4.67,3.5,52.2,1
1,72,172.6,5.99,5.3,4.62,102.0,1
1,32,137.2,8.94,4.71,4.53,89.2,1
1,66,185.2,5.8,6.25,7.08,96.2,1
1,43,147.5,7.39,5.21,4.09,112.9,1
0,59,144.1,4.67,4.39,4.93,79.5,1
1,81,151.3,6.56,6.0,7.85,112.1,1
0,81,166.8,1.75,3.48,2.75,40.3,0
0,18,131.3,6.4,5.32,2.84,60.9,1
1,75,166.3,7.19,5.85,5.29,79.1,1
0,87,123.1,8.49,6.45,6.27,70.9,1
1,66,145.8,5.03,6.01,6.62,93.8,1
1,31,185.1,5.55,5.43,5.87,88.7,1
0,66,130.8,5.34,6.07,5.82,63.7,1
1,64,144.5,6.04,5.85,5.93,99.2,1
1,66,132.0,4.76,4.97,4.15,118.1,1
0,49,160.1,2.62,4.45,4.36,42.0,1
1,56,147.1,4.62,4.74,3.95,79.2,1
0,65,161.4,6.41,5.81,6.23,78.2,1
1,51,161.9,6.23,3.83,5.36,69.7,1
0,74,131.7,7.49,5.5,5.58,53.0,1
1,69,156.6,8.02,5.28,6.77,130.2,1
1,40,190.2,5.69,5.73,5.28,105.4,1
1,62,121.9,3.65,5.26,6.26,138.1,1
0,73,132.9,7.23,5.27,6.14,49.0,1
1,53,151.7,6.48,5.98,5.83,128.9,1
0,70,126.8,6.03,5.39,4.46,54.8,1
0,27,136.5,8.7,4.65,5.42,85.8,1
1,46,152.4,7.31,4.8,5.35,64.6,1
1,69,156.9,6.72,5.61,5.01,102.8,1
1,83,152.3,6.79,5.45,6.28,104.6,1
0,65,110.8,8.03,5.18,6.46,67.5,1
1,66,160.1,5.26,6.26,5.23,77.4,1
1,42,167.5,4.92,5.06,4.17,92.9,1
1,69,146.0,6.08,5.17,4.75,102.0,1
0,44,160.6,4.38,4.46,3.62,55.9,1
1,21,178.9,6.42,4.83,4.27,92.9,1
1,36,170.1,6.67,4.6,5.25,95.8,1
1,62,167.3,6.38,5.11,6.8,104.9,1
0,88,128.7,5.85,5.21,5.03,51.5,1
0,54,148.7,9.48,5.33,5.4,64.8,1
0,80,152.6,8.19,4.82,5.62,77.6,1
1,74,165.7,6.33,5.76,5.47,92.7,1
0,58,122.6,6.67,4.94,3.78,57.4,1
0,76,128.8,8.98,5.97,4.61,88.8,1
1,47,164.9,5.45,5.4,6.57,111.9,1
0,50,144.6,4.76,5.21,5.91,84.8,1
1,71,152.7,6.91,5.97,5.67,93.1,1
1,64,146.1,7.25,6.29,5.7,95.1,1
0,56,155.2,7.38,6.0,5.79,92.5,1
0,49,116.0,7.99,4.35,4.58,85.5,1
1,89,138.0,5.18,5.37,5.41,118.4,1
0,22,114.9,3.96,4.44,3.89,73.4,1
1,22,144.6,5.45,5.11,4.59,105.2,1
0,52,150.5,7.55,4.87,4.0,83.6,1
0,20,154.2,4.84,4.36,3.8,93.6,1
0,42,131.7,3.02,4.59,5.3,38.9,1
1,59,162.5,6.76,5.46,4.86,99.8,1
0,47,132.1,5.48,5.49,3.36,87.6,1
0,32,115.9,3.39,4.15,4.3,90.3,1
0,38,166.5,6.63,4.66,5.25,66.1,1
0,62,151.4,5.8,4.19,5.34,79.9,1
0,87,133.6,9.52,4.27,4.22,86.4,1
1,75,140.7,6.66,5.82,6.43,117.6,1
1,57,151.9,7.55,5.44,4.92,103.2,1
0,28,123.8,6.47,4.92,4.87,76.3,1
1,35,159.0,5.42,5.88,5.64,92.7,1
1,50,160.6,5.62,4.14,4.89,114.3,1
1,36,152.3,8.45,3.69,3.0,115.5,1
1,68,132.4,7.85,4.75,6.94,114.1,1
0,44,164.6,3.82,3.79,2.89,84.3,1
1,78,156.8,4.25,5.2,5.26,102.6,1
1,37,164.1,4.35,5.3,5.91,88.0,1
1,54,149.3,8.41,5.39,4.45,86.6,1
0,70,106.6,3.38,6.07,4.83,89.9,1
1,33,156.5,7.92,5.12,4.46,113.6,1
1,73,148.9,7.22,5.25,5.3,102.3,1
1,60,165.6,6.76,4.98,4.43,101.7,1
0,65,144.1,5.65,5.64,4.73,77.4,1
0,51,143.4,8.64,4.25,5.99,91.5,1
1,86,167.2,6.7,3.78,5.24,110.6,1
0,74,156.7,3.9,5.74,5.93,68.2,1
0,32,139.6,4.32,5.02,3.82,80.2,1
1,58,171.7,3.54,6.21,6.41,74.2,1
1,83,160.1,8.66,6.06,6.5,89.9,1
0,38,104.7,9.06,5.16,4.68,46.7,1
0,57,129.0,8.46,5.07,5.72,61.0,1
0,73,116.7,6.24,5.01,6.83,63.2,1
0,37,136.8,3.93,4.79,3.84,41.6,1
0,55,119.6,4.6,5.8,4.15,91.3,1
1,58,164.3,4.72,5.55,5.5,90.3,1
1,30,172.7,6.42,5.41,3.44,91.7,1
0,30,152.1,9.0,4.91,3.2,59.6,1
0,59,155.4,8.99,4.75,3.74,82.4,1
1,31,132.8,5.62,5.56,4.75,117.3,1
0,87,110.3,2.47,6.35,3.91,83.2,1
0,56,175.3,4.4,5.35,4.76,79.0,1
0,69,145.2,8.64,5.77,2.29,44.8,1
1,46,159.8,6.92,5.39,5.31,95.8,1
0,39,133.6,5.86,4.7,5.23,82.7,1
0,53,130.8,5.73,5.04,4.87,91.6,1
1,69,182.1,10.78,6.39,9.3,161.5,0
0,47,120.7,4.33,4.95,5.66,104.7,1
0,38,131.5,10.23,5.59,4.05,62.0,1
0,28,123.5,9.59,5.32,3.77,61.5,1
1,57,146.5,5.02,5.59,5.94,103.6,1
1,67,192.7,3.34,5.98,5.96,117.5,1
1,56,151.6,6.8,5.02,4.88,119.4,1
0,36,137.6,6.23,4.24,3.14,42.3,1
0,36,137.0,7.63,4.85,5.56,74.5,1
1,45,165.3,8.04,5.03,4.96,111.5,1
1,43,149.5,4.39,5.45,4.81,111.0,1
0,32,152.5,8.8,5.19,2.08,81.1,1
1,86,159.1,5.86,6.3,6.2,98.0,1
1,42,137.5,7.59,3.82,4.79,51.6,1
1,36,123.6,10.82,3.26,7.06,165.0,0
1,62,152.2,8.16,5.28,4.49,107.3,1
0,76,126.1,2.25,5.83,5.62,61.6,1
0,51,139.5,7.83,6.42,5.44,68.7,1
0,66,139.9,5.0,4.8,4.98,78.2,1
0,24,142.3,6.63,4.33,4.98,79.3,1
1,56,160.5,8.74,4.99,4.08,77.0,1
1,22,160.1,5.05,4.28,3.85,81.2,1
1,28,125.9,4.77,4.29,5.18,103.9,1
0,61,142.6,5.83,5.34,4.86,65.4,1
1,32,201.1,1.75,6.71,9.3,30.0,0
0,20,120.2,4.61,4.77,4.65,60.1,1
1,31,162.1,6.69,4.35,3.57,96.4,1
0,74,139.3,6.78,5.39,4.07,50.1,1
0,60,148.6,7.33,4.68,5.91,98.5,1
0,45,140.2,5.02,5.66,4.35,91.1,1
1,89,156.9,4.8,6.62,6.61,113.2,1
0,46,146.6,6.29,4.13,4.43,74.7,1
0,82,124.2,6.06,5.77,5.86,56.6,1
0,43,138.9,6.09,4.58,4.56,60.6,1
1,19,149.8,5.23,4.72,4.61,115.8,1
0,26,151.1,7.09,4.74,5.18,60.4,1
0,37,109.2,4.8,4.15,4.76,72.4,1
0,31,146.2,6.28,5.59,5.21,68.2,1
0,29,134.4,5.95,4.74,3.05,70.1,1
1,45,171.0,6.44,4.79,5.27,95.4,1
1,89,140.4,8.63,5.8,5.8,95.9,1
0,32,135.1,4.13,4.36,4.4,65.8,1
1,35,201.5,1.75,6.92,1.5,52.2,0
0,90,134.5,5.43,4.65,4.3,72.4,1
1,32,142.1,4.43,3.47,4.84,82.4,1
0,78,138.7,1.75,4.99,5.88,53.9,1
0,63,103.0,9.64,5.03,5.63,68.6,1
0,85,118.5,7.51,4.62,5.69,62.1,1
0,58,107.8,7.7,4.97,4.08,72.9,1
1,61,167.3,5.99,4.99,4.29,82.0,1
1,34,163.6,7.26,4.87,2.78,68.3,1
1,59,161.9,5.74,5.65,5.29,119.8,1
0,66,152.5,7.97,6.42,7.04,64.8,1
1,90,147.3,6.84,6.01,5.72,66.1,1
0,25,143.6,6.43,4.18,3.82,83.4,1
1,29,159.1,6.57,5.23,4.6,89.1,1
1,19,157.8,9.14,5.53,4.26,94.9,1
0,75,149.1,6.8,4.85,3.94,76.5,1
0,24,165.8,4.65,4.12,4.71,86.0,1
0,84,122.1,7.11,4.81,5.58,78.4,1
1,44,169.1,7.38,4.72,4.73,74.8,1
1,39,161.9,6.24,5.21,6.57,77.6,1
0,89,133.1,6.41,6.62,5.69,52.5,1
1,70,157.7,4.58,5.99,7.04,89.7,1
1,57,150.3,6.67,5.49,4.4,102.3,1
0,82,75.0,4.31,5.66,4.28,61.5,1
1,73,176.7,6.05,5.73,4.73,87.1,1
0,64,120.2,5.3,5.63,6.34,62.0,1
1,41,153.3,8.27,5.8,4.14,86.9,1
0,89,124.8,9.29,5.72,4.5,84.3,1
1,70,142.2,4.44,5.61,5.71,92.9,1
0,87,131.9,6.49,5.46,5.39,90.7,1
0,88,127.5,5.94,5.79,6.28,66.2,1
0,58,120.5,7.34,5.12,4.56,73.2,1
1,44,158.8,6.67,4.35,4.05,93.1,1
0,87,127.8,5.8,6.23,7.23,78.5,1
1,90,165.9,6.67,6.64,5.05,106.4,1
1,26,138.3,6.11,4.77,3.77,95.6,1
1,64,142.5,9.36,5.56,5.7,137.6,1
1,61,165.8,5.07,5.83,2.71,119.9,1
1,72,144.2,6.96,5.39,6.1,89.5,1
0,89,165.7,14.39,4.34,9.3,55.1,0
1,36,148.5,7.29,4.81,5.5,114.5,1
0,89,126.6,5.96,5.41,4.84,55.3,1
1,64,203.5,4.59,3.37,1.5,34.5,0
0,24,131.5,2.74,5.07,4.54,75.0,1
1,55,140.1,4.53,5.78,5.43,95.3,1
1,27,169.9,7.69,4.8,5.99,58.8,1
0,87,148.2,4.92,4.99,7.15,76.9,1
1,73,125.0,4.81,6.16,5.27,99.0,1
0,84,105.3,5.66,5.22,5.2,65.7,1
0,61,145.9,5.09,4.86,4.52,97.3,1
1,46,179.9,7.65,4.77,5.5,93.6,1
1,49,124.2,8.13,4.09,5.95,91.1,1
0,87,140.5,6.66,5.57,5.8,75.0,1
1,29,182.7,8.4,5.21,4.58,75.6,1
1,82,139.9,4.0,5.37,7.54,85.0,1
1,48,179.9,6.64,5.92,5.57,54.7,1
1,61,152.2,8.93,6.08,3.37,103.5,1
0,66,135.1,8.26,5.92,5.29,87.7,1
0,23,123.9,9.09,3.58,4.64,76.0,1
1,28,173.2,5.44,5.68,4.32,99.1,1
1,29,170.6,8.15,4.69,5.72,94.7,1
0,74,155.5,5.73,6.52,5.18,96.8,1
1,23,180.3,7.57,4.38,3.57,93.4,1
1,62,154.7,8.86,5.25,4.6,110.9,1
1,25,164.4,1.75,2.5,8.39,155.9,0
0,74,149.9,3.16,4.95,4.26,53.4,1
0,89,136.2,9.83,4.76,5.34,84.7,1
0,48,117.2,7.38,3.68,5.72,56.0,1
1,33,134.7,6.31,6.67,3.44,87.6,1
1,50,134.3,6.21,4.15,4.07,94.1,1
0,68,116.2,2.73,4.43,3.83,92.5,1
1,71,174.6,6.88,5.81,4.61,87.2,1
1,64,161.9,5.54,4.51,4.81,102.5,1
0,60,121.8,6.59,4.33,4.99,50.0,1
0,64,128.6,6.55,3.64,4.45,70.8,1
1,33,153.8,1.75,5.07,4.32,88.8,1
1,33,169.7,7.38,4.25,5.54,114.9,1
1,85,139.3,6.84,6.06,6.0,87.4,1
1,60,160.2,7.08,5.25,7.12,73.9,1
0,80,133.5,6.17,5.65,4.99,67.9,1
1,63,142.0,6.59,5.07,4.86,88.3,1
1,51,179.7,6.81,5.0,5.16,100.6,1
0,59,126.7,6.99,4.75,4.72,93.2,1
0,68,115.3,7.36,4.94,5.34,68.8,1
1,31,170.7,7.01,4.21,2.89,101.5,1
1,51,156.7,9.83,6.07,4.69,95.5,1
1,70,160.1,5.19,5.21,6.19,105.5,1
0,24,116.8,5.83,3.4,6.19,57.0,1
0,23,98.2,3.97,7.02,3.67,40.9,0
1,29,190.7,6.22,4.35,4.69,110.1,1
1,61,136.0,8.18,5.29,5.65,86.1,1
1,35,162.8,6.74,4.76,5.0,93.6,1
1,49,144.3,6.09,6.03,4.48,95.9,1
0,27,174.6,8.28,4.57,3.68,49.6,1
1,36,176.0,7.43,5.43,4.94,107.1,1
0,19,139.3,3.74,5.11,4.28,62.9,1
1,76,135.0,6.81,4.72,6.28,97.6,1
0,52,117.0,4.71,5.29,2.9,82.3,1
1,30,169.2,8.79,4.4,4.44,106.7,1
1,56,135.0,9.66,4.51,6.21,79.4,1
1,86,132.4,9.87,4.97,6.24,105.0,1
1,78,119.2,12.05,7.35,6.98,165.0,0
1,82,199.0,1.75,5.51,1.5,32.0,0
1,47,117.7,1.75,6.09,2.34,55.7,0
0,44,126.0,4.81,5.19,5.59,78.9,1
0,41,146.7,10.72,5.2,5.28,79.9,1
1,40,144.1,8.65,4.68,4.9,109.5,1
1,85,161.9,7.05,6.52,6.28,85.5,1
1,28,161.4,8.29,6.14,4.79,81.8,1
1,80,162.0,5.61,5.24,6.14,116.0,1
1,84,170.3,4.51,6.7,6.52,94.2,1
1,79,146.3,2.52,5.26,5.18,76.8,1
1,63,144.8,6.65,4.76,4.46,95.4,1
1,80,127.7,6.13,5.52,6.26,97.1,1
0,20,104.7,7.43,5.22,3.94,75.4,1
1,77,150.7,6.52,5.49,3.79,92.9,1
0,55,129.9,7.35,5.67,6.38,99.6,1
1,87,136.0,7.96,5.84,5.97,85.7,1
1,24,145.5,3.87,5.57,4.67,66.9,1
1,85,175.4,8.06,5.99,5.53,77.0,1
0,59,144.2,5.77,6.2,5.93,62.7,1
1,25,139.6,7.43,4.26,3.35,103.2,1
0,55,124.9,8.34,5.1,5.1,70.4,1
1,20,165.1,8.35,4.7,4.65,101.0,1
0,24,125.2,6.73,4.25,4.98,61.9,1
0,56,119.3,6.82,4.64,3.58,79.7,1
1,77,148.2,8.11,5.78,6.07,74.8,1
1,25,174.9,3.8,5.17,4.12,98.4,1
0,37,151.0,4.79,5.02,4.15,81.5,1
0,46,121.4,6.0,5.73,3.51,59.2,1
0,57,138.2,4.1,4.59,7.15,98.8,1
1,18,159.1,6.01,4.44,4.24,67.5,1
0,64,115.5,5.91,4.65,5.5,84.4,1
0,54,127.1,6.66,5.29,4.13,85.9,1
0,88,109.2,6.4,6.01,4.38,62.1,1
0,39,150.5,8.42,5.79,5.51,77.4,1
0,54,154.9,7.53,4.5,3.87,60.5,1
1,23,152.5,6.37,4.97,5.63,100.2,1
1,84,142.9,5.9,6.52,7.3,95.5,1
0,78,145.0,6.41,4.97,4.86,74.6,1
1,43,174.9,6.45,4.3,4.44,88.0,1
1,51,139.2,11.03,4.28,2.73,88.5,1
0,80,126.8,3.88,5.97,4.03,63.1,1
1,39,156.2,4.83,4.55,5.35,106.2,1
1,35,145.9,4.57,5.21,5.83,121.4,1
1,35,203.0,12.85,2.87,1.5,80.8,0
0,69,119.6,6.91,6.52,4.81,88.1,1
0,33,125.6,5.47,5.37,3.24,72.2,1
0,24,133.1,8.11,4.28,3.46,86.8,1
0,30,111.7,7.17,4.67,5.8,77.4,1
1,89,121.3,8.19,6.21,6.06,94.0,1
1,81,166.7,8.67,4.97,4.0,128.3,1
1,87,98.7,8.31,8.42,9.3,68.1,0
1,38,189.2,7.73,4.82,6.89,85.5,1
1,50,185.6,4.18,5.64,4.65,111.7,1
0,53,124.1,6.95,5.08,4.46,82.1,1
0,56,166.5,6.37,4.93,5.64,59.5,1
0,19,149.2,6.45,4.27,5.29,72.9,1
0,61,121.2,4.33,6.35,5.96,73.0,1
1,20,120.3,8.35,4.52,4.11,56.9,1
0,38,143.5,4.18,6.82,4.38,51.6,1
0,39,133.6,7.85,5.08,3.23,89.1,1
0,67,136.8,3.92,4.89,4.23,63.4,1
1,83,149.3,6.47,4.69,5.98,107.9,1
1,68,137.0,9.75,6.16,4.88,117.3,1
0,49,125.7,10.75,5.02,5.2,42.3,1
0,56,142.0,3.59,5.73,4.91,97.9,1
0,55,126.2,5.23,6.62,5.16,71.2,1
1,28,152.8,5.56,5.22,4.58,102.2,1
0,87,105.5,10.56,5.91,6.41,104.4,1
1,85,153.9,6.38,6.41,6.46,113.7,1
1,35,140.8,8.43,5.41,4.68,94.1,1
1,26,172.2,7.04,4.03,4.34,88.3,1
0,30,123.0,4.34,5.65,4.57,65.8,1
0,63,126.3,3.15,5.32,4.55,65.7,1
0,20,167.5,5.4,5.62,5.38,90.9,1
1,25,153.9,10.67,5.08,3.99,104.3,1
0,65,123.9,6.96,6.09,5.16,77.4,1
0,28,143.0,8.4,4.69,4.72,69.1,1
0,23,107.9,3.95,3.83,4.74,83.1,1
1,19,177.9,5.91,5.02,4.62,67.7,1
1,69,169.0,7.9,6.02,5.26,126.4,1
0,44,140.5,4.54,4.73,6.36,69.2,1
1,38,106.5,6.38,4.85,4.83,82.6,1
1,64,150.7,4.92,4.03,5.05,115.4,1
1,30,138.9,7.99,4.76,6.22,113.3,1
1,56,172.3,7.22,4.49,4.42,96.7,1
0,53,147.5,7.73,5.51,6.68,93.6,1
1,67,160.1,8.07,5.61,3.54,113.4,1
1,63,136.7,6.09,5.35,4.9,103.8,1
1,67,176.7,8.31,6.2,3.84,73.7,1
1,33,153.8,5.44,5.04,3.43,98.5,1
1,28,185.3,7.63,4.94,4.97,96.5,1
0,56,135.4,2.95,5.43,5.38,70.1,1
1,22,166.4,5.16,4.38,3.89,90.5,1
1,51,149.0,10.67,5.76,6.49,108.8,1
0,63,151.8,7.6,4.8,6.28,55.5,1
0,77,138.4,7.6,5.81,5.49,92.8,1
1,65,176.1,5.02,6.11,3.67,97.5,1
0,90,130.7,4.53,5.13,6.66,62.9,1
1,58,154.5,6.02,4.46,4.73,93.5,1
1,50,164.9,6.38,4.52,5.26,100.5,1
1,35,179.1,9.95,6.02,5.42,118.4,1
0,67,145.6,8.33,5.04,4.98,85.0,1
0,77,131.4,6.7,4.83,6.69,92.6,1
1,41,129.0,6.62,5.23,4.48,96.1,1
1,23,170.9,7.86,3.11,4.94,93.0,1
0,18,113.6,4.13,4.1,5.04,99.8,1
0,64,131.1,3.04,6.21,6.1,72.1,1
0,66,128.7,7.84,4.82,6.89,66.1,1
1,26,137.1,6.63,4.63,3.78,86.6,1
1,19,205.6,1.75,3.09,6.82,138.5,0
0,65,162.8,2.73,5.55,5.01,58.0,1
0,47,127.6,8.11,4.79,7.68,76.1,1
0,48,143.7,5.56,5.45,6.18,75.9,1
1,37,192.6,7.22,5.82,4.24,105.7,1
0,70,142.9,6.03,4.81,5.09,48.3,1
0,72,120.1,6.44,5.19,5.43,44.6,1
0,21,138.5,5.43,4.65,4.67,65.5,1
1,24,165.8,6.36,5.18,5.06,94.1,1
0,58,152.7,7.54,5.29,5.77,57.1,1
0,62,149.0,6.0,5.25,6.32,53.6,1
1,28,116.7,5.9,3.89,6.36,102.9,1
0,29,121.3,7.59,4.16,4.46,67.8,1
0,67,129.2,7.71,5.52,5.15,86.5,1
1,51,106.0,1.75,2.83,6.86,121.4,0
1,26,102.9,6.45,4.58,4.27,94.7,1
0,62,119.9,5.56,5.29,5.57,99.2,1
0,23,134.6,6.52,6.15,5.03,67.7,1
0,34,125.7,9.08,4.61,6.23,63.9,1
1,70,139.0,7.15,6.28,4.76,112.2,1
1,34,158.2,10.4,5.7,5.0,115.0,1
1,22,163.9,6.9,5.21,3.68,86.6,1
1,88,145.2,6.2,5.21,6.12,91.0,1
0,34,154.2,6.46,4.99,7.09,85.7,1
1,55,156.4,6.76,4.99,4.98,102.3,1
1,78,140.1,7.08,6.78,7.77,103.7,1
0,90,111.1,4.71,6.0,5.05,79.1,1
1,77,150.1,6.08,5.43,5.13,98.1,1
1,42,173.5,5.2,6.1,4.53,112.1,1
1,80,140.6,8.35,5.39,5.76,119.8,1
1,18,168.1,3.03,5.0,4.22,80.5,1
0,41,134.3,6.78,5.44,5.51,86.4,1
0,32,163.7,3.77,5.09,2.17,71.9,1
0,56,137.3,7.28,5.18,4.24,54.5,1
1,83,142.2,5.78,6.15,7.37,85.3,1
1,74,164.6,3.23,5.13,4.21,92.6,1
0,90,139.6,8.2,6.42,5.48,91.4,1
0,27,89.4,5.79,6.65,7.42,88.4,0
0,72,112.3,6.44,6.28,5.4,47.6,1
1,70,162.0,7.74,6.08,4.64,94.5,1
0,51,173.9,3.64,3.99,8.47,30.0,0
0,25,111.8,3.6,4.72,5.25,88.3,1
0,25,138.3,5.57,5.44,3.96,76.1,1
1,84,143.0,8.45,6.0,6.05,109.9,1
0,39,110.4,8.57,3.06,5.55,67.0,1
0,64,125.3,8.81,4.87,6.25,55.9,1
0,87,205.7,15.0,8.08,2.94,132.3,0
0,54,149.7,5.58,5.38,6.62,64.9,1
0,33,147.9,7.17,5.32,4.7,82.4,1
1,53,193.3,9.49,7.41,6.04,122.9,0
1,34,166.5,2.94,5.26,4.48,106.6,1
1,31,159.4,6.34,3.61,5.71,101.1,1
1,77,136.7,2.91,5.67,4.74,100.8,1
1,43,143.1,5.56,5.77,2.84,103.3,1
0,67,121.2,3.86,5.47,5.75,70.7,1
1,71,119.4,1.75,3.19,2.63,34.7,0
0,58,147.4,5.1,4.97,7.18,78.2,1
0,57,115.1,3.29,5.82,5.38,91.0,1
1,31,158.7,8.06,4.65,5.73,95.9,1
0,56,125.4,5.41,5.6,4.68,69.1,1
0,72,127.5,5.72,5.74,5.97,78.5,1
0,32,125.8,4.74,4.91,4.97,87.3,1
0,34,154.7,8.57,5.2,5.92,68.5,1
1,68,153.9,6.99,5.54,5.53,76.0,1
1,89,155.3,5.4,6.5,5.31,101.8,1
0,46,135.8,3.05,5.5,5.85,78.8,1
0,78,113.8,11.02,6.19,4.92,77.5,1
1,31,159.5,10.06,4.41,3.88,89.1,1
1,59,136.2,13.91,2.97,7.57,61.2,0
0,86,150.5,5.23,5.73,5.43,71.8,1
1,50,138.8,5.6,5.6,5.02,90.9,1
0,54,108.8,7.22,5.53,4.48,69.4,1
0,29,135.0,4.89,4.38,5.59,75.0,1
0,56,148.0,4.72,5.71,6.11,78.0,1
1,60,160.4,9.13,4.92,5.95,90.3,1
0,89,138.3,6.4,6.14,6.44,78.4,1
0,32,113.4,4.48,5.05,2.98,78.3,1
0,44,124.0,8.21,4.92,4.98,81.6,1
0,65,97.6,5.47,5.05,6.07,81.5,1
1,86,150.3,2.94,5.77,6.93,118.8,1
0,35,101.0,4.46,4.97,4.52,83.0,1
0,68,150.2,5.57,4.79,6.53,104.5,1
1,82,176.1,6.9,5.99,5.92,114.6,1
1,64,156.7,6.81,6.05,2.96,113.2,1
0,49,109.4,8.71,5.65,4.89,55.1,1
1,35,163.1,6.07,5.11,3.94,108.1,1
1,39,185.0,5.66,4.72,4.23,109.7,1
1,21,166.0,8.74,4.79,5.37,95.4,1
1,29,175.9,8.26,4.76,4.85,65.7,1
1,49,92.7,2.09,6.68,1.5,30.0,0
0,28,121.1,7.03,5.38,3.95,68.2,1
0,18,134.1,5.64,4.61,4.75,63.8,1
0,68,101.3,4.41,4.32,5.19,52.0,1
0,23,168.7,10.46,5.22,5.09,78.0,1
1,28,160.3,5.52,5.06,3.82,79.4,1
0,61,143.9,7.03,5.4,4.88,49.1,1
0,85,121.6,3.77,4.97,4.69,106.2,1
1,70,130.9,7.83,4.95,4.9,106.1,1
1,20,180.4,4.33,4.27,6.36,89.6,1
1,30,141.1,9.52,4.5,3.94,75.3,1
0,72,135.0,9.74,5.19,5.01,61.3,1
0,71,136.5,7.52,4.76,4.68,65.2,1
1,46,157.5,6.71,6.38,4.76,89.1,1
0,87,116.5,6.16,6.61,5.67,70.5,1
0,82,126.6,6.41,5.8,6.74,57.4,1
1,72,139.5,7.24,5.46,5.07,85.5,1
0,72,141.9,6.66,6.58,5.54,48.9,1
1,75,162.1,8.27,6.5,3.81,69.1,1
0,28,133.9,4.85,4.38,3.78,49.4,1
1,69,145.6,9.25,5.58,6.36,89.3,1
1,86,184.0,5.74,5.58,4.95,94.7,1
1,34,177.7,9.08,6.95,3.33,64.3,0
0,19,111.9,7.15,4.59,3.55,78.2,1
1,44,155.4,7.27,5.01,4.72,106.6,1
1,37,153.4,3.37,5.08,6.28,92.3,1
1,87,168.8,5.63,5.83,6.41,109.2,1
0,50,141.7,2.59,6.01,3.24,41.4,1
0,66,130.8,5.28,4.91,8.22,83.4,1
0,89,135.6,5.36,6.32,4.85,74.9,1
0,75,136.7,7.04,4.88,7.18,89.2,1
1,72,185.4,5.08,5.62,5.04,58.4,1
1,88,156.0,5.51,6.35,4.65,113.1,1
1,68,144.0,8.85,5.76,4.95,74.0,1
1,34,207.7,5.04,6.09,1.5,161.9,0
1,71,114.6,4.84,5.64,4.93,85.9,1
0,41,132.4,8.33,6.01,4.87,79.3,1
0,42,149.2,7.2,4.67,5.27,71.8,1
1,65,163.5,3.37,5.71,6.58,113.5,1
0,41,137.4,5.08,5.59,5.01,75.3,1
0,19,144.8,1.75,4.45,4.45,95.5,1
1,90,168.5,7.08,6.79,5.15,88.7,1
1,59,176.5,4.56,6.53,4.93,82.4,1
0,66,187.4,2.74,4.64,2.57,118.5,0
0,77,124.6,11.13,6.21,4.3,84.3,1
0,64,95.9,9.37,4.32,7.58,84.3,1
1,62,169.5,5.12,4.54,5.46,78.8,1
1,75,161.2,4.68,5.47,5.73,86.0,1
1,39,159.4,8.83,4.59,5.88,101.3,1
1,78,142.9,4.69,5.95,3.24,117.6,1
0,70,144.5,8.28,3.74,7.41,64.0,1
1,31,154.0,11.42,5.24,3.85,75.2,1
0,28,133.7,7.72,4.71,3.76,87.4,1
0,82,79.7,15.0,6.86,8.74,30.0,0
1,83,159.4,8.42,6.79,6.55,107.2,1
1,90,134.8,5.5,5.57,7.73,67.0,1
0,25,142.9,7.02,3.8,5.98,70.4,1
0,83,117.9,4.78,5.92,5.23,69.9,1
0,81,118.6,8.82,5.84,4.0,63.3,1
1,74,166.9,4.55,5.41,5.11,120.3,1
1,54,140.7,7.76,6.62,4.5,96.4,1
0,55,144.8,8.54,5.35,3.62,71.2,1
0,49,133.6,5.62,5.74,5.5,69.6,1
0,20,110.3,5.2,4.89,4.4,60.5,1
0,54,152.1,6.19,5.97,5.53,101.1,1
0,35,138.2,4.89,4.73,5.36,67.1,1
0,32,139.7,6.78,4.24,5.26,100.4,1
0,22,149.9,4.85,5.19,4.38,59.7,1
1,51,178.4,4.98,5.34,6.5,97.8,1
1,21,161.9,7.48,5.19,3.98,88.9,1
0,80,138.3,7.61,5.23,5.03,62.9,1
1,82,158.4,5.97,5.92,5.43,96.3,1
0,76,124.3,3.54,4.58,6.0,99.8,1
1,39,133.3,8.61,4.7,5.39,116.3,1
0,29,137.3,5.69,4.41,4.27,72.8,1
1,54,176.3,10.21,5.51,4.79,77.2,1
0,67,139.0,6.26,5.11,6.51,79.2,1
1,19,143.1,6.74,3.86,3.2,88.0,1
0,80,145.5,5.72,5.26,8.07,60.5,1
1,50,151.4,6.94,5.51,4.73,107.1,1
0,77,97.9,12.76,5.63,5.36,55.6,1
1,23,174.0,5.87,4.3,4.79,97.7,1
0,49,117.9,8.8,5.64,5.46,80.1,1
1,51,182.6,6.66,6.1,4.43,107.4,1
0,21,152.1,8.61,5.26,4.72,52.8,1
1,69,150.7,3.02,4.05,4.54,123.5,1
1,85,159.4,10.0,5.82,5.16,103.2,1
1,57,191.7,7.11,5.17,3.7,97.4,1
0,46,147.4,6.02,3.87,5.05,53.0,1
0,64,134.2,8.13,4.59,5.12,61.4,1
0,44,175.9,6.76,5.54,3.07,67.4,1
1,44,158.4,4.43,5.17,4.27,96.3,1
1,73,114.2,1.75,3.93,3.21,153.9,0
0,61,116.9,9.79,4.92,5.99,68.3,1
1,37,132.2,6.1,5.6,3.59,118.1,1
0,47,128.0,5.4,4.37,4.67,67.2,1
1,78,153.8,5.54,5.04,4.57,101.4,1
0,56,136.3,9.14,5.05,5.77,90.4,1
0,23,153.3,1.75,1.95,1.5,123.0,0
0,80,138.9,7.66,5.07,6.07,54.0,1
0,72,117.3,5.9,6.12,5.12,67.9,1
0,37,142.4,4.24,4.45,3.21,86.1,1
0,88,142.2,8.12,6.19,5.7,76.0,1
0,87,122.4,8.49,6.09,4.67,85.0,1
0,90,113.5,5.28,5.65,6.81,55.4,1
1,45,179.7,6.43,4.22,6.54,72.6,1
0,85,141.6,6.67,5.71,6.27,83.5,1
0,76,131.7,7.3,4.27,4.94,79.6,1
1,81,143.1,5.64,4.05,8.94,122.2,0
1,57,156.5,5.92,5.4,5.4,80.2,1
0,38,73.6,10.82,3.44,2.6,117.2,0
1,34,142.6,6.18,4.82,4.51,95.6,1
1,88,150.6,4.8,5.36,6.13,80.7,1
1,54,167.2,3.4,4.8,3.57,96.2,1
0,85,149.3,6.74,5.39,5.92,53.1,1
0,58,131.6,7.45,5.64,4.39,63.9,1
0,57,149.5,6.5,5.47,5.18,53.7,1
1,23,203.4,11.76,2.83,6.25,137.3,0
1,47,175.4,9.77,6.83,7.34,50.1,0
1,58,135.6,6.95,5.27,5.73,117.7,1
1,25,150.9,6.81,3.97,4.29,100.4,1
0,29,115.1,7.35,4.17,3.8,52.4,1
0,61,161.0,7.08,5.68,5.74,87.3,1
1,36,164.0,7.21,4.12,6.12,93.4,1
1,69,152.7,8.87,5.21,7.11,109.4,1
0,51,157.7,7.53,5.1,5.38,53.7,1
0,47,112.8,7.37,4.48,5.19,82.0,1
1,26,156.3,3.36,3.79,3.34,126.6,1
0,47,162.3,8.4,4.4,6.12,81.7,1
0,57,129.1,5.96,4.17,3.05,64.5,1
1,59,191.8,6.64,5.65,6.25,114.8,1
0,37,145.1,4.21,5.19,4.76,62.2,1
0,20,154.6,10.26,4.24,2.21,78.8,1
1,86,172.4,2.05,4.87,6.02,132.6,1
0,87,128.3,9.18,6.4,5.6,66.3,1
1,84,145.3,7.27,5.92,5.28,106.5,1
0,39,131.4,3.07,4.61,4.54,102.6,1
0,61,82.9,15.0,3.93,1.86,45.5,0
0,28,133.2,7.42,4.9,4.54,82.7,1
1,84,152.5,2.26,5.85,4.35,69.3,1
0,18,160.5,5.74,4.04,4.72,57.1,1
1,52,164.7,7.46,4.27,4.7,110.2,1
0,80,164.4,9.58,4.66,7.03,70.0,1
0,70,97.6,5.76,6.7,6.17,66.7,1
1,81,134.6,1.75,5.12,6.5,116.3,1
1,54,150.3,9.13,5.25,6.76,107.2,1
1,24,181.0,7.4,5.04,5.14,83.5,1
0,18,133.6,2.48,4.66,4.23,82.9,1
0,29,112.1,7.12,4.74,2.28,57.6,1
1,22,155.1,7.31,4.62,4.66,71.8,1
0,50,114.0,5.92,5.44,6.56,77.8,1
0,21,114.0,5.01,4.09,5.23,53.0,1
1,31,187.9,5.4,4.6,4.16,77.3,1
1,48,150.9,5.91,3.74,5.01,81.6,1
0,71,132.5,7.14,4.35,4.92,76.5,1
1,67,152.9,7.92,4.63,5.62,109.6,1
1,22,155.0,2.63,5.24,3.98,91.1,1
0,83,116.1,6.96,5.48,6.96,56.5,1
1,58,150.5,7.38,5.69,5.27,80.4,1
1,43,161.8,6.8,5.28,5.09,73.2,1
0,45,153.8,5.77,5.23,4.15,83.4,1
0,79,143.3,9.06,5.02,5.2,60.8,1
0,51,113.6,8.92,5.21,3.98,76.3,1
1,35,172.3,5.84,5.08,5.98,69.0,1
0,49,139.2,6.35,6.46,4.52,91.9,1
0,22,125.4,7.89,4.52,4.58,71.2,1
0,29,136.8,8.81,5.27,3.19,48.2,1
0,40,141.6,5.03,4.93,3.69,63.2,1
0,34,134.3,4.62,4.49,4.45,74.8,1
1,43,163.9,6.99,5.57,4.58,83.2,1
1,22,145.9,4.48,5.86,4.66,100.9,1
0,62,160.7,3.0,5.49,7.05,92.6,1
0,26,105.5,5.02,4.38,2.7,85.3,1
0,33,142.4,7.25,5.18,5.54,71.6,1
1,89,157.6,9.3,5.9,6.23,120.2,1
1,18,168.8,5.22,6.0,3.8,98.1,1
1,38,146.6,6.28,5.42,4.37,94.3,1
1,54,173.1,6.78,4.65,6.09,95.5,1
0,40,131.4,5.33,5.76,4.74,73.6,1
0,41,115.1,5.19,5.48,4.53,78.8,1
0,27,117.9,7.1,5.37,3.6,58.2,1
1,48,158.1,4.34,5.39,4.21,113.7,1
0,73,105.8,5.12,6.1,4.37,93.4,1
0,60,158.0,6.14,5.56,6.0,110.3,1
1,85,168.2,7.08,5.52,4.99,72.8,1
1,69,181.5,3.77,5.52,4.31,98.2,1
0,75,155.3,6.26,5.46,5.66,62.0,1
1,49,150.8,4.18,5.34,4.25,106.5,1
1,62,141.8,5.27,5.38,6.63,115.7,1
1,60,114.8,7.92,5.11,5.24,97.9,1
1,77,147.2,6.37,5.45,5.72,93.6,1
0,54,158.1,9.5,5.21,5.27,65.8,1
1,47,143.9,6.37,4.04,5.45,93.9,1
1,23,155.6,8.24,5.36,5.1,101.2,1
1,80,144.7,7.93,5.81,5.63,104.0,1
1,49,161.7,6.48,4.77,4.07,119.3,1
1,76,172.7,4.13,5.89,5.38,95.9,1
1,67,131.2,6.31,5.1,5.39,111.6,1
1,18,139.0,5.54,4.37,2.89,82.1,1
1,65,176.8,5.47,5.6,3.41,78.9,1
1,53,166.7,6.78,6.05,3.97,112.4,1
0,35,78.5,8.04,2.77,5.26,119.6,0
1,37,132.7,1.75,3.17,7.53,127.1,0
0,64,110.1,4.68,5.15,4.58,60.2,1
1,24,172.6,6.04,5.27,4.56,88.9,1
1,62,153.8,5.12,5.57,5.88,101.2,1
1,79,162.2,5.24,6.16,5.84,101.2,1
1,24,122.8,6.74,5.0,4.87,74.4,1
0,18,131.3,5.7,5.13,5.21,52.7,1
0,22,145.9,6.51,5.94,4.15,74.1,1
1,71,153.0,4.49,4.65,3.07,107.2,1
1,79,171.9,5.01,7.03,4.01,87.0,1
1,90,224.1,14.92,8.6,3.09,41.3,0
1,20,144.6,5.24,6.27,4.58,96.4,1
1,53,168.1,2.71,4.61,5.69,64.5,1
0,21,120.0,7.12,4.94,6.98,66.2,1
0,45,133.3,5.23,5.17,5.1,82.2,1
1,40,166.8,6.94,5.53,4.71,93.3,1
1,62,142.3,6.34,5.61,5.55,74.6,1
1,84,164.4,7.49,5.87,4.61,121.8,1
1,76,145.8,6.32,6.01,6.2,98.9,1
1,22,116.5,11.67,3.18,6.27,40.6,0
1,35,168.1,8.57,4.62,6.21,109.9,1
1,38,144.7,2.51,5.24,3.32,94.2,1
0,36,120.1,4.11,4.63,4.72,68.7,1
1,43,172.3,5.01,4.97,4.3,115.6,1
1,62,156.4,3.45,4.47,4.28,85.8,1
0,71,108.1,5.64,5.5,5.98,88.3,1
1,86,165.2,5.46,5.13,5.43,82.3,1
1,69,148.0,8.25,5.42,6.58,87.5,1
1,39,136.1,6.34,4.33,4.3,101.3,1
0,31,96.3,6.12,4.85,4.27,94.0,1
1,45,170.1,5.82,5.61,6.71,99.5,1
0,76,116.5,4.61,5.18,4.3,53.8,1
1,90,133.3,8.1,5.19,5.09,110.2,1
1,46,166.0,8.68,5.56,2.14,85.4,1
1,30,123.5,8.43,7.16,1.5,151.4,0
1,18,147.4,9.42,4.92,4.98,100.2,1
0,23,148.4,5.29,4.47,4.83,49.6,1
1,64,185.4,5.15,4.98,5.41,103.6,1
1,61,175.1,7.35,5.12,4.43,79.5,1
0,64,148.5,7.51,5.32,5.11,94.5,1
0,19,139.8,6.37,3.65,4.02,48.4,1
0,49,125.4,5.88,4.55,4.98,71.1,1
1,31,157.1,8.61,5.62,4.78,82.4,1
1,42,163.4,5.38,5.15,4.52,118.3,1
1,63,135.8,6.38,6.08,5.28,74.9,1
1,38,145.7,9.55,5.58,4.67,131.9,1
0,66,56.7,9.39,3.49,2.47,106.0,0
1,39,160.6,5.67,4.81,4.85,88.5,1
0,55,132.7,8.35,5.8,3.95,85.3,1
0,51,122.1,7.45,5.62,5.18,73.0,1
0,46,144.7,8.11,5.68,3.92,60.5,1
0,27,118.6,4.12,4.8,4.52,60.9,1
1,60,144.7,7.08,5.39,5.62,90.5,1
1,90,163.7,5.99,5.6,4.97,89.1,1
1,64,168.5,10.59,5.33,6.21,110.4,1
0,72,117.9,7.96,5.07,7.05,75.9,1
0,76,132.9,6.46,5.5,4.93,81.7,1
0,20,123.3,7.01,4.6,4.27,65.7,1
1,75,199.3,1.75,6.79,4.38,58.1,0
0,35,135.7,7.76,5.4,3.08,62.3,1
0,66,138.8,4.96,4.54,5.35,60.5,1
1,89,156.9,8.96,5.94,5.51,91.8,1
1,83,156.8,4.12,5.09,6.47,120.5,1
1,48,140.0,6.87,4.61,4.74,88.8,1
0,79,134.9,5.02,5.13,5.99,67.0,1
1,63,163.0,6.58,5.63,4.52,101.4,1
0,27,144.6,8.28,3.45,5.4,70.4,1
1,35,146.7,3.42,5.03,3.69,80.4,1
0,87,97.2,10.05,7.84,9.03,30.0,0
1,84,132.8,3.91,5.08,5.75,110.4,1
1,83,146.2,6.0,5.75,3.54,81.3,1
1,46,152.3,3.9,4.36,4.98,110.6,1
0,41,114.0,6.79,4.99,5.37,66.0,1
0,76,125.0,5.73,4.79,4.41,40.0,1
1,19,162.4,7.84,5.92,3.62,105.7,1
1,83,125.3,8.71,6.16,5.74,111.2,1
0,62,124.9,6.52,5.48,4.78,82.8,1
0,64,104.4,8.11,4.79,5.58,67.2,1
0,50,162.6,8.99,4.98,4.81,68.2,1
0,89,162.8,1.75,7.57,2.09,30.0,0
0,72,131.7,9.08,5.63,7.54,63.8,1
0,21,138.4,6.43,4.95,4.11,76.3,1
0,56,140.5,4.74,5.37,5.23,70.7,1
0,80,143.7,7.04,5.81,7.2,68.0,1
1,23,135.2,6.37,4.64,5.24,85.5,1
0,71,149.6,3.97,5.67,5.91,76.8,1
0,35,152.2,4.52,4.54,5.65,91.8,1
0,54,130.6,9.45,4.57,5.58,75.5,1
1,82,205.2,1.75,8.66,9.27,109.1,0
0,53,85.2,9.17,5.44,5.57,73.3,1
0,20,77.2,12.42,7.18,7.24,47.6,0
0,19,142.9,5.06,4.52,5.35,82.6,1
0,71,147.9,3.47,6.91,6.03,82.3,1
0,85,139.4,8.24,5.72,3.63,77.3,1
0,39,132.0,7.24,5.67,5.55,113.6,1
1,86,181.3,5.77,5.71,5.01,81.4,1
0,51,147.0,5.07,5.26,5.24,95.9,1
0,22,128.9,8.53,4.66,2.93,80.4,1
1,56,188.1,6.18,4.94,4.6,132.2,1
1,89,135.7,6.2,6.32,5.45,77.7,1
1,36,135.3,5.42,4.93,5.2,119.9,1
0,88,121.9,5.77,6.22,5.23,100.0,1
0,65,119.1,7.49,5.92,3.35,71.9,1
0,46,126.9,3.95,5.94,4.48,60.5,1
1,68,166.2,6.65,5.67,5.02,130.2,1
0,47,131.8,8.22,4.2,5.51,61.0,1
1,24,158.5,6.35,4.57,4.61,111.9,1
1,81,153.8,8.4,5.6,4.93,121.5,1
1,45,121.8,8.91,5.08,5.15,94.8,1
0,59,74.3,1.75,7.41,3.27,40.5,0
1,72,148.0,5.53,6.16,6.49,125.1,1
0,24,122.0,6.44,4.67,2.76,67.6,1
1,70,150.5,7.12,6.91,7.63,90.1,1
1,44,177.7,5.65,4.85,5.95,56.7,1
1,57,154.2,5.59,5.09,6.57,114.7,1
0,51,112.1,5.49,4.51,3.65,67.9,1
1,74,141.7,11.08,4.57,5.11,110.4,1
0,31,159.6,6.01,4.16,5.15,70.3,1
0,25,157.5,8.42,5.38,3.49,92.3,1
0,47,141.2,4.94,5.55,5.42,94.0,1
1,26,135.0,9.56,4.26,5.99,81.4,1
1,35,162.1,5.82,4.98,4.4,89.8,1
0,65,136.3,6.6,5.86,6.83,83.0,1
1,77,153.7,3.2,4.33,6.17,120.0,1
1,68,145.6,8.51,6.48,3.69,100.1,1
0,41,127.5,8.9,5.65,4.04,76.3,1
1,77,143.7,4.36,6.04,6.54,104.1,1
1,47,139.1,8.61,5.83,4.01,84.2,1
0,31,154.4,4.09,3.64,5.59,65.7,1
0,73,142.9,7.64,5.36,6.01,71.9,1
1,55,151.2,5.98,5.98,5.38,112.8,1
0,45,137.8,8.91,5.07,4.38,100.2,1
1,66,160.2,6.95,5.84,5.59,84.6,1
0,70,165.1,8.18,6.32,6.91,85.3,1
0,34,146.7,8.73,5.33,4.33,76.0,1
0,26,146.9,5.98,4.64,5.07,64.8,1
1,55,156.1,6.45,5.57,6.91,83.4,1
1,21,152.4,4.5,3.71,4.66,99.5,1
1,64,175.3,5.96,5.65,4.84,89.4,1
0,50,141.8,9.97,5.6,4.55,79.1,1
1,33,145.3,7.86,4.99,2.78,81.6,1
1,61,161.7,4.62,6.01,4.13,81.5,1
0,45,145.1,9.44,5.24,5.2,89.4,1
1,46,125.0,7.2,5.18,5.79,100.2,1
0,33,119.9,7.99,5.99,4.28,75.2,1
1,67,159.7,7.38,4.83,6.2,90.8,1
1,83,123.8,7.26,6.48,6.46,110.5,1
0,63,104.2,2.9,6.13,4.57,71.4,1
0,35,129.4,8.49,5.43,4.16,84.4,1
1,78,160.6,2.44,5.33,4.35,92.1,1
0,26,142.5,8.33,5.0,5.19,56.4,1
0,39,156.8,6.68,4.5,4.78,62.0,1
0,20,136.2,8.0,4.36,5.2,78.4,1
1,79,147.5,6.79,5.66,5.53,84.1,1
0,21,115.3,8.38,4.18,3.57,99.2,1
0,57,125.5,6.53,5.12,5.84,53.4,1
1,31,168.5,7.01,4.2,2.84,94.3,1
0,33,145.0,7.23,5.29,4.36,90.5,1
1,62,158.8,9.88,6.31,4.54,102.4,1
1,76,161.6,7.58,6.86,6.89,93.5,1
1,19,178.2,4.13,4.06,5.95,113.2,1
0,29,135.2,5.48,4.32,4.96,58.5,1
1,38,177.7,7.58,4.94,4.24,92.6,1
1,86,141.5,8.77,6.18,7.27,75.0,1
0,22,133.7,5.2,4.67,3.81,85.4,1
0,31,126.7,10.53,5.51,3.37,81.0,1
0,47,89.4,10.66,3.85,5.33,30.0,0
0,41,117.7,7.26,4.02,4.91,75.0,1
0,21,130.1,4.24,4.82,2.88,73.3,1
0,57,103.4,8.51,4.58,6.42,75.5,1
0,62,86.9,1.75,7.45,2.4,118.4,0
0,30,152.7,5.16,4.67,3.44,74.5,1
0,68,143.9,5.93,5.93,6.36,60.4,1
1,22,219.5,5.05,3.31,7.82,30.0,0
0,71,142.5,7.34,5.25,6.92,105.9,1
0,36,143.9,4.9,6.27,3.19,63.1,1
0,34,142.8,5.55,4.44,2.96,70.1,1
0,32,144.0,9.04,5.12,6.04,89.3,1
0,81,119.1,6.07,6.08,3.09,80.1,1
0,54,128.6,7.51,5.38,3.99,52.2,1
1,68,155.3,7.95,4.95,5.41,80.9,1
1,32,152.8,1.75,4.38,3.44,109.8,1
1,22,135.3,8.78,5.17,4.63,105.1,1
1,20,140.5,4.97,5.39,3.37,88.3,1
1,50,159.4,5.85,5.19,6.16,96.9,1
0,41,146.5,9.27,4.29,5.47,73.6,1
1,74,113.1,3.68,3.74,8.28,140.1,0
1,75,195.0,7.39,6.5,5.18,105.1,1
1,40,143.2,7.81,4.46,3.87,91.2,1
1,49,162.8,8.26,5.01,4.86,108.0,1
0,45,151.9,9.07,5.18,3.79,82.2,1
1,67,170.3,9.3,6.12,7.07,111.4,1
1,63,164.5,6.69,5.09,5.55,109.7,1
0,65,146.6,5.17,5.73,4.52,85.4,1
0,22,135.6,6.04,5.63,5.85,65.3,1
1,42,181.7,6.73,4.21,4.8,95.2,1
0,88,147.4,6.4,5.0,7.02,62.6,1
0,42,120.0,4.68,5.04,6.07,76.1,1
0,30,138.8,7.29,5.5,4.99,60.5,1
1,32,134.6,3.68,5.15,3.5,103.6,1
0,19,157.9,6.65,5.39,3.86,89.9,1
0,74,133.0,6.77,4.56,8.71,74.7,1
0,18,155.4,6.71,4.94,3.86,63.8,1
0,61,129.3,8.03,3.67,4.99,81.5,1
1,47,128.5,7.79,5.97,4.52,112.8,1
1,24,198.2,10.5,5.54,3.63,85.0,1
1,82,154.8,5.57,5.5,6.27,100.8,1
1,72,89.1,12.95,6.09,1.5,64.5,0
1,77,170.5,6.89,5.5,4.79,94.7,1
0,86,158.9,6.8,6.43,6.0,83.0,1
1,84,149.6,4.22,5.97,5.45,74.6,1
0,69,128.6,4.37,6.61,5.53,79.6,1
1,56,159.0,6.51,5.13,5.09,124.7,1
1,68,137.5,3.66,6.7,4.31,106.8,1
0,50,121.6,5.9,4.0,6.32,74.1,1
1,31,184.6,5.33,4.48,5.65,78.3,1
1,46,154.4,5.96,4.38,4.06,92.2,1
0,52,119.2,8.54,5.69,5.47,78.2,1
1,21,152.1,4.56,4.05,3.98,97.4,1
0,79,145.2,8.07,6.25,6.56,56.4,1
0,84,99.0,5.47,6.14,6.45,78.9,1
0,48,136.0,5.7,5.29,6.09,60.5,1
0,54,168.5,7.34,5.21,4.23,65.1,1
1,79,183.6,6.01,5.02,4.36,112.4,1
1,51,164.5,4.89,5.59,3.35,94.0,1
1,68,173.9,5.83,5.18,7.77,88.7,1
1,55,175.1,3.3,5.75,5.92,83.0,1
1,37,155.4,7.19,5.92,5.86,86.1,1
0,75,143.4,1.75,5.4,4.21,66.7,1
0,32,160.6,8.1,5.73,5.21,85.5,1
1,34,138.6,7.61,5.09,3.13,96.2,1
1,68,162.8,9.38,5.84,5.77,116.5,1
0,69,135.5,10.43,4.7,5.4,56.9,1
1,87,153.8,8.18,5.35,5.47,118.7,1
0,69,130.3,5.37,5.08,4.89,72.2,1
0,19,138.6,10.41,5.55,5.44,68.6,1
0,80,133.7,4.35,5.45,5.13,71.4,1
0,48,149.0,3.08,5.56,6.18,107.3,1
0,18,142.3,9.83,4.69,4.32,64.7,1
1,60,152.3,7.58,5.15,5.54,129.1,1
1,30,145.4,3.12,4.03,5.1,109.5,1
1,48,149.1,4.06,4.04,5.37,80.8,1
0,52,135.7,7.49,5.04,5.25,59.2,1
1,23,148.1,4.93,4.64,6.4,99.0,1
1,80,167.2,5.19,5.13,6.62,100.6,1
0,55,138.0,10.04,5.37,2.8,67.8,1
0,88,145.4,10.37,6.96,5.57,67.4,1
0,51,122.3,6.76,6.12,6.36,96.8,1
1,61,142.4,6.23,5.37,4.49,100.4,1
1,77,170.3,8.12,5.63,5.54,105.9,1
1,33,159.6,5.49,5.32,4.73,98.4,1
1,84,149.6,2.49,5.84,7.11,99.9,1
1,31,168.4,1.75,5.29,3.68,128.9,1
0,90,137.9,6.37,5.95,4.99,84.1,1
1,64,135.8,8.09,5.45,5.73,137.7,1
0,55,152.3,6.53,4.87,5.41,85.4,1
1,33,151.5,7.96,5.14,5.13,86.9,1
1,59,180.6,8.14,3.96,5.47,116.6,1
1,58,135.2,8.99,5.46,5.05,96.7,1
0,89,132.9,6.84,4.52,6.28,98.3,1
1,78,150.4,7.0,5.76,5.74,88.8,1
1,53,126.1,6.43,4.64,4.84,73.9,1
1,46,166.3,6.03,5.89,4.86,98.8,1
1,46,127.5,3.67,5.17,4.43,119.3,1
0,45,164.9,14.9,6.54,1.5,30.0,0
0,18,151.8,5.81,4.94,4.86,80.6,1
0,20,127.0,5.71,4.21,3.22,61.9,1
1,72,140.2,5.53,6.18,6.06,112.8,1
0,36,145.4,4.09,5.38,4.48,67.3,1
1,48,152.5,6.35,4.82,4.87,101.4,1
0,68,124.1,7.43,4.81,5.2,69.4,1
1,62,173.9,5.23,5.11,5.69,86.8,1
0,44,115.1,8.37,5.0,6.21,44.4,1
1,72,146.9,5.84,4.83,7.06,79.1,1
0,29,147.1,3.74,4.56,5.52,68.3,1
0,52,113.3,8.97,4.83,5.11,80.3,1
1,25,185.1,6.86,4.65,5.22,124.1,1
0,56,128.1,8.05,5.12,3.3,66.0,1
0,24,147.7,8.1,5.05,5.03,62.6,1
0,86,141.5,4.8,5.71,6.07,55.4,1
1,66,152.1,5.56,5.63,3.93,111.1,1
0,35,126.3,8.36,5.07,4.18,81.3,1
0,62,130.2,9.8,5.21,5.49,80.8,1
1,43,167.4,6.61,5.46,5.2,102.3,1
1,55,140.7,5.37,3.58,5.96,92.2,1
0,30,116.0,9.53,4.63,6.1,92.9,1
0,54,122.0,10.85,2.93,7.55,99.2,0
0,25,123.5,7.09,4.85,3.48,65.1,1
0,29,139.4,5.73,4.45,5.32,57.2,1
1,60,152.0,6.98,5.63,6.36,96.1,1
0,54,129.2,4.8,5.65,6.22,62.1,1
1,39,178.6,5.83,4.15,5.2,87.5,1
1,22,157.5,5.37,4.86,6.24,78.1,1
0,48,126.8,7.69,4.35,4.71,59.0,1
0,85,124.5,6.79,5.96,7.14,51.1,1
0,69,122.5,8.08,5.16,4.34,79.8,1
1,22,148.7,5.01,4.25,2.4,83.2,1
1,86,144.9,6.12,4.66,4.66,123.5,1
0,48,157.1,7.63,5.06,4.44,87.6,1
0,60,141.7,8.05,4.61,5.2,75.0,1
1,18,154.0,3.9,3.78,3.52,104.5,1
0,40,147.7,7.07,5.11,4.91,85.9,1
0,75,105.7,5.04,6.11,6.08,67.3,1
0,42,153.4,8.14,5.27,5.16,70.0,1
1,30,177.4,9.85,3.99,4.48,112.7,1
1,24,192.1,1.8,4.68,5.56,113.3,1
0,85,143.7,5.32,6.08,4.98,63.7,1
0,77,135.9,6.97,5.47,5.32,109.3,1
0,21,154.3,6.49,4.91,3.93,51.8,1
1,85,143.1,8.19,5.41,6.29,65.0,1
0,77,123.4,6.64,5.32,5.16,100.7,1
0,44,131.6,5.55,4.66,5.24,84.1,1
0,65,151.0,4.66,5.74,6.03,77.0,1
1,36,144.6,4.36,5.35,4.26,109.0,1
0,36,119.0,5.16,4.61,3.28,62.6,1
1,70,157.5,5.48,5.9,5.2,72.4,1
1,32,118.2,1.75,1.95,5.79,51.8,0
1,43,146.2,6.22,4.94,4.28,86.7,1
0,44,142.7,5.33,4.25,2.66,58.4,1
0,28,154.7,4.68,4.14,3.1,63.4,1
0,78,147.2,5.24,4.75,6.28,66.1,1
0,67,135.6,5.48,5.01,4.5,67.3,1
1,80,151.6,5.15,5.97,6.64,104.7,1
0,56,157.4,7.71,5.19,4.48,82.2,1
0,30,134.2,8.96,4.5,5.04,77.0,1
1,38,171.3,4.38,4.87,4.53,58.8,1
0,43,162.1,8.51,3.81,5.44,57.9,1
0,86,140.9,7.75,6.03,5.49,60.2,1
1,35,142.5,6.82,3.58,4.89,114.7,1
1,68,184.8,12.88,6.9,9.3,143.1,0
1,26,153.9,6.19,4.74,4.94,67.8,1
0,87,138.9,7.22,5.97,5.12,85.7,1
1,65,161.2,6.72,5.52,3.61,99.6,1
1,49,189.2,6.59,5.11,4.88,135.2,1
0,43,139.2,7.33,5.92,5.25,52.4,1
0,43,127.8,6.58,6.25,5.0,69.9,1
1,34,140.6,7.34,4.91,3.89,81.1,1
0,61,148.6,5.29,5.25,5.36,58.5,1
0,81,128.8,5.35,5.52,6.21,62.7,1
1,35,134.9,5.29,4.56,5.95,80.3,1
1,72,154.1,5.84,5.71,5.24,101.4,1
0,59,116.2,8.32,6.05,7.39,74.9,1
1,74,147.2,5.67,4.02,6.79,98.2,1
1,74,153.7,7.67,5.41,5.63,117.7,1
1,20,145.4,6.98,5.59,4.64,104.4,1
0,19,127.8,5.71,4.92,5.63,84.5,1
0,84,117.4,8.86,5.91,4.81,77.6,1
1,29,147.3,7.83,3.87,3.86,101.1,1
0,59,116.0,6.5,5.71,4.02,87.9,1
1,72,146.6,6.35,6.09,5.21,81.5,1
1,54,142.2,6.67,5.33,4.31,87.9,1
0,18,144.0,3.75,4.28,4.04,73.0,1
1,18,162.2,5.02,4.94,4.33,96.5,1
1,66,172.3,7.33,4.77,4.08,77.0,1
1,83,181.0,3.65,4.94,6.89,110.6,1
1,43,166.9,5.15,5.53,5.93,118.7,1
1,57,162.0,5.79,5.91,4.73,118.3,1
1,86,163.5,11.73,5.24,7.05,88.9,1
1,78,160.2,7.71,4.87,5.91,111.6,1
1,57,156.1,8.48,4.73,6.13,91.8,1
0,65,130.1,5.05,5.49,4.08,75.3,1
0,88,112.9,7.15,5.02,5.46,91.9,1
0,76,142.0,3.33,6.31,6.09,94.9,1
1,48,155.7,5.9,4.84,4.81,90.8,1
0,68,92.4,3.38,7.98,2.14,114.6,0
1,42,170.5,3.95,4.58,4.74,119.6,1
0,85,119.1,7.21,6.03,6.04,73.7,1
0,24,153.3,7.36,5.16,4.58,30.0,1
0,34,95.2,5.42,3.9,6.08,79.3,1
1,43,185.7,5.0,4.64,3.97,85.1,1
1,32,137.7,5.21,4.79,4.73,92.3,1
1,61,162.3,5.88,5.0,5.85,106.9,1
1,70,160.4,5.93,5.97,4.28,70.8,1
0,83,145.6,7.42,5.29,5.35,86.6,1
1,54,150.7,5.54,5.64,5.24,75.0,1
0,63,98.5,9.38,5.64,6.61,63.0,1
0,61,67.8,3.46,7.0,2.93,133.5,0
1,18,155.9,6.93,5.12,5.04,77.4,1
1,69,123.4,5.88,4.51,6.12,80.0,1
0,19,135.8,5.54,4.65,1.9,77.0,1
1,57,139.2,7.07,4.79,5.21,105.8,1
0,90,137.7,7.39,5.69,5.41,72.8,1
1,75,149.8,6.14,5.24,6.85,108.0,1
1,54,185.0,5.79,5.25,5.71,158.1,1
1,41,153.1,7.13,5.02,5.61,74.7,1
1,79,159.6,6.62,5.67,6.05,65.4,1
1,80,182.0,1.75,4.34,8.99,156.6,0
0,44,108.3,6.7,5.4,5.63,55.5,1
1,25,155.4,5.41,4.02,4.48,101.8,1
0,60,142.3,5.15,5.61,6.36,83.1,1
0,64,139.6,6.49,4.45,4.32,73.7,1
1,86,117.7,11.83,2.63,4.71,142.9,0
1,82,130.9,5.18,6.81,5.31,124.7,1
0,34,143.3,8.38,4.35,5.29,63.5,1
0,36,139.7,5.79,4.67,3.31,92.0,1
1,90,164.7,9.82,4.63,6.04,79.9,1
0,41,128.8,7.63,4.74,4.68,78.3,1
0,51,106.6,5.02,5.29,4.98,80.9,1
0,40,141.0,8.59,5.15,3.21,71.9,1
0,46,132.3,5.21,4.37,4.95,87.9,1
1,59,176.0,10.05,5.02,5.3,98.6,1
1,39,157.5,6.91,5.21,3.18,101.9,1
1,48,155.5,7.48,5.26,3.92,86.8,1
0,43,139.0,6.56,5.12,5.0,58.2,1
1,25,149.5,6.98,5.23,4.87,80.9,1
1,75,143.8,6.09,5.46,5.45,89.6,1
0,83,127.2,4.83,6.48,5.7,55.9,1
0,53,117.9,7.11,5.02,5.08,101.7,1
0,32,130.4,8.34,5.3,4.15,68.0,1
1,64,146.7,1.75,7.99,8.33,42.5,0
1,56,171.0,9.27,4.26,3.86,80.6,1
0,58,135.8,7.58,5.53,4.63,104.6,1
0,61,154.2,5.71,4.93,5.18,70.2,1
0,70,117.6,5.68,4.84,6.51,65.7,1
1,20,196.4,9.86,4.45,4.29,88.5,1
0,25,127.6,8.19,4.87,6.36,69.1,1
0,24,164.7,8.55,3.82,6.22,67.6,1
0,29,164.1,6.05,4.85,4.64,52.3,1
1,88,125.9,7.5,5.59,5.39,112.3,1
0,71,151.9,7.13,6.09,7.46,57.8,1
1,66,150.1,6.19,5.01,5.99,110.4,1
1,69,145.6,6.7,6.15,5.77,78.5,1
1,20,166.9,8.5,4.93,3.75,98.6,1
0,33,118.6,9.38,4.87,4.28,57.3,1
0,75,137.0,6.05,6.29,4.6,63.8,1
0,51,117.8,4.14,6.32,6.36,80.8,1
1,55,158.2,9.46,5.1,5.55,115.5,1
1,72,173.8,9.48,5.04,5.16,125.9,1
1,23,164.5,7.22,5.0,4.03,101.7,1
1,76,148.0,9.73,4.69,4.63,98.7,1
1,67,162.4,7.09,4.62,5.28,83.9,1
0,47,111.2,4.86,5.89,5.09,46.5,1
1,54,143.0,4.14,5.55,3.03,107.0,1
1,23,152.2,4.12,4.23,3.59,92.3,1
0,32,145.6,6.51,6.76,4.03,72.7,1
1,35,163.6,5.66,4.1,5.68,90.8,1
0,82,136.8,5.46,6.0,5.14,64.3,1
0,26,134.0,6.31,4.31,2.91,82.4,1
0,39,121.3,8.04,6.05,3.79,98.5,1
0,27,212.3,11.67,2.84,8.91,103.6,0
0,38,122.7,5.21,4.8,4.42,44.8,1
0,18,141.5,5.63,3.58,3.43,68.4,1
1,37,155.6,8.16,6.2,3.23,86.1,1
0,70,138.4,6.37,5.08,5.42,92.3,1
0,74,120.5,7.0,5.8,5.6,82.3,1
1,45,172.3,9.3,5.08,5.3,125.7,1
0,69,150.8,11.62,5.1,7.83,90.6,1
0,63,145.6,7.65,4.01,4.15,75.7,1
0,83,131.1,7.47,5.51,5.33,77.4,1
1,76,146.9,4.37,5.38,5.78,104.7,1
0,34,175.9,7.16,5.1,4.29,59.0,1
1,60,140.1,6.61,6.59,3.34,104.5,1
0,75,142.7,8.11,5.91,5.96,95.3,1
0,40,138.0,5.79,5.52,4.23,63.5,1
1,59,154.2,6.86,5.1,4.22,94.3,1
1,47,159.1,7.59,4.32,4.14,107.2,1
0,40,125.3,9.92,4.83,6.2,95.5,1
0,32,140.2,9.31,4.44,5.81,61.5,1
1,20,163.8,8.78,4.67,3.42,99.7,1
0,72,170.0,7.81,5.18,3.88,74.1,1
0,77,145.4,5.72,4.55,6.35,70.7,1
1,65,162.2,7.81,6.14,7.15,70.4,1
0,35,142.1,5.11,4.84,6.8,61.6,1
1,19,186.7,6.13,4.49,3.11,77.5,1
1,64,140.0,9.7,4.7,6.5,96.2,1
1,32,189.7,13.38,2.34,2.22,41.7,0
0,58,102.6,6.91,4.75,3.42,56.1,1
0,88,136.6,7.14,5.0,4.99,71.4,1
0,18,147.9,6.33,4.77,3.65,99.9,1
0,60,116.1,2.62,5.02,5.63,64.1,1
1,90,173.5,4.22,6.2,4.57,93.7,1
1,42,146.0,7.61,4.81,5.69,93.7,1
1,77,148.2,4.84,5.62,5.97,87.9,1
1,78,155.0,6.31,5.62,6.48,75.2,1
1,53,179.6,4.29,5.43,4.47,124.8,1
0,40,120.1,5.21,4.5,5.16,45.5,1
0,67,134.7,6.49,5.94,4.41,48.6,1
0,63,142.3,8.16,4.64,5.87,85.4,1
1,52,164.3,8.52,5.21,4.83,66.9,1
0,32,142.9,5.18,4.16,4.51,84.2,1
1,72,165.2,7.05,5.41,5.41,111.5,1
0,33,90.6,1.75,4.19,5.1,30.0,0
1,27,183.6,6.6,5.14,5.61,97.0,1
1,22,157.1,8.22,5.37,4.51,95.3,1
0,50,128.3,6.38,4.97,6.07,61.4,1
0,26,154.6,8.87,5.34,5.53,63.1,1
0,42,70.9,12.25,3.22,7.48,36.5,0
0,35,138.3,6.93,4.65,4.46,65.7,1
0,51,121.1,6.05,5.24,3.62,82.2,1
1,74,191.4,5.54,6.02,6.58,96.4,1
0,50,166.6,3.88,4.82,5.29,80.3,1
0,58,129.5,4.17,5.69,5.34,68.1,1
1,28,166.0,8.29,4.96,4.31,106.0,1
1,26,158.5,9.22,4.99,3.65,109.6,1
0,89,122.9,4.55,5.22,6.93,45.8,1
1,63,156.5,6.62,5.11,7.06,103.8,1
0,19,134.5,3.67,4.63,5.57,61.5,1
0,59,108.3,4.74,5.49,5.03,67.4,1
0,18,139.1,6.97,4.19,4.71,76.6,1
0,23,134.1,5.57,3.97,5.42,74.0,1
0,45,86.9,8.7,5.12,8.09,39.5,0
1,65,153.3,9.59,5.82,7.05,108.2,1
0,63,125.3,6.41,5.91,6.38,76.8,1
0,75,142.6,4.51,4.32,8.01,63.4,1
0,31,141.9,6.73,4.91,4.79,89.0,1
0,31,154.8,6.35,4.64,2.45,88.5,1
0,56,138.8,7.26,5.97,5.18,74.0,1
1,81,149.9,5.89,5.49,5.28,90.7,1
1,70,163.3,7.07,5.78,5.56,86.9,1
1,66,124.7,8.2,5.13,6.92,123.4,1
0,24,166.2,4.13,4.35,3.99,69.4,1
1,82,156.9,5.25,6.09,4.89,101.3,1
1,89,184.9,8.01,6.38,5.2,105.8,1
1,60,142.0,5.51,4.54,7.14,56.6,1
0,42,116.0,6.35,5.72,4.43,59.4,1
1,66,159.9,5.65,4.81,5.55,131.3,1
0,64,136.0,5.77,3.96,6.94,32.2,1
1,85,157.6,5.61,5.68,6.3,76.8,1
0,26,137.2,4.23,5.09,2.49,65.6,1
1,55,146.1,7.33,4.32,4.67,82.9,1
0,69,107.8,8.41,4.25,4.79,63.2,1
1,43,160.9,6.18,4.75,3.29,79.8,1
0,79,109.9,8.21,5.21,5.15,72.4,1
1,22,138.1,5.62,5.55,1.99,101.5,1
0,25,128.8,5.51,4.78,4.79,78.3,1
1,75,160.0,7.24,5.97,5.51,86.4,1
1,27,188.1,7.27,4.93,3.9,110.9,1
0,48,146.9,6.3,6.06,3.33,75.5,1
0,38,154.7,7.72,4.43,6.02,89.0,1
1,68,164.0,4.18,5.37,4.85,102.7,1
0,18,140.7,5.95,3.73,5.35,68.0,1
0,44,170.2,8.24,5.55,4.77,69.6,1
1,89,132.3,8.23,6.4,7.09,104.7,1
0,44,126.4,8.0,5.58,5.41,92.1,1
0,61,164.5,12.24,6.5,1.85,116.2,0
0,90,141.4,5.83,4.86,5.04,78.6,1
0,62,116.1,3.43,5.28,6.41,82.6,1
0,73,141.2,6.03,5.09,5.28,48.0,1
0,88,136.9,7.64,6.27,5.03,53.9,1
0,63,142.9,7.94,5.09,5.12,77.4,1
0,78,141.1,5.55,5.3,5.52,60.6,1
0,55,154.6,4.76,6.53,5.89,69.8,1
0,77,128.6,4.94,6.03,3.85,74.6,1
0,64,138.6,5.52,6.01,7.42,110.4,1
1,42,145.8,3.09,4.72,5.26,94.4,1
0,58,116.7,5.55,4.61,5.15,42.2,1
1,42,183.3,6.59,5.67,5.24,100.2,1
1,46,144.2,6.32,5.99,3.54,112.6,1
1,39,166.7,5.91,4.21,4.89,104.9,1
1,53,163.7,5.26,4.88,5.65,104.6,1
0,43,150.3,5.47,4.5,4.59,62.1,1
1,63,129.8,5.5,5.63,5.73,91.8,1
0,44,146.0,7.77,5.71,5.59,60.5,1
1,53,154.8,6.5,4.97,4.4,86.6,1
0,28,125.2,12.2,4.6,5.68,69.3,1
0,46,128.6,5.9,3.92,4.87,87.1,1
0,43,148.3,7.29,4.47,6.58,116.4,1
0,88,139.2,5.94,6.62,6.94,77.6,1
0,50,92.0,1.75,3.62,3.25,138.8,0
1,19,142.0,9.31,5.24,3.65,59.8,1
0,40,117.0,8.3,4.78,4.7,66.4,1
1,71,165.2,3.34,5.3,6.33,121.5,1
0,30,114.8,4.66,4.86,4.1,73.9,1
1,29,156.3,6.25,5.03,4.97,94.9,1
0,45,172.7,5.57,5.9,5.39,116.8,1
0,44,139.5,3.79,4.66,4.78,91.0,1
0,53,142.8,6.71,5.11,4.32,85.2,1
1,20,143.1,3.12,4.22,5.84,95.0,1
1,70,135.6,6.73,4.27,5.83,102.6,1
0,33,145.6,7.81,5.45,4.39,104.7,1
0,69,125.9,8.07,6.48,4.67,107.9,1
1,59,172.7,6.24,5.74,5.99,89.9,1
1,32,159.9,9.22,5.02,4.58,72.2,1
0,52,147.1,12.6,4.32,3.37,133.7,0
0,20,127.9,8.02,4.98,3.57,83.5,1
0,69,135.9,5.17,5.92,5.65,101.5,1
1,40,145.1,9.24,5.08,4.37,95.4,1
1,45,173.5,6.49,5.25,6.47,92.0,1
0,29,142.2,9.34,4.76,4.91,89.1,1
0,44,119.7,8.94,5.56,3.98,59.4,1
0,46,129.1,6.96,4.44,5.76,69.7,1
1,34,179.7,7.23,5.16,5.79,96.8,1
0,89,148.4,6.18,5.22,5.48,74.4,1
0,38,113.5,5.03,5.28,4.03,92.1,1
0,31,128.4,7.57,6.3,2.64,80.6,1
0,58,160.0,7.48,5.69,6.15,65.8,1
1,41,155.9,3.59,5.72,3.24,93.5,1
0,51,136.2,6.35,5.71,4.98,115.5,1
0,70,146.9,8.06,4.05,3.85,52.8,1
1,23,140.2,9.14,4.67,6.08,68.0,1
0,55,118.9,7.81,5.49,6.3,55.1,1
0,19,131.7,3.77,3.43,4.65,76.5,1
1,21,178.5,4.6,4.54,5.36,113.1,1
1,24,220.6,11.36,6.05,2.21,47.9,0
0,29,146.4,9.02,4.1,3.84,64.0,1
0,43,132.1,5.41,4.46,3.35,62.1,1
1,86,140.4,13.36,8.34,4.39,30.0,0
0,84,127.8,5.38,3.51,4.77,99.2,1
1,25,168.7,7.46,4.94,6.77,93.2,1
1,90,167.2,4.81,6.45,4.8,102.8,1
0,64,157.6,6.15,5.34,6.19,87.0,1
1,58,155.9,4.46,6.12,6.31,118.7,1
0,75,125.6,9.1,5.27,4.29,71.4,1
1,53,176.6,5.25,4.65,4.66,84.0,1
0,37,155.4,3.72,4.95,4.53,72.5,1
0,56,124.7,3.57,5.01,8.25,71.8,1
1,70,138.9,6.35,5.11,5.18,90.1,1
1,67,174.1,5.68,5.3,4.32,79.4,1
0,30,110.9,7.67,4.37,5.04,78.3,1
1,86,128.5,6.08,5.19,4.78,119.2,1
0,38,130.7,8.6,4.3,4.7,99.2,1
0,77,130.8,5.81,5.8,5.13,63.5,1
0,40,117.1,8.35,4.4,5.27,99.4,1
0,22,138.1,4.79,3.98,3.93,55.6,1
1,90,156.0,3.79,5.11,5.17,101.7,1
1,60,147.8,5.02,5.42,6.17,113.7,1
1,33,188.2,4.47,5.3,4.92,104.9,1
0,18,141.6,4.27,5.12,4.39,93.1,1
1,27,175.2,7.24,4.93,2.81,81.0,1
0,30,112.2,6.02,5.17,5.16,69.8,1
1,85,130.5,6.76,5.64,5.28,96.2,1
1,30,164.9,7.45,5.12,4.85,113.6,1
1,29,154.0,1.75,6.72,1.5,131.9,0
1,79,138.0,7.53,5.15,5.83,102.5,1
0,82,131.0,4.33,4.98,5.81,71.2,1
1,33,139.2,5.46,5.71,4.45,102.1,1
1,65,143.7,3.09,5.45,4.5,87.0,1
0,57,134.2,7.68,5.89,6.19,57.1,1
1,60,147.6,3.46,4.64,4.53,90.5,1
0,40,113.4,4.34,4.76,5.62,59.2,1
0,72,109.9,4.47,4.65,6.38,71.6,1
1,82,124.5,6.27,6.02,4.89,110.8,1
1,70,161.1,6.21,5.08,6.07,78.4,1
0,83,137.7,7.96,5.31,5.27,68.9,1
1,26,167.3,6.31,5.96,5.09,128.9,1
1,65,175.5,13.24,4.03,6.33,108.6,0
0,90,143.1,7.18,6.14,5.7,58.7,1
0,57,141.9,4.8,4.53,5.21,78.4,1
0,86,128.5,5.3,4.58,5.69,51.2,1
1,43,154.3,9.22,5.63,5.2,95.2,1
0,83,119.0,8.71,4.3,4.93,100.2,1
1,86,155.3,7.98,5.39,5.22,89.9,1
1,63,179.0,8.22,4.86,5.9,84.7,1
1,69,171.2,7.34,4.88,5.01,74.0,1
0,56,127.6,7.1,4.98,4.67,60.6,1
0,41,141.0,6.59,4.38,4.06,69.4,1
1,57,138.8,9.56,4.53,4.73,129.9,1
1,88,163.2,5.66,5.87,4.84,96.6,1
0,19,122.6,6.93,5.32,5.04,69.9,1
1,32,168.2,3.43,3.84,4.24,95.9,1
1,54,236.3,10.65,6.93,1.98,32.4,0
1,42,148.2,9.77,5.35,4.66,61.7,1
0,63,174.5,7.61,5.61,4.0,95.8,1
1,44,112.5,1.75,2.6,1.56,60.1,0
1,66,143.2,6.64,5.03,6.54,115.0,1
1,25,146.6,4.06,5.23,3.52,99.8,1
0,42,168.3,5.73,5.23,4.71,90.5,1
1,68,161.6,3.88,4.28,7.35,75.2,1
0,52,123.3,5.97,5.05,5.26,74.4,1
1,70,150.9,7.72,5.48,4.94,106.2,1
0,64,137.1,7.32,4.7,3.49,94.0,1
0,41,132.8,9.36,4.87,4.97,79.3,1
0,49,137.3,7.03,5.43,4.29,79.7,1
0,88,154.8,2.04,5.22,6.26,78.8,1
0,88,111.3,10.01,5.86,5.15,53.2,1
0,20,144.7,4.99,4.11,4.65,63.1,1
1,69,153.0,6.79,4.69,6.68,90.9,1
0,53,124.2,6.68,5.56,5.66,86.1,1
1,18,175.3,6.93,5.37,3.17,103.6,1
0,64,108.7,6.59,4.65,5.36,96.8,1
1,19,123.6,6.62,5.26,5.25,103.3,1
0,41,136.3,4.12,5.01,3.45,69.9,1
1,68,152.1,11.16,4.09,6.88,117.6,1
0,77,109.0,7.67,4.69,5.67,56.2,1
0,48,106.5,6.59,5.48,5.48,69.0,1
1,77,182.3,9.82,4.58,5.23,84.6,1
1,79,160.0,4.57,5.21,5.62,82.1,1
0,50,132.3,8.06,5.1,4.19,57.2,1
1,30,190.9,5.5,5.12,5.99,86.6,1
0,66,145.7,7.22,5.5,6.93,77.2,1
0,19,161.6,7.26,5.63,6.31,66.7,1
0,83,111.0,2.29,5.16,4.07,79.0,1
1,46,138.1,3.92,5.15,5.22,100.6,1
0,73,139.0,9.36,5.77,5.85,39.6,1
0,71,136.1,6.05,5.89,4.78,76.9,1
0,52,150.5,10.1,5.81,5.38,62.3,1
1,88,127.7,8.86,5.46,4.47,74.8,1
0,76,140.0,6.1,5.93,6.84,78.2,1
1,82,167.6,5.94,5.07,4.26,100.1,1
1,24,172.6,9.47,4.71,4.71,98.4,1
1,53,149.6,10.29,5.5,5.77,108.1,1
1,87,160.1,5.98,6.29,5.2,89.1,1
0,77,117.7,9.27,5.9,6.78,60.0,1
0,51,127.5,8.35,5.22,3.38,72.9,1
1,23,143.1,8.66,4.7,4.43,89.2,1
0,38,121.8,6.68,5.3,3.24,113.4,1
0,59,127.5,5.29,6.6,4.48,71.6,1
0,64,123.2,4.6,5.87,4.84,73.7,1
1,85,141.1,4.15,5.9,5.2,85.5,1
1,24,139.1,9.94,3.94,5.62,79.9,1
0,46,161.8,6.52,4.58,3.86,47.5,1
1,37,149.8,4.44,4.76,3.34,91.0,1
1,88,157.1,8.3,6.27,5.37,95.3,1
1,30,131.6,5.64,4.29,4.7,111.9,1
1,34,178.0,5.33,5.3,5.13,91.8,1
1,39,159.6,10.22,5.06,5.82,89.7,1
0,25,127.8,4.1,4.99,2.56,74.6,1
1,64,148.1,6.92,5.23,6.8,95.3,1
0,56,144.4,5.44,4.88,4.38,86.8,1
0,58,86.9,5.15,4.69,4.91,94.0,1
1,84,140.2,3.87,6.03,5.7,97.2,1
1,49,154.3,6.61,5.09,3.03,81.4,1
0,40,131.0,4.93,4.35,4.41,69.3,1
1,45,194.1,7.56,5.21,5.79,98.9,1
0,76,124.3,6.42,7.59,6.09,53.0,1
0,56,146.3,5.94,5.12,4.67,67.9,1
0,30,161.2,4.94,5.84,4.79,48.5,1
1,68,164.3,9.08,3.87,5.78,103.1,1
0,72,119.7,7.82,5.32,5.21,56.5,1
0,36,114.1,5.27,5.51,5.16,66.4,1
1,58,166.4,4.05,5.28,4.44,94.1,1
0,59,155.8,3.1,4.9,4.33,53.1,1
1,30,166.2,8.55,4.83,4.33,95.7,1
0,18,153.7,8.14,5.26,2.19,54.2,1
0,70,168.9,8.38,6.74,6.02,95.3,1
1,62,167.4,6.28,5.97,5.31,116.7,1
0,70,113.5,7.95,5.15,5.2,90.7,1
0,45,164.2,12.55,6.26,2.86,109.8,0
0,55,152.1,6.37,5.09,5.45,77.5,1
0,89,124.4,5.86,5.21,6.74,71.4,1
0,34,156.2,4.74,4.82,6.1,79.4,1
0,65,129.5,7.27,5.21,5.6,97.5,1
1,27,163.3,7.51,4.08,3.89,80.3,1
0,22,129.5,5.77,5.23,5.09,77.4,1
0,87,130.7,5.98,5.96,5.1,48.3,1
0,27,137.5,6.11,4.42,3.85,64.8,1
1,65,130.4,7.92,5.46,5.04,96.0,1
1,55,148.9,4.03,4.65,6.14,101.2,1
1,77,134.8,4.51,5.22,6.22,107.7,1
0,57,125.2,4.55,5.67,5.94,92.2,1
1,68,142.3,6.23,5.7,5.47,76.0,1
0,83,143.9,7.07,5.34,6.17,86.9,1
1,78,168.6,4.58,5.76,6.1,124.6,1
0,70,138.4,8.14,5.41,4.78,67.6,1
0,29,115.1,9.13,4.24,5.11,63.6,1
1,30,156.5,7.24,4.75,4.6,98.3,1
0,54,169.4,12.52,3.16,2.08,30.0,0
0,66,128.2,4.85,5.57,5.0,71.0,1
0,66,140.1,4.9,4.37,4.82,95.8,1
1,75,168.4,7.43,5.62,5.25,134.4,1
1,25,165.6,6.43,4.79,4.49,91.4,1
1,30,176.9,4.89,3.71,5.2,131.2,1
1,28,162.1,9.07,4.34,5.92,91.1,1
0,57,127.8,7.04,5.55,5.65,85.2,1
0,64,143.7,7.76,6.19,5.39,58.5,1
0,26,148.0,5.29,3.81,2.72,59.0,1
0,81,121.0,9.52,6.2,7.8,70.2,1
0,40,138.7,6.22,3.87,4.16,85.5,1
0,66,126.0,8.33,6.23,4.71,77.4,1
0,72,99.7,5.45,5.34,6.58,49.9,1
1,20,165.6,6.8,4.27,3.41,76.0,1
0,81,109.5,7.5,5.83,5.95,49.1,1
1,88,157.1,10.09,5.14,5.34,104.2,1
0,87,105.3,5.71,6.01,5.51,77.6,1
1,28,96.7,2.75,7.12,6.96,140.2,0
1,46,108.1,1.75,4.62,1.5,51.9,0
1,34,175.6,3.95,4.42,4.57,85.3,1
0,50,124.0,2.59,5.26,5.92,76.0,1
0,89,112.0,4.71,6.37,5.71,96.9,1
1,73,159.2,8.24,5.69,8.61,107.2,1
1,74,150.3,9.59,6.14,5.56,81.1,1
0,48,144.1,4.84,4.58,3.88,68.4,1
1,86,137.2,4.31,6.13,5.25,89.9,1
0,85,131.7,9.26,6.12,3.96,88.5,1
0,76,166.4,5.48,4.56,6.49,58.9,1
0,77,125.7,5.83,6.21,6.98,77.6,1
1,65,157.3,9.13,5.57,6.06,93.1,1
1,24,133.7,8.83,4.59,3.72,84.5,1
0,38,120.4,8.18,4.79,3.97,76.0,1
1,74,160.5,3.42,4.89,6.14,95.4,1
1,41,152.0,4.23,5.39,4.35,108.2,1
0,30,143.2,8.52,5.03,3.83,65.2,1
1,87,158.7,7.07,6.05,4.86,81.6,1
1,53,135.9,5.1,5.24,6.74,94.5,1
1,80,168.2,5.88,5.72,5.18,102.8,1
0,38,114.6,8.5,4.79,5.51,82.1,1
1,44,145.1,9.25,5.71,5.37,94.4,1
0,43,136.1,6.49,5.41,4.1,85.8,1
0,45,156.0,5.26,5.18,4.94,53.1,1
1,49,141.0,6.0,5.05,4.08,112.1,1
1,39,159.3,8.92,3.92,6.08,105.5,1
1,77,155.6,8.88,4.36,4.72,92.2,1
1,41,166.8,6.85,4.79,5.15,112.8,1
1,50,122.5,1.75,3.93,1.77,42.2,0
1,80,146.9,8.45,5.18,4.77,118.2,1
0,49,147.3,9.42,4.74,5.95,61.8,1
1,18,179.2,3.88,4.09,3.89,85.7,1
0,18,162.0,6.08,3.9,2.71,80.1,1
0,49,139.6,8.58,4.59,5.36,74.5,1
1,65,156.9,6.63,5.54,4.66,76.7,1
1,86,145.3,5.62,5.39,5.86,127.4,1
0,27,112.4,6.83,4.48,5.31,98.6,1
1,57,151.1,7.17,4.88,5.46,100.7,1
1,39,158.8,4.47,5.13,5.58,86.6,1
0,50,130.4,6.66,5.38,3.83,63.5,1
1,50,165.0,7.16,4.03,6.08,103.3,1
0,40,111.2,5.62,4.54,4.53,94.5,1
1,19,156.4,5.1,4.63,3.1,135.6,1
1,23,188.6,5.53,5.01,2.25,91.6,1
1,56,170.3,4.75,5.32,4.84,92.5,1
1,34,166.8,8.03,5.4,3.97,94.2,1
1,41,162.8,4.73,4.17,4.13,103.2,1
1,24,153.1,6.84,5.01,4.78,83.4,1
0,21,108.6,5.83,5.95,5.97,51.6,1
0,27,141.2,5.23,4.83,3.73,68.9,1
0,45,95.8,8.97,5.13,4.98,77.9,1
1,29,153.2,6.26,5.15,4.07,122.2,1
1,34,157.5,5.3,4.58,3.79,80.5,1
0,40,168.7,1.75,6.69,6.46,48.1,0
0,39,165.7,7.11,5.02,6.26,71.4,1
1,18,186.6,7.99,3.68,4.37,92.2,1
1,26,173.9,8.79,5.03,4.35,73.0,1
0,87,114.4,6.2,6.04,5.12,81.2,1
1,66,183.2,6.09,4.43,5.38,102.4,1
1,27,167.6,6.74,4.9,3.97,130.4,1
1,38,143.1,6.8,4.84,6.5,93.0,1
1,45,157.0,5.11,5.96,5.13,120.6,1
1,84,167.0,9.13,6.45,5.81,94.6,1
1,82,143.8,6.54,6.13,5.75,94.0,1
1,74,155.7,7.46,6.24,6.66,73.5,1
1,25,163.2,7.26,4.56,4.48,113.5,1
0,53,115.2,7.23,5.35,4.63,75.7,1
0,53,127.6,4.69,5.04,5.2,73.6,1
0,64,115.2,6.49,4.76,5.99,69.8,1
1,79,166.1,10.61,5.63,6.64,102.5,1
0,41,119.3,9.36,4.97,5.01,62.4,1
1,58,159.6,6.78,5.15,5.37,104.6,1
0,37,112.4,5.84,4.92,5.63,58.5,1
0,33,116.7,2.51,4.93,2.2,70.6,1
0,40,115.3,5.6,5.53,4.88,80.5,1
1,71,149.6,6.36,5.11,4.89,119.7,1
0,49,134.8,5.93,4.37,5.03,76.6,1
1,67,215.5,1.75,7.64,8.4,79.7,0
1,68,127.6,7.62,5.93,6.48,98.2,1
1,44,154.1,4.7,5.27,3.63,83.2,1
0,87,117.0,6.99,5.02,5.09,106.6,1
1,21,166.9,6.3,4.64,3.62,94.3,1
1,83,148.7,4.91,5.82,5.11,113.4,1
0,18,134.0,9.51,4.03,3.13,62.6,1
0,45,121.3,7.85,4.62,6.82,81.1,1
1,78,179.1,5.08,5.48,6.34,104.1,1
1,67,135.0,7.43,6.11,4.64,98.3,1
0,41,126.9,4.0,5.15,4.83,103.5,1
0,82,130.4,5.31,5.29,5.25,81.5,1
0,28,130.4,8.89,4.7,4.7,66.8,1
1,66,142.9,7.13,4.99,4.63,121.9,1
0,55,104.3,6.99,4.98,3.73,46.6,1
0,33,123.3,8.28,5.33,4.14,50.8,1
0,85,114.1,7.6,4.52,6.94,88.5,1
0,73,154.9,6.02,6.28,4.12,78.1,1
0,18,169.2,8.19,5.98,5.35,63.7,1
0,24,133.8,3.46,4.86,4.98,78.1,1
1,22,137.7,5.3,4.23,4.08,112.1,1
1,48,167.3,6.33,5.82,5.64,81.5,1
0,48,117.5,7.49,5.29,5.15,72.1,1
0,70,84.5,1.75,3.17,5.93,42.8,0
0,67,120.9,3.29,4.82,4.98,78.9,1
1,19,151.6,3.04,4.44,4.04,105.6,1
0,52,126.5,6.38,5.3,6.34,44.1,1
0,75,109.8,5.64,6.06,5.14,82.8,1
1,83,142.2,4.86,5.82,5.47,70.5,1
0,39,148.4,4.56,5.26,3.73,72.4,1
0,21,134.4,6.74,4.51,4.36,56.2,1
0,29,189.4,13.09,3.92,1.5,30.0,0
0,42,99.3,6.74,4.91,5.82,83.1,1
1,50,170.2,8.87,6.25,4.62,98.4,1
1,43,146.4,5.83,4.65,3.79,87.4,1
0,24,151.5,7.3,5.0,5.58,52.5,1
0,42,135.1,8.93,6.34,3.66,72.5,1
0,39,124.7,6.22,5.61,5.01,66.8,1
1,53,130.5,6.55,5.64,3.72,102.7,1
0,23,167.3,5.83,4.92,4.72,65.7,1
0,75,141.5,7.57,5.56,6.46,95.8,1
1,48,109.4,3.62,7.37,1.5,58.0,0
0,41,160.2,7.13,4.68,3.76,86.8,1
0,84,132.0,6.09,4.74,4.65,67.7,1
0,72,150.1,3.8,5.86,5.39,85.6,1
1,27,151.1,6.41,3.88,6.28,105.7,1
1,28,169.3,6.15,5.21,5.52,86.2,1
1,18,149.7,6.92,4.48,5.41,73.4,1
0,58,123.6,6.71,4.7,4.2,92.9,1
1,43,158.2,9.33,5.89,5.85,90.9,1
1,45,137.5,5.25,4.21,5.79,87.6,1
0,55,136.4,3.66,4.83,5.37,69.2,1
0,57,126.6,4.44,4.91,4.57,59.6,1
0,18,105.4,5.36,4.76,5.23,81.4,1
1,25,151.6,8.45,4.41,3.89,96.1,1
0,75,124.3,4.16,6.4,6.09,75.5,1
0,87,141.1,4.41,4.88,5.4,92.4,1
1,79,157.4,7.25,8.04,4.69,100.4,1
0,84,150.3,8.03,5.02,5.32,98.8,1
1,51,108.4,8.11,5.39,3.48,137.6,0
0,78,120.9,3.31,6.23,4.51,52.3,1
0,82,127.9,5.08,5.56,6.53,61.8,1
1,83,147.5,7.68,5.78,6.42,88.2,1
1,28,195.6,11.13,2.57,6.44,154.7,0
0,28,135.1,5.15,5.03,4.06,95.2,1
1,47,146.9,7.83,4.66,3.82,100.2,1
1,54,155.7,6.72,5.64,6.24,94.3,1
0,87,135.2,6.31,5.81,4.67,70.8,1
1,41,141.8,3.59,4.42,2.31,105.2,1
0,78,134.0,5.11,5.83,5.84,81.1,1
1,82,129.1,10.02,5.85,4.42,111.1,1
0,88,144.8,5.89,5.29,5.66,64.8,1
0,31,97.5,1.75,6.3,5.33,149.0,0
1,35,181.9,5.81,5.23,4.18,91.6,1
1,34,140.9,6.71,5.56,4.74,87.2,1
0,71,146.9,8.09,5.38,5.66,92.5,1
1,68,168.2,7.62,5.98,6.56,111.9,1
0,47,129.6,5.28,5.81,4.94,63.7,1
1,24,153.0,8.79,5.54,4.58,106.4,1
1,56,139.1,7.97,5.49,4.9,91.4,1
1,71,133.7,5.7,4.92,6.25,104.8,1
1,52,89.6,12.45,7.63,1.83,150.2,0
1,37,94.5,12.24,6.18,1.5,92.7,0
1,61,178.8,8.43,5.62,5.22,118.9,1
1,66,76.0,10.56,6.52,7.53,156.9,0
0,61,133.1,6.63,4.95,6.48,85.5,1
1,81,159.4,6.44,5.19,5.91,80.2,1
1,40,162.4,5.47,4.21,3.7,99.8,1
0,62,178.0,1.75,6.86,8.86,30.0,0
1,80,167.2,8.4,4.98,6.78,98.2,1
1,33,151.0,7.46,5.23,4.01,97.9,1
0,38,134.5,10.29,4.33,5.99,47.2,1
0,21,130.5,5.47,4.31,4.65,67.8,1
0,45,152.0,6.75,5.08,5.08,75.2,1
1,21,190.4,7.06,5.8,5.5,109.9,1
1,72,181.3,4.44,3.55,2.26,145.7,0
1,24,128.1,8.95,3.93,4.83,84.3,1
1,68,162.7,6.67,4.63,5.44,85.5,1
0,60,147.1,4.53,4.78,3.62,69.2,1
1,90,232.7,12.33,3.38,3.63,128.4,0
0,43,143.8,6.76,6.43,5.09,93.1,1
0,43,153.6,8.52,5.63,4.52,84.8,1
0,35,158.4,3.9,4.74,2.41,113.5,1
1,57,177.3,4.39,6.37,5.7,89.9,1
0,34,146.8,7.86,4.54,3.91,85.6,1
0,26,115.2,4.17,4.54,3.51,54.1,1
0,87,128.2,4.47,5.42,4.64,97.4,1
0,67,134.8,8.55,6.02,3.58,71.1,1
1,26,156.9,6.1,4.75,4.94,95.0,1
1,63,154.1,5.96,6.25,7.38,117.3,1
1,40,180.5,8.96,5.26,4.28,115.2,1
1,31,146.5,4.59,5.41,5.36,81.9,1
1,52,167.8,4.22,4.09,4.96,96.0,1
1,75,158.2,9.43,4.51,5.75,120.1,1
0,18,122.3,6.92,3.67,4.3,66.4,1
1,43,140.6,7.72,4.79,5.56,101.7,1
1,85,127.0,5.94,4.75,4.61,107.3,1
1,46,163.7,6.31,5.83,5.01,118.4,1
0,25,133.6,5.23,4.66,5.52,82.3,1
0,49,119.7,7.07,5.5,5.61,69.8,1
1,67,87.5,14.41,3.13,2.19,111.2,0
1,90,158.5,6.85,6.24,5.89,110.1,1
0,63,163.5,14.48,5.56,2.21,133.8,0
1,21,148.2,7.69,4.69,4.1,122.7,1
0,77,114.8,4.61,5.86,4.14,83.5,1
1,74,150.0,6.24,5.86,5.93,90.2,1
0,65,137.5,5.69,5.18,6.53,55.6,1
0,83,123.8,7.86,4.62,5.92,72.6,1
1,74,135.8,7.33,6.12,5.49,104.1,1
1,34,156.7,6.73,4.67,5.22,98.3,1
0,48,147.9,8.32,4.94,3.05,54.5,1
0,55,132.1,3.14,6.56,4.64,31.9,1
1,53,156.7,5.41,5.25,4.99,83.3,1
0,64,125.7,5.57,5.05,3.74,37.6,1
1,69,140.8,6.95,5.09,5.52,83.7,1
1,25,144.7,7.5,5.16,2.83,99.9,1
1,59,130.2,6.5,4.79,5.8,119.6,1
0,20,152.7,4.13,5.01,4.6,35.3,1
0,55,138.4,7.23,5.89,4.93,58.4,1
1,48,157.4,6.73,5.07,5.65,103.3,1
0,33,105.3,1.75,7.71,6.7,120.6,0
1,90,157.1,5.97,5.71,6.23,101.9,1
0,36,122.4,7.17,4.53,4.98,78.5,1
1,22,153.9,9.48,3.73,3.67,89.9,1
0,44,125.5,4.54,5.23,6.29,91.3,1
1,73,191.4,7.92,5.67,6.58,135.1,1
1,18,174.5,4.56,5.26,4.75,79.9,1
0,53,177.9,9.79,4.23,2.29,132.6,0
0,48,201.1,1.75,4.37,8.18,152.0,0
0,81,113.0,2.57,3.57,9.12,144.9,0
0,18,114.5,6.73,4.88,6.07,61.6,1
0,19,131.8,5.93,4.27,3.89,67.0,1
0,59,130.9,7.32,5.84,6.12,48.0,1
1,31,167.1,6.57,4.31,4.54,88.0,1
1,69,150.7,6.7,5.98,3.93,90.4,1
0,38,131.7,5.95,4.53,5.51,79.8,1
0,59,124.2,4.65,5.74,6.5,56.9,1
0,20,150.7,9.54,5.42,5.28,73.1,1
1,68,132.5,9.02,4.49,5.21,101.5,1
0,55,125.1,9.36,4.42,5.45,66.8,1
0,18,107.5,5.53,4.81,4.99,84.5,1
0,37,117.9,5.27,5.03,5.26,66.1,1
1,22,163.6,5.75,4.55,5.55,101.0,1
0,21,139.9,8.43,4.43,5.27,52.6,1
1,68,149.5,6.5,4.91,4.84,86.7,1
0,49,149.0,5.52,5.33,5.0,87.9,1
0,76,149.7,7.15,4.96,5.07,49.7,1
0,36,132.4,5.17,5.16,4.87,84.1,1
0,70,133.8,4.06,5.11,3.72,69.6,1
1,62,148.0,6.73,5.08,6.98,67.6,1
0,66,139.8,5.57,6.12,4.62,67.6,1
0,78,111.3,6.48,6.14,5.1,85.9,1
0,69,157.0,1.75,4.84,5.45,109.1,1
1,72,170.9,4.89,4.96,4.2,126.6,1
0,71,111.9,6.42,5.93,5.12,60.6,1
1,50,144.2,3.77,4.29,5.15,109.5,1
1,70,160.3,3.83,6.32,6.88,91.8,1
1,79,148.0,6.57,5.67,5.71,89.8,1
1,71,162.1,7.76,5.12,5.05,113.6,1
1,62,149.4,4.89,5.34,4.23,101.5,1
0,23,157.6,6.03,5.56,6.38,75.6,1
1,49,156.2,6.07,3.86,5.05,72.3,1
1,22,195.1,3.69,5.35,4.51,81.6,1
0,25,143.5,8.63,5.49,3.27,58.7,1
0,44,112.4,6.17,4.87,5.35,80.9,1
1,51,187.2,6.19,5.12,4.49,108.5,1
1,56,171.9,7.17,5.32,6.44,123.8,1
1,83,213.1,1.75,8.35,8.87,45.6,0
0,73,139.4,8.16,5.06,5.57,101.0,1
0,48,114.4,8.39,5.11,3.77,69.5,1
1,42,129.7,6.75,4.97,4.75,98.3,1
0,70,129.4,7.33,5.86,5.21,72.7,1
1,38,177.9,5.91,6.58,4.87,100.7,1
1,82,158.7,8.05,5.19,3.87,109.6,1
0,75,155.1,5.02,5.57,4.68,90.3,1
1,67,174.1,6.44,4.95,4.89,94.7,1
0,36,133.7,6.55,4.65,5.17,74.1,1
0,63,148.5,6.43,4.7,3.52,60.5,1
0,77,152.1,8.42,4.64,6.78,85.0,1
1,23,157.5,10.44,5.45,5.58,100.1,1
1,30,154.8,6.3,5.06,3.71,84.8,1
0,55,133.6,7.35,5.28,7.32,55.1,1
1,44,120.4,5.06,4.54,5.09,99.6,1
1,69,158.3,8.36,5.39,5.28,118.0,1
1,47,167.1,5.57,4.41,5.47,121.1,1
1,90,154.2,12.16,5.73,6.18,80.1,1
1,39,162.3,3.49,5.19,4.89,111.0,1
1,44,155.9,10.37,4.73,3.9,109.2,1
1,18,129.2,8.28,4.22,3.97,116.7,1
0,36,158.3,4.48,4.64,5.04,79.9,1
0,35,128.0,10.68,5.41,5.45,67.7,1
0,73,120.4,4.83,5.62,6.76,86.4,1
1,42,177.2,5.93,4.07,4.43,58.4,1
1,32,172.5,4.17,5.31,4.71,81.7,1
1,40,161.1,6.24,5.33,4.21,84.0,1
0,59,142.6,6.41,5.4,6.16,63.9,1
0,75,112.2,7.99,6.51,5.22,51.9,1
0,89,126.9,10.89,5.75,5.25,67.0,1
1,21,178.3,5.58,4.97,4.48,87.7,1
0,79,118.9,1.75,5.87,4.07,71.0,1
0,46,117.4,7.67,5.62,5.41,77.6,1
1,77,154.5,5.51,5.42,5.26,80.1,1
0,20,136.5,9.77,4.31,6.89,65.2,1
1,63,164.4,6.44,5.93,4.7,96.8,1
1,85,131.8,5.13,6.23,5.46,71.4,1
0,20,96.8,4.68,5.46,5.32,70.9,1
0,75,143.3,7.62,5.77,6.2,78.3,1
0,26,118.2,6.0,3.8,5.45,83.7,1
0,89,119.0,9.14,5.83,5.53,55.7,1
0,72,97.1,6.12,5.5,4.41,72.3,1
0,84,143.9,9.05,6.4,8.08,93.8,1
0,83,76.6,8.06,8.62,2.65,87.1,0
1,41,161.6,3.37,5.38,5.02,96.9,1
0,48,136.8,7.99,3.88,5.69,50.6,1
1,68,123.3,5.66,4.93,4.19,92.0,1
1,30,143.2,6.03,4.63,4.19,84.4,1
0,40,126.2,4.68,4.8,3.86,78.6,1
1,25,147.3,4.55,4.88,4.65,91.8,1
0,82,124.7,7.64,6.52,4.4,56.0,1
1,36,161.1,6.47,5.41,5.33,119.6,1
0,47,147.4,4.59,4.55,6.01,76.0,1
1,51,133.7,7.92,4.67,6.05,112.4,1
1,45,156.4,8.61,4.52,5.3,80.8,1
1,74,164.3,6.3,5.44,5.65,92.8,1
0,84,114.7,8.31,6.14,5.3,90.2,1
1,59,152.2,4.7,5.86,5.58,86.7,1
1,79,160.1,7.54,5.36,5.48,98.9,1
1,26,158.6,6.79,4.77,2.84,95.3,1
1,88,162.3,5.08,6.72,5.2,64.0,1
0,26,135.8,10.2,3.9,5.23,71.3,1
0,22,130.1,6.92,5.11,3.43,65.8,1
1,19,84.0,12.31,6.45,5.54,153.1,0
1,35,161.2,6.54,4.75,4.52,86.0,1
1,79,154.6,4.93,5.57,3.63,79.6,1
1,39,142.2,4.42,5.24,5.44,84.7,1
1,75,162.2,5.69,5.35,6.08,90.8,1
1,48,175.2,5.81,4.74,5.81,106.5,1
0,25,124.6,5.05,4.35,4.7,63.9,1
0,52,120.9,8.75,6.3,4.27,75.2,1
0,34,122.1,5.12,4.65,3.57,75.7,1
1,39,131.9,4.82,5.11,5.28,88.8,1
1,55,185.6,4.37,5.7,5.74,112.3,1
1,75,146.8,4.19,5.4,4.49,93.1,1
0,60,118.1,8.35,5.32,4.07,65.6,1
1,34,140.7,6.96,5.21,4.66,113.3,1
1,70,148.2,7.74,4.94,5.52,100.6,1
1,68,143.8,8.33,4.5,6.2,62.5,1
0,35,155.1,5.9,4.49,5.3,32.9,1
0,80,110.3,9.15,6.64,5.53,98.9,1
0,79,106.0,5.37,5.24,6.51,76.2,1
1,62,163.1,4.53,5.41,4.93,95.5,1
1,39,155.5,7.17,4.19,4.5,63.7,1
1,43,153.4,6.76,5.85,5.62,95.0,1
0,50,140.4,6.76,4.97,5.86,57.7,1
0,31,136.0,8.33,4.59,5.51,67.8,1
1,40,156.3,6.69,4.92,4.64,86.1,1
0,27,113.2,7.06,6.31,4.6,68.0,1
1,29,133.1,8.95,5.1,3.8,99.4,1
0,72,119.3,6.98,5.39,6.25,80.2,1
1,27,142.0,7.39,3.08,4.01,95.4,1
1,52,159.8,3.95,5.99,3.24,99.2,1
1,49,129.1,13.19,4.72,4.58,70.7,1
0,21,128.2,3.64,4.2,3.65,70.8,1
1,78,150.6,5.53,5.11,3.12,102.0,1
1,89,151.5,5.47,6.61,5.26,98.3,1
1,64,160.6,10.29,5.33,5.98,120.5,1
0,67,125.4,5.42,4.49,5.71,70.4,1
1,34,147.6,7.3,4.79,5.05,76.8,1
0,79,147.8,5.49,5.09,6.86,74.9,1
0,75,124.7,4.63,5.74,4.98,66.1,1
1,49,177.4,7.53,4.9,3.95,71.6,1
1,69,96.8,9.91,5.91,2.23,130.5,0
0,87,128.1,6.87,5.66,6.06,97.5,1
0,62,128.7,7.63,5.3,4.1,68.6,1
1,32,161.3,9.93,4.13,4.48,112.8,1
1,42,150.5,4.23,3.85,5.32,107.9,1
0,31,135.3,6.22,5.03,4.87,108.1,1
1,42,179.8,6.3,4.86,5.5,103.9,1
1,82,168.5,6.5,5.5,5.04,100.2,1
1,31,173.7,11.12,5.31,3.34,97.9,1
0,83,108.6,6.19,4.48,4.84,79.3,1
1,38,139.5,1.96,5.01,5.54,93.0,1
1,54,158.9,6.14,5.61,6.01,90.1,1
1,56,167.0,6.29,5.13,4.97,104.7,1
1,27,150.5,6.07,3.96,5.9,86.9,1
0,31,123.4,5.21,4.47,4.47,44.5,1
0,40,153.9,4.12,4.73,4.34,53.3,1
0,22,145.1,10.39,3.78,3.17,96.8,1
0,73,145.6,7.07,5.72,5.39,69.9,1
0,57,124.7,6.15,5.26,6.09,85.4,1
0,79,121.3,10.33,5.2,6.72,64.5,1
1,81,167.1,4.94,6.21,6.58,112.4,1
1,43,152.8,7.58,4.73,5.31,103.2,1
1,77,144.1,4.25,6.44,6.98,128.7,1
1,22,145.1,7.85,4.57,3.57,115.8,1
0,49,124.4,4.46,4.56,6.05,84.5,1
0,66,143.5,7.35,4.84,5.57,65.5,1
0,52,109.2,10.02,5.23,5.23,56.0,1
0,71,139.3,6.67,4.82,4.14,72.4,1
0,80,118.4,2.55,5.69,5.91,75.3,1
1,48,153.0,6.56,4.88,6.0,91.3,1
1,38,155.0,7.36,4.72,2.84,107.5,1
1,60,151.7,8.12,5.28,5.92,99.2,1
0,81,124.6,9.15,6.22,3.56,75.0,1
1,90,145.3,9.24,5.42,4.52,122.4,1
1,77,144.7,6.26,5.67,5.46,100.4,1
0,35,153.3,5.31,5.19,6.12,52.4,1
0,32,134.2,4.49,4.15,4.52,88.0,1
1,59,153.2,5.53,5.6,5.6,101.1,1
0,47,122.6,7.36,5.59,4.12,69.3,1
1,62,148.7,4.07,5.91,5.07,83.8,1
0,85,118.9,4.83,5.01,5.65,94.2,1
0,58,142.7,7.51,4.65,6.63,99.3,1
1,43,145.4,5.34,5.01,4.19,87.1,1
0,81,95.2,7.17,5.55,5.03,79.5,1
0,50,132.9,5.03,5.16,5.97,80.1,1
0,62,126.6,7.02,5.12,5.02,47.9,1
0,27,125.5,5.11,4.92,4.64,71.7,1
1,55,117.2,1.75,5.02,8.31,120.5,0
0,49,91.1,8.22,5.53,4.41,73.2,1
0,26,158.0,5.25,5.67,2.67,106.2,1
1,33,173.5,6.05,4.56,5.63,74.9,1
1,69,144.7,5.26,5.56,5.48,126.6,1
0,31,127.1,7.48,5.87,3.47,99.2,1
1,27,165.9,7.1,4.83,5.24,96.3,1
0,22,142.8,7.48,4.91,6.25,79.8,1
1,19,149.6,5.51,5.79,5.45,91.7,1
1,49,131.8,6.41,6.36,6.85,90.7,1
1,53,187.4,7.25,4.56,3.96,100.7,1
0,63,145.0,9.28,5.1,5.48,62.5,1
0,59,133.5,7.05,5.82,5.5,81.0,1
1,57,157.9,4.69,5.55,5.03,98.5,1
1,90,161.3,6.98,6.17,5.51,83.5,1
0,36,144.5,6.2,3.37,2.06,83.4,1
0,69,98.8,2.9,4.26,6.9,85.5,1
0,23,129.4,3.18,5.82,3.0,89.0,1
1,79,146.3,6.38,6.05,6.39,91.8,1
0,44,130.2,6.53,5.27,4.89,88.6,1
1,43,168.3,5.97,4.3,4.83,129.7,1
1,27,131.4,8.09,4.56,4.36,96.8,1
1,55,135.3,4.82,5.57,5.28,99.5,1
0,47,122.1,4.0,4.28,5.52,83.5,1
1,89,154.4,5.01,5.31,6.64,67.0,1
1,30,170.5,5.4,5.08,4.49,76.0,1
0,48,156.7,6.4,5.47,3.88,65.1,1
1,83,148.4,5.06,5.33,4.54,94.0,1
1,76,165.9,2.64,6.13,6.46,100.5,1
1,73,164.4,1.88,6.06,5.22,102.7,1
1,56,163.5,6.72,4.16,4.2,77.2,1
0,81,128.5,4.47,6.6,4.95,92.3,1
1,34,151.6,2.89,5.61,4.6,101.7,1
1,77,102.7,12.92,7.07,1.5,150.0,0
0,60,114.0,9.28,5.22,5.17,81.4,1
1,43,161.9,6.33,5.52,5.99,87.9,1
0,33,132.9,6.98,5.22,4.55,69.1,1
1,56,149.2,7.0,5.08,3.53,81.6,1
1,18,169.2,2.34,5.63,5.14,62.8,1
0,70,127.0,8.1,4.19,6.4,71.0,1
0,35,119.8,8.73,4.53,5.75,98.6,1
0,46,128.4,9.81,5.36,4.97,64.8,1
1,32,170.1,5.71,4.85,6.74,73.2,1
0,51,116.5,4.46,5.58,5.68,82.0,1
1,45,159.6,8.95,4.24,7.59,90.1,1
0,31,133.1,7.4,4.71,5.84,79.1,1
1,82,141.4,8.07,6.32,6.72,109.0,1
1,73,149.3,5.34,4.6,4.9,91.1,1
0,46,108.8,6.99,4.95,4.07,79.5,1
1,22,160.4,4.6,4.41,4.54,95.6,1
1,79,132.6,6.49,5.8,5.41,69.4,1
0,68,146.3,5.87,5.66,4.88,66.5,1
0,58,129.8,10.72,5.33,5.04,61.5,1
1,62,146.2,7.49,5.16,5.06,75.5,1
0,18,152.6,2.63,4.71,3.78,59.2,1
0,52,116.3,6.5,5.08,5.63,83.7,1
1,31,146.7,7.16,4.85,3.94,96.8,1
1,65,127.1,5.65,6.25,5.26,70.4,1
0,85,148.1,4.52,4.95,4.61,58.6,1
0,56,159.5,7.69,5.44,5.21,74.0,1
0,62,105.7,4.77,4.76,5.42,74.1,1
1,66,142.2,7.54,6.56,4.45,93.5,1
0,85,129.5,4.62,5.73,5.76,86.6,1
1,20,151.3,5.54,3.94,4.31,101.5,1
1,40,156.5,8.22,4.86,4.39,88.4,1
1,37,155.5,7.38,4.08,4.33,86.7,1
1,70,160.1,6.56,5.07,5.8,95.5,1
1,50,141.6,6.45,5.52,5.03,66.2,1
0,74,132.5,6.66,6.33,6.34,79.1,1
0,52,115.1,5.08,5.83,4.11,54.8,1
0,89,121.9,3.77,5.67,5.61,93.6,1
1,73,127.6,7.52,5.84,4.91,73.0,1
1,19,153.0,9.25,5.17,4.43,101.5,1
0,90,119.4,7.59,7.1,6.04,45.6,1
0,87,142.5,6.96,5.34,4.68,65.7,1
1,21,158.0,4.32,5.62,4.95,102.0,1
1,46,158.2,8.08,4.43,6.87,111.1,1
0,88,127.9,7.37,6.43,5.91,88.4,1
1,79,121.2,7.87,5.21,4.8,109.3,1
1,52,125.8,8.36,4.77,4.78,109.6,1
1,57,150.5,9.35,5.08,4.85,111.1,1
0,20,139.2,4.49,4.23,3.8,63.5,1
1,59,151.6,4.18,5.54,5.83,92.1,1
1,66,141.4,6.77,6.13,3.68,108.3,1
1,44,153.0,4.84,3.79,5.13,113.5,1
0,40,128.1,4.53,4.9,5.96,70.5,1
1,78,164.9,8.7,4.92,6.66,90.5,1
1,50,166.8,4.68,5.69,5.92,88.6,1
0,37,125.0,6.48,5.81,4.15,60.1,1
1,45,155.8,3.56,4.97,6.21,103.9,1
0,53,135.8,6.61,4.77,5.39,90.3,1
1,36,163.8,8.63,3.97,6.0,103.7,1
1,58,180.0,8.68,6.44,6.13,97.2,1
1,80,152.6,8.38,6.39,5.88,127.4,1
0,72,147.3,6.36,4.29,5.22,74.3,1
0,34,116.2,8.5,5.3,6.81,93.2,1
1,52,146.2,7.27,4.51,3.44,81.1,1
0,57,99.3,5.71,4.95,4.98,77.0,1
1,67,156.6,7.19,4.66,4.08,83.5,1
1,73,163.4,8.09,4.29,5.57,84.7,1
1,53,117.4,4.11,5.17,5.38,85.4,1
1,40,193.3,1.75,7.67,1.69,155.4,0
0,66,139.5,6.24,4.83,4.81,67.3,1
1,27,166.5,4.3,5.34,3.35,65.3,1
0,67,81.1,1.75,3.97,2.81,108.9,0
1,83,164.3,5.74,6.08,5.24,89.8,1
1,69,154.2,8.29,6.63,5.76,72.2,1
1,49,165.0,8.25,5.71,4.51,104.2,1
0,78,127.3,7.08,6.65,5.78,84.9,1
1,56,161.1,6.82,4.55,5.79,107.1,1
1,57,171.9,10.26,5.7,5.57,123.4,1
1,80,149.9,5.53,6.51,5.79,82.2,1
1,32,162.1,6.93,4.42,4.55,80.1,1
1,74,172.3,5.44,3.42,5.91,98.2,1
1,67,152.3,4.18,4.64,4.8,96.6,1
1,56,138.5,8.63,4.81,4.94,99.8,1
1,23,214.7,2.25,3.61,6.72,76.4,0
1,73,175.2,7.75,5.16,6.84,94.8,1
0,33,153.0,6.06,4.9,4.11,88.1,1
0,83,139.4,8.74,5.28,4.86,63.6,1
0,75,94.3,4.7,5.45,5.76,67.1,1
1,44,147.1,8.6,5.02,5.97,80.5,1
1,49,147.3,8.11,4.76,5.71,46.3,1
0,19,135.8,3.27,5.18,4.4,45.7,1
0,54,156.9,5.57,6.04,6.18,87.1,1
1,22,142.6,8.34,4.04,2.81,112.6,1
0,90,104.3,15.0,7.56,3.75,92.9,0
0,64,124.9,7.79,4.5,5.0,88.2,1
0,35,122.0,5.79,3.87,5.27,36.3,1
1,76,166.1,4.76,6.16,6.43,83.3,1
0,19,149.0,7.52,5.89,4.55,64.9,1
0,58,140.9,5.73,5.07,5.22,89.7,1
1,26,146.9,5.81,5.89,4.17,123.4,1
0,21,142.4,6.1,4.33,5.94,65.1,1
0,35,118.0,8.09,4.78,5.01,71.7,1
1,39,145.1,9.75,5.99,4.98,112.6,1
1,70,152.6,8.35,4.9,6.76,132.2,1
0,83,116.4,6.52,6.2,5.21,93.0,1
0,74,145.4,4.88,5.3,5.26,56.5,1
0,72,121.1,7.7,5.05,6.28,87.7,1
1,59,151.8,9.5,4.98,6.78,88.3,1
1,45,143.3,8.31,3.77,4.94,118.3,1
0,36,149.0,6.87,5.7,5.07,82.3,1
1,87,142.3,5.62,5.84,4.31,84.0,1
1,56,172.5,7.12,5.15,6.27,114.4,1
0,59,191.3,12.59,6.11,6.63,135.9,0
0,19,128.4,6.92,4.87,3.89,77.9,1
1,51,156.3,6.31,5.7,5.19,98.0,1
1,67,147.2,5.26,5.24,4.76,90.5,1
1,54,163.8,11.16,5.79,3.33,107.0,1
0,62,169.5,8.9,7.79,1.5,146.3,0
0,77,123.0,4.73,5.5,5.63,103.5,1
0,19,135.8,6.8,5.23,5.73,69.2,1
0,84,104.9,6.14,5.36,6.95,43.6,1
0,77,128.2,8.34,4.8,5.88,66.6,1
0,48,141.9,8.4,5.09,5.1,75.6,1
1,73,155.8,4.31,5.52,6.18,102.9,1
1,22,173.1,5.14,4.6,5.63,109.6,1
1,40,151.3,4.92,5.71,4.91,107.9,1
1,25,151.6,7.91,5.08,4.64,107.4,1
0,64,113.8,7.27,5.29,5.46,64.7,1
1,80,146.9,5.83,5.6,6.51,91.2,1
0,61,160.4,6.89,5.36,3.99,57.8,1
1,69,158.2,4.47,5.75,5.39,102.3,1
1,28,149.4,5.16,4.85,4.92,109.4,1
0,86,113.3,4.16,5.6,4.02,91.3,1
1,32,133.8,6.76,4.08,5.47,59.0,1
1,56,142.9,6.76,4.81,6.09,104.9,1
0,67,141.7,4.73,5.57,3.59,58.7,1
0,80,122.6,7.26,5.71,5.23,83.9,1
1,86,138.0,8.4,4.8,5.38,83.6,1
0,61,118.2,4.65,4.98,4.42,85.1,1
1,60,164.7,5.91,4.74,4.52,88.3,1
0,48,131.0,7.42,5.94,4.49,64.0,1
1,59,145.7,6.49,5.44,5.73,110.0,1
0,67,125.7,4.03,5.66,6.46,66.1,1
0,65,163.6,5.71,5.33,5.8,88.6,1
1,61,173.2,5.65,4.94,4.4,109.2,1
0,50,154.0,6.19,4.88,5.71,71.8,1
1,32,131.5,6.27,5.18,5.18,89.8,1
0,21,132.6,9.32,4.56,1.78,91.2,1
0,48,92.0,1.75,7.17,9.3,122.5,0
1,46,164.6,3.41,5.18,5.04,121.9,1
0,62,146.7,6.66,5.51,5.39,48.0,1
0,83,133.6,9.65,5.85,4.09,70.8,1
1,69,141.0,6.2,5.12,6.83,91.6,1
1,76,143.5,5.71,5.35,5.82,106.5,1
1,60,164.3,5.95,5.85,5.9,83.8,1
1,85,163.3,7.55,6.77,4.51,87.1,1
1,86,120.2,11.84,8.62,9.3,142.6,0
1,29,160.0,3.77,3.16,5.06,68.3,1
1,64,155.4,5.29,4.91,5.14,68.0,1
0,54,135.6,6.38,5.28,3.92,72.0,1
1,88,217.7,1.78,3.44,2.18,79.4,0
0,60,140.5,5.45,4.61,4.34,75.7,1
1,19,159.5,5.97,4.43,3.75,90.3,1
0,33,133.0,6.58,5.1,5.7,79.1,1
1,27,157.0,5.1,5.18,4.62,105.0,1
1,32,146.1,6.33,4.66,4.57,94.7,1
1,24,146.7,7.34,4.49,3.42,86.1,1
1,75,161.7,4.36,5.02,5.46,75.2,1
0,54,120.9,7.05,5.51,4.94,87.2,1
0,67,142.5,4.54,5.67,4.46,67.3,1
0,90,127.2,4.57,6.29,6.78,82.6,1
1,65,107.1,1.75,3.5,2.99,151.9,0
1,52,165.4,8.96,4.39,4.34,93.0,1
0,37,145.9,3.41,4.75,5.1,50.9,1
0,73,122.6,5.66,6.01,3.79,71.3,1
0,54,137.7,6.45,4.17,5.37,71.4,1
1,73,164.8,8.6,5.44,6.16,106.1,1
0,19,111.8,10.01,4.86,3.37,63.4,1
1,29,183.6,5.74,6.04,4.59,87.1,1
1,27,192.3,7.47,4.44,4.65,90.6,1
0,67,144.5,6.33,5.33,7.94,79.9,1
0,55,143.6,6.32,6.24,7.42,87.2,1
1,41,165.7,6.99,4.66,5.11,132.0,1
0,40,128.1,3.65,5.64,4.2,101.9,1
1,62,153.1,6.41,5.57,5.46,96.1,1
1,88,166.7,7.31,5.59,6.77,88.6,1
1,90,137.4,4.95,6.02,4.29,90.1,1
1,52,139.9,7.32,5.09,3.16,77.9,1
1,66,148.4,3.39,6.74,4.29,100.2,1
0,24,144.4,6.67,3.52,5.17,57.3,1
0,87,115.3,8.92,5.54,6.48,58.7,1
0,19,131.7,6.11,4.53,4.78,56.3,1
1,42,155.2,4.74,4.95,5.84,110.4,1
1,70,138.8,3.93,6.1,5.24,97.3,1
0,88,91.6,7.2,5.45,5.52,55.0,1
0,30,118.6,8.17,5.15,4.95,85.7,1
1,66,158.3,6.4,5.53,6.86,116.2,1
0,31,141.2,5.67,5.37,4.99,65.7,1
1,21,166.3,3.02,4.63,4.33,84.3,1
1,48,165.3,6.72,5.31,5.32,84.3,1
0,60,121.6,5.26,5.23,6.48,78.0,1
0,37,120.7,5.36,4.36,4.42,86.5,1
0,89,133.7,9.41,6.69,5.38,78.0,1
1,63,151.5,3.26,4.89,4.83,78.0,1
0,49,145.7,3.5,4.85,5.71,89.4,1
0,53,137.4,6.92,4.68,4.36,72.8,1
1,51,175.2,5.81,5.41,5.6,94.5,1
0,26,127.4,5.57,4.5,3.2,78.8,1
1,62,170.8,6.99,6.24,5.01,113.8,1
0,75,160.0,6.96,5.85,5.45,57.7,1
0,48,133.0,4.75,4.95,6.57,53.3,1
0,49,139.6,5.43,4.59,5.85,72.7,1
0,84,170.9,1.75,7.58,3.21,30.0,0
0,62,144.2,6.8,5.64,4.77,87.6,1
1,39,174.0,7.37,4.96,4.17,116.0,1
0,18,127.8,5.45,4.59,3.35,64.4,1
1,78,162.0,7.12,4.96,7.01,103.8,1
1,63,158.9,8.21,6.69,4.58,105.0,1
1,63,160.6,6.58,5.22,6.81,106.5,1
1,38,169.4,6.31,4.15,4.85,72.6,1
0,31,141.7,6.08,4.22,4.55,80.4,1
0,54,129.5,5.39,5.0,5.17,61.2,1
1,73,166.2,4.81,6.66,6.55,107.2,1
1,39,173.8,5.96,4.88,4.01,79.6,1
0,56,123.1,7.31,5.02,5.58,74.7,1
1,90,152.0,4.9,6.26,5.77,94.9,1
1,34,131.1,6.36,5.46,5.04,128.6,1
1,34,166.4,6.16,5.31,4.5,83.2,1
0,35,151.8,9.7,5.04,4.38,58.2,1
0,84,124.7,7.8,5.0,6.15,97.2,1
0,56,133.4,7.77,4.79,3.88,86.5,1
0,85,125.2,8.16,4.72,6.95,78.8,1
0,87,122.5,5.52,5.57,5.84,67.6,1
0,48,135.7,8.98,4.87,4.47,55.5,1
0,22,123.0,6.79,4.41,4.77,65.0,1
0,40,129.5,6.42,5.17,4.17,64.3,1
0,57,117.7,4.31,4.86,5.21,62.7,1
0,45,141.3,5.78,4.87,4.98,64.9,1
0,18,138.8,3.32,4.38,5.49,62.8,1
1,90,145.5,6.05,5.73,6.05,113.3,1
1,40,157.6,5.46,5.22,3.79,75.5,1
1,63,151.4,5.78,4.54,5.78,103.4,1
1,87,169.5,4.01,5.98,6.39,102.7,1
0,57,124.7,7.77,5.41,3.69,72.2,1
1,68,163.7,7.57,5.67,4.29,107.8,1
0,20,124.4,9.54,4.78,6.21,77.8,1
1,68,166.4,9.49,5.64,5.06,99.3,1
0,79,144.7,6.78,5.34,5.3,90.9,1
0,85,144.8,8.34,5.94,5.67,37.8,1
0,24,156.7,6.97,5.45,3.9,104.5,1
0,34,138.0,5.73,4.61,3.08,89.7,1
1,21,177.5,6.0,4.44,3.41,121.4,1
1,85,176.9,7.65,6.05,5.12,85.6,1
0,38,116.4,13.86,4.64,4.31,73.5,1
0,56,122.4,8.6,4.81,4.43,78.0,1
1,52,133.4,6.94,5.43,3.7,91.6,1
1,68,121.4,3.68,7.32,2.18,65.5,0
1,83,130.1,7.35,6.38,6.66,102.7,1
1,41,130.2,6.34,4.74,4.22,78.6,1
1,75,137.0,7.86,5.03,5.34,109.5,1
1,39,131.0,6.22,4.98,6.08,106.4,1
1,32,161.9,4.68,5.14,4.02,86.1,1
0,25,118.2,7.37,4.97,7.25,52.4,1
1,45,131.1,7.61,5.4,5.7,98.8,1
0,58,130.6,6.24,4.94,5.23,61.2,1
0,74,129.9,7.06,6.19,5.26,78.7,1
1,79,125.1,8.23,4.59,6.79,87.0,1
0,56,120.7,6.41,4.77,4.5,96.3,1
1,47,155.2,5.7,5.13,4.55,87.0,1
1,30,152.6,5.22,4.43,6.05,83.1,1
0,84,123.7,6.04,5.47,5.34,75.6,1
0,46,150.1,9.26,4.5,4.5,49.3,1
1,73,185.9,6.14,5.37,4.86,85.7,1
1,63,150.0,7.15,5.62,3.52,73.3,1
1,85,132.7,5.92,5.35,6.61,102.4,1
0,89,124.6,5.76,5.21,5.74,89.4,1
1,69,157.0,4.92,5.16,6.34,92.0,1
0,66,129.6,6.68,6.05,5.17,93.1,1
0,28,143.4,5.57,5.48,4.18,59.6,1
0,19,168.3,8.79,4.4,3.78,65.0,1
0,57,105.6,6.31,5.56,5.76,87.3,1
1,69,146.5,6.42,5.42,4.66,109.2,1
1,72,176.9,6.18,6.25,5.79,105.4,1
0,36,125.6,7.17,5.05,4.75,89.4,1
1,54,167.4,9.18,5.09,4.14,96.9,1
0,80,138.5,4.63,6.56,5.2,79.5,1
1,24,177.2,7.0,4.21,4.49,86.0,1
0,46,192.1,9.58,6.97,8.05,43.2,0
0,86,133.4,8.7,6.51,7.43,68.5,1
1,32,131.6,6.31,5.28,4.85,93.4,1
1,41,146.4,3.81,4.56,4.64,100.2,1
1,52,188.6,4.2,4.69,4.71,107.6,1
1,68,133.0,7.97,4.57,5.15,108.3,1
0,36,140.9,3.5,5.83,4.17,32.2,1
0,75,91.8,7.0,4.85,4.76,101.3,1
1,35,137.2,5.73,5.35,5.24,120.9,1
1,44,169.9,6.15,4.2,6.27,116.0,1
0,59,131.6,5.29,6.82,4.77,76.1,1
0,18,129.6,4.78,3.86,4.75,90.6,1
1,74,141.4,5.62,5.54,4.88,102.6,1
0,66,100.5,7.53,6.12,5.41,78.0,1
0,78,139.6,5.97,5.15,4.38,85.4,1
1,38,153.0,7.26,5.31,3.99,105.1,1
0,47,109.5,6.06,4.94,4.14,88.7,1
0,83,129.2,7.6,5.88,5.53,42.9,1
1,22,167.5,7.25,5.38,3.39,94.8,1
0,53,128.7,5.53,4.94,3.04,55.3,1
1,53,157.4,4.78,6.09,3.83,111.6,1
1,50,156.6,8.22,5.36,4.84,83.8,1
0,49,121.5,5.04,6.3,4.27,69.2,1
1,72,154.6,7.4,4.98,4.92,112.6,1
1,32,168.8,6.56,4.49,4.88,116.2,1
0,83,144.2,5.67,5.51,4.92,88.4,1
1,83,164.6,7.27,4.92,5.59,110.4,1
0,31,123.8,8.96,5.42,6.54,54.7,1
0,89,137.6,7.63,5.69,5.44,60.2,1
1,37,164.3,6.73,4.27,4.56,76.7,1
1,21,148.3,9.42,4.22,4.76,80.2,1
1,47,204.9,1.75,3.29,1.5,133.1,0
1,76,163.6,4.5,6.09,4.99,113.9,1
1,79,173.8,5.66,5.86,5.49,114.0,1
0,65,103.3,9.05,5.3,5.47,46.5,1
0,77,153.9,8.2,5.34,4.7,74.3,1
1,37,174.8,3.41,4.81,5.24,92.7,1
1,82,155.8,5.71,6.7,7.03,64.3,1
0,64,127.0,4.12,5.22,3.56,86.6,1
0,27,140.2,6.43,5.32,4.89,84.4,1
1,27,148.7,8.12,4.61,4.46,87.2,1
0,37,130.6,8.26,5.96,4.47,68.2,1
0,23,112.6,6.98,4.01,4.75,74.3,1
1,38,131.1,5.73,5.45,6.0,103.1,1
0,90,163.0,6.33,5.29,6.03,65.8,1
1,35,158.4,7.73,6.25,5.56,83.9,1
1,64,157.7,10.73,5.78,5.24,81.9,1
1,89,151.6,4.37,4.71,6.11,121.8,1
1,36,145.0,9.36,4.38,4.23,115.1,1
1,68,149.6,6.94,5.83,5.39,82.0,1
1,50,157.4,7.98,5.54,4.76,84.1,1
0,38,130.3,6.83,5.32,4.86,57.0,1
1,87,141.0,9.03,5.8,4.25,77.1,1
1,65,161.7,7.09,5.18,4.3,127.5,1
0,50,134.8,5.33,5.8,6.07,62.5,1
0,77,135.2,7.31,5.04,6.79,86.2,1
0,83,139.3,8.53,5.68,4.1,70.1,1
0,75,126.9,6.5,5.15,4.99,71.5,1
0,81,126.4,2.77,5.2,4.95,70.7,1
1,41,124.7,10.32,6.71,8.42,134.2,0
0,43,118.5,6.68,4.6,4.78,70.4,1
0,34,105.5,6.42,5.24,5.29,83.9,1
0,68,138.5,5.61,4.53,4.14,91.7,1
0,76,120.0,8.88,5.8,5.83,65.5,1
1,66,138.2,2.23,5.01,5.02,101.4,1
0,61,144.2,6.67,5.33,4.56,49.5,1
1,74,151.4,6.69,5.41,5.88,90.9,1
0,31,114.9,10.27,4.57,4.4,72.8,1
0,44,161.6,6.47,5.79,4.79,70.2,1
1,69,129.9,7.3,5.21,6.58,96.8,1
0,21,133.6,6.73,5.14,4.48,79.8,1
1,84,124.3,6.67,6.09,7.43,110.1,1
1,30,162.1,9.67,4.69,2.5,64.6,1
1,75,143.9,4.5,4.77,5.49,101.5,1
0,63,143.0,5.3,4.82,4.26,69.4,1
0,79,128.8,7.86,6.35,4.74,67.7,1
0,74,149.9,6.96,5.81,4.89,95.6,1
0,55,125.1,5.99,5.31,5.93,47.4,1
0,73,105.6,6.37,5.15,5.09,73.9,1
1,43,160.3,8.15,6.08,3.83,118.7,1
0,60,127.2,7.37,4.78,5.79,75.1,1
1,84,125.3,5.22,5.74,4.62,85.0,1
0,24,118.8,6.93,5.06,5.98,69.0,1
0,43,121.6,6.41,4.26,3.7,99.7,1
1,19,182.4,7.35,4.23,4.12,113.5,1
0,57,141.9,5.92,4.98,6.87,66.1,1
0,75,124.3,4.33,6.04,5.21,97.8,1
1,20,166.1,7.71,4.44,4.78,105.6,1
1,58,124.6,7.49,4.41,5.06,59.8,1
1,48,147.7,9.05,4.2,4.96,95.8,1
1,75,159.5,4.13,5.06,4.76,126.1,1
1,34,160.1,6.37,4.02,5.09,94.3,1
1,29,150.0,6.09,5.3,5.77,119.3,1
1,24,158.0,5.79,5.24,2.73,74.7,1
0,47,137.4,3.73,5.11,4.11,53.7,1
1,53,155.6,4.58,5.04,4.56,114.6,1
0,85,141.4,6.99,6.12,4.9,88.0,1
0,52,136.6,5.6,5.6,5.62,73.2,1
0,30,141.7,5.01,4.26,4.05,85.5,1
1,69,179.8,9.07,4.93,5.45,89.6,1
0,22,147.2,10.77,5.15,5.78,55.2,1
1,43,182.8,6.4,5.21,3.24,103.0,1
0,65,120.4,3.8,5.74,5.59,69.9,1
1,36,133.5,7.21,4.4,4.61,103.1,1
1,61,152.8,2.75,4.86,5.11,101.1,1
1,51,152.5,4.07,5.44,4.21,92.5,1
0,87,204.4,2.69,3.73,7.25,135.8,0
1,38,140.2,4.01,4.06,4.75,81.3,1
0,84,127.4,5.97,5.26,5.51,77.5,1
1,63,160.8,3.83,5.22,5.89,96.8,1
0,72,131.3,6.6,6.5,4.46,79.2,1
1,30,155.4,8.52,4.35,3.34,97.2,1
1,19,112.9,10.17,3.34,1.5,145.8,0
1,71,170.1,6.47,6.69,5.55,103.2,1
1,53,178.7,5.03,4.54,5.74,87.9,1
0,40,133.5,5.16,5.4,3.74,57.6,1
1,83,140.5,5.0,5.22,4.52,87.6,1
0,41,155.9,7.91,5.26,6.52,60.9,1
1,49,139.9,3.96,6.54,6.13,107.6,1
0,70,156.9,5.9,5.92,6.6,73.3,1
1,88,172.4,7.24,5.81,6.07,105.3,1
1,83,175.0,8.14,5.07,6.29,78.5,1
1,65,164.8,7.29,5.27,5.04,93.5,1
1,26,126.7,6.37,4.45,3.24,103.5,1
0,25,118.9,5.48,3.9,3.26,87.9,1
1,68,158.8,8.17,4.14,5.36,76.1,1
1,55,145.4,4.94,4.73,5.93,121.3,1
1,27,153.6,4.97,4.79,4.39,118.0,1
1,68,163.4,8.93,6.09,5.91,113.7,1
1,86,149.9,7.15,5.25,5.64,118.3,1
0,22,116.5,7.21,4.84,4.71,66.4,1
1,78,166.5,7.58,4.55,6.25,86.9,1
1,43,164.4,6.33,4.56,6.06,98.4,1
1,47,152.6,3.91,3.64,5.2,101.9,1
0,70,140.7,6.95,6.79,7.15,65.1,1
1,36,158.8,6.47,5.06,4.51,105.6,1
1,29,178.1,4.95,4.93,5.77,117.6,1
0,88,76.7,10.73,8.18,3.4,147.2,0
0,43,93.7,2.73,4.39,5.29,110.5,0
0,30,105.9,4.06,4.59,5.87,35.9,1
1,68,161.1,6.24,4.83,4.53,75.4,1
0,33,73.1,11.65,4.18,6.39,30.0,0
1,74,140.7,6.29,4.77,6.27,108.3,1
1,23,176.1,7.22,5.52,3.79,74.8,1
0,55,144.8,7.62,5.18,5.04,75.2,1
0,47,102.2,5.22,5.37,5.53,84.0,1
0,87,139.0,8.07,4.84,5.0,74.4,1
1,56,164.3,6.11,6.8,4.91,88.5,1
0,85,117.7,9.66,5.45,5.38,53.0,1
0,36,120.9,5.45,4.52,5.59,84.4,1
0,52,107.9,3.6,5.51,6.45,63.8,1
0,77,124.2,8.0,5.17,4.55,99.5,1
1,29,155.4,7.27,5.09,4.65,99.1,1
1,85,164.5,8.66,4.92,5.23,104.8,1
0,74,133.6,7.06,5.6,5.51,87.2,1
0,67,114.4,10.71,5.04,6.93,68.9,1
0,35,137.1,6.16,4.46,5.04,79.8,1
1,77,149.5,8.38,4.99,5.03,89.2,1
0,79,115.1,5.55,6.12,4.35,62.9,1
1,39,133.3,7.39,4.77,5.68,83.3,1
1,60,164.4,7.72,5.19,4.79,90.7,1
0,22,141.5,8.0,4.99,3.74,103.0,1
0,46,140.8,7.9,5.77,5.19,59.7,1
0,28,123.3,1.75,4.27,5.08,81.6,1
1,58,157.8,6.38,5.4,4.83,94.5,1
0,58,110.6,5.46,4.72,4.31,56.9,1
0,56,116.6,5.82,5.11,6.35,85.7,1
0,67,130.8,5.99,6.04,5.96,66.8,1
0,85,132.4,8.26,4.27,6.59,68.6,1
0,32,109.4,6.86,4.33,4.32,88.8,1
1,33,141.8,5.59,4.76,3.91,92.7,1
0,33,128.2,3.86,5.12,4.18,76.0,1
0,85,142.9,9.26,6.41,4.33,74.8,1
0,24,122.4,5.33,3.74,4.18,70.8,1
1,20,103.0,1.75,7.35,7.37,30.0,0
0,29,137.8,10.35,5.15,4.51,85.3,1
0,74,125.9,5.38,5.37,5.52,78.0,1
0,60,135.0,6.0,4.42,5.28,86.2,1
1,85,132.3,6.92,5.33,5.17,101.0,1
1,32,148.0,3.61,5.5,3.57,112.4,1
1,46,177.9,3.4,5.11,3.62,99.6,1
1,58,177.8,5.63,5.16,5.34,118.5,1
1,23,171.3,5.7,4.16,4.58,82.6,1
0,85,145.0,6.74,6.12,4.45,63.4,1
0,76,102.0,4.74,5.45,6.8,101.6,1
0,28,120.0,7.28,4.68,5.31,84.8,1
1,79,148.4,2.62,5.53,4.66,126.9,1
1,50,192.2,6.37,4.76,5.24,106.7,1
1,42,152.1,7.15,4.54,4.72,92.9,1
1,87,163.5,7.09,4.79,5.98,127.4,1
0,55,137.2,6.21,4.85,5.25,46.5,1
0,34,138.9,5.31,3.83,5.28,84.7,1
0,77,128.9,6.15,5.85,6.87,36.8,1
1,70,136.0,8.72,5.05,5.67,121.1,1
1,32,117.3,5.42,4.64,5.12,81.2,1
0,67,149.5,8.26,5.38,6.66,69.8,1
0,63,121.5,8.55,4.86,4.78,59.6,1
1,38,129.2,3.38,4.26,3.92,105.8,1
1,49,162.7,6.27,5.27,5.58,94.7,1
1,79,159.4,4.74,6.72,4.48,119.7,1
1,30,169.5,3.8,5.4,3.87,86.6,1
0,70,146.7,7.93,6.22,6.75,56.8,1
0,78,115.4,7.35,4.79,4.01,67.8,1
1,86,139.3,6.97,5.58,5.99,123.9,1
1,41,152.1,4.55,4.9,3.52,112.7,1
1,37,169.6,6.88,5.81,5.11,114.2,1
1,86,120.9,4.14,6.24,7.37,91.0,1
1,51,157.8,6.64,5.07,4.11,77.8,1
0,59,145.1,5.31,3.91,3.29,95.3,1
0,55,144.9,8.39,4.53,5.42,53.1,1
1,55,166.1,5.85,5.6,4.54,97.8,1
1,63,170.6,6.92,5.15,5.09,88.2,1
0,48,91.0,6.92,5.05,5.29,74.5,1
1,46,180.6,6.36,5.46,5.43,71.7,1
0,47,137.3,6.69,5.78,5.46,86.1,1
0,65,150.5,7.05,4.91,5.28,94.8,1
1,77,135.7,4.89,5.91,5.93,114.5,1
1,58,128.9,7.23,6.24,4.99,81.2,1
0,67,215.1,13.0,7.79,7.69,48.6,0
0,48,118.3,7.22,4.8,4.95,70.8,1
1,74,148.9,5.86,5.69,6.0,98.7,1
1,46,164.3,6.81,5.54,4.34,122.2,1
0,48,143.8,5.85,5.13,5.15,66.9,1
1,22,175.0,6.29,4.58,4.03,106.3,1
0,37,136.7,4.36,3.92,4.08,46.7,1
1,71,138.1,8.98,4.95,6.37,99.6,1
0,24,145.2,9.98,4.34,4.81,86.2,1
1,34,168.4,5.23,4.15,5.02,94.4,1
1,74,126.4,7.92,5.58,4.63,107.9,1
1,81,174.2,9.12,6.13,5.4,86.9,1
1,48,118.9,4.78,4.87,5.5,90.4,1
1,47,171.8,2.61,3.78,5.27,95.3,1
1,55,146.0,9.23,5.15,7.41,89.6,1
1,74,164.2,6.48,5.67,5.68,112.2,1
1,52,163.5,5.56,5.3,4.44,114.0,1
1,30,157.4,6.59,4.42,4.21,106.2,1
1,49,162.9,5.84,4.41,4.21,59.5,1
1,36,156.1,11.83,5.47,4.14,92.0,1
1,67,165.0,5.54,5.62,5.43,111.0,1
0,28,167.0,7.09,4.41,4.14,69.9,1
1,62,134.7,8.83,4.43,6.44,94.8,1
0,27,86.5,8.82,4.94,5.33,86.4,1
1,88,146.0,8.47,5.18,6.54,114.2,1
0,64,123.3,5.73,5.59,5.05,83.2,1
1,28,152.5,6.23,4.91,5.38,74.1,1
0,87,114.4,2.59,6.95,6.66,58.6,1
1,59,168.2,6.37,5.24,6.62,103.8,1
1,62,134.1,6.56,6.53,4.75,66.9,1
0,22,141.6,7.84,4.78,4.45,96.7,1
1,31,167.5,9.73,4.46,3.94,98.6,1
0,76,134.1,7.78,4.91,7.9,64.2,1
1,52,163.1,8.43,4.65,4.86,89.6,1
1,62,169.0,6.47,5.59,6.39,116.2,1
0,90,128.8,8.81,5.83,5.94,56.6,1
0,49,126.9,6.52,4.03,5.77,44.6,1
0,45,139.8,8.55,5.69,4.89,58.4,1
0,76,138.4,7.95,6.43,6.35,79.2,1
0,22,200.0,14.08,1.95,8.05,65.7,0
1,51,130.2,3.73,5.77,6.55,115.8,1
1,80,150.2,8.47,6.61,5.88,92.5,1
0,34,117.6,7.18,3.83,4.03,76.9,1
0,40,141.4,7.76,4.72,5.27,78.2,1
0,52,142.7,7.06,4.67,5.05,76.9,1
1,23,154.6,7.37,5.33,3.57,66.6,1
0,23,123.8,8.84,4.5,4.8,67.4,1
0,36,142.4,5.65,4.67,4.16,84.7,1
0,83,126.7,7.34,5.9,5.45,103.1,1
0,34,155.0,5.1,5.85,4.72,78.7,1
1,71,180.5,7.54,5.43,3.6,114.9,1
0,49,147.1,6.95,4.85,4.59,86.7,1
1,73,157.2,5.36,5.32,6.29,93.0,1
1,42,184.2,6.67,5.42,4.67,77.1,1
1,81,156.5,5.48,4.82,3.91,116.0,1
0,45,125.3,5.82,5.07,4.83,101.0,1
1,75,143.4,7.14,4.96,5.93,92.4,1
0,78,118.6,6.98,4.85,5.29,92.8,1
1,49,156.0,3.04,3.97,4.74,99.7,1
1,66,161.3,7.17,5.08,4.92,77.6,1
0,26,113.2,5.95,5.44,5.08,73.0,1
1,54,148.9,5.75,4.02,4.34,89.2,1
1,45,159.7,4.47,5.4,5.39,103.9,1
1,87,162.0,6.42,5.32,5.5,105.3,1
0,86,128.0,5.56,5.05,6.85,65.6,1
1,75,157.2,8.79,5.73,5.06,79.1,1
0,87,109.7,3.35,6.49,4.74,68.5,1
0,89,114.4,4.76,6.63,6.34,98.7,1
1,74,152.7,4.64,5.68,5.92,81.1,1
0,61,138.6,6.97,5.27,5.59,84.9,1
1,32,161.3,8.61,5.11,5.4,105.6,1
0,77,116.6,7.41,7.04,4.64,66.6,1
0,32,164.7,10.3,3.35,1.5,30.0,0
0,31,156.6,5.73,5.55,5.81,81.5,1
1,82,161.0,5.04,5.27,6.03,98.7,1
1,26,156.0,7.41,4.29,4.11,88.7,1
0,28,118.8,5.69,5.88,2.97,79.5,1
1,55,144.8,3.96,5.23,3.98,122.1,1
0,60,131.1,7.55,5.43,4.34,92.6,1
1,21,163.0,8.77,5.04,3.91,98.0,1
0,45,141.0,6.18,4.54,5.17,30.0,1
1,34,163.4,6.72,4.65,3.45,93.1,1
0,40,127.4,3.79,4.61,4.32,57.9,1
0,31,126.2,2.79,5.06,3.48,69.5,1
1,67,185.0,3.17,5.62,4.96,93.1,1
1,52,147.5,6.42,4.82,7.19,92.9,1
0,88,108.8,5.95,6.94,6.83,91.5,1
1,18,134.6,7.48,4.65,4.88,92.5,1
1,74,148.3,6.14,5.57,5.01,94.6,1
0,84,142.7,8.28,6.47,4.71,82.3,1
0,53,123.1,8.07,4.67,4.98,57.8,1
1,69,176.3,5.92,5.12,3.98,93.4,1
1,50,155.9,4.69,5.32,5.58,76.9,1
1,61,208.2,1.75,2.87,7.39,140.1,0
1,84,141.2,9.08,5.52,5.66,102.7,1
1,56,144.3,4.8,6.47,3.62,128.8,1
1,60,156.4,3.81,6.4,5.24,73.5,1
1,90,159.2,6.73,6.29,5.58,114.1,1
0,54,128.9,3.82,5.92,4.22,47.4,1
1,30,162.4,6.73,5.15,4.8,81.6,1
1,67,163.1,5.89,5.15,4.98,66.2,1
0,68,108.9,8.16,6.41,5.63,75.4,1
1,35,152.4,8.01,4.36,5.26,100.8,1
1,71,146.1,8.49,6.05,4.44,93.7,1
0,22,127.7,6.87,4.42,4.54,39.3,1
0,41,139.0,4.95,4.75,4.9,65.1,1
0,80,121.4,4.63,5.92,6.72,76.9,1
0,63,100.6,5.54,6.57,6.02,60.4,1
0,62,127.3,10.09,6.19,4.93,73.7,1
0,63,114.7,6.05,5.55,4.88,90.4,1
0,30,141.4,6.79,4.89,4.73,63.9,1
0,88,140.3,9.23,6.19,4.75,59.1,1
0,39,100.5,6.96,5.8,3.9,71.7,1
1,75,141.9,5.15,4.47,5.08,126.0,1
0,90,133.3,7.81,5.67,3.66,83.1,1
1,35,136.4,5.73,4.29,3.81,74.1,1
0,64,142.3,7.02,5.23,4.98,94.5,1
1,21,174.6,7.42,3.96,6.9,89.8,1
1,64,152.2,5.61,4.28,4.7,94.7,1
1,50,144.4,6.84,4.36,5.59,78.2,1
0,23,100.0,9.38,4.41,4.28,74.4,1
1,67,166.5,5.37,5.76,5.74,69.0,1
0,88,158.2,8.87,5.23,4.79,58.5,1
0,24,161.5,5.44,4.24,3.09,81.3,1
1,83,149.8,9.74,5.88,6.9,101.1,1
0,79,112.7,4.96,5.76,4.38,63.6,1
0,57,143.9,5.79,6.28,6.48,70.9,1
1,83,150.8,9.21,6.21,5.33,109.6,1
0,40,140.2,9.29,4.38,4.06,78.7,1
1,70,158.5,7.97,5.05,4.94,108.4,1
0,68,131.6,4.55,5.87,6.8,56.6,1
0,60,146.4,6.65,4.77,4.57,63.4,1
0,78,145.2,6.5,5.38,5.22,103.9,1
0,81,121.1,4.96,4.59,6.5,69.1,1
0,75,115.7,7.75,4.74,5.93,67.9,1
0,60,93.5,5.1,6.06,7.07,75.8,1
0,89,122.9,4.18,5.84,6.83,78.8,1
0,58,114.8,3.58,4.89,4.53,58.9,1
0,64,86.3,5.2,3.64,4.01,68.3,0
1,31,152.9,5.58,5.89,2.89,91.7,1
1,41,153.5,5.62,4.62,5.51,96.8,1
1,84,164.8,4.64,5.94,5.09,72.7,1
1,54,161.6,8.96,5.73,5.62,101.7,1
0,55,129.7,4.02,6.09,6.87,78.8,1
0,77,154.6,4.33,5.04,4.04,89.4,1
1,41,168.0,5.92,4.18,5.65,80.6,1
0,37,158.7,13.06,5.57,7.86,126.4,0
1,18,153.6,7.69,5.11,4.95,104.2,1
0,34,145.4,5.28,6.11,3.8,94.9,1
0,55,134.5,9.28,5.68,5.02,86.5,1
1,70,137.2,5.3,5.05,4.53,114.3,1
1,42,170.2,4.68,5.74,5.23,99.4,1
1,50,174.9,4.51,4.87,3.83,90.7,1
0,34,151.3,5.11,4.41,4.29,91.7,1
0,77,152.4,4.4,5.36,6.11,55.8,1
1,56,186.4,7.85,4.89,4.46,120.7,1
0,28,160.1,4.7,4.4,4.2,84.3,1
1,62,159.9,6.26,6.06,4.42,93.1,1
0,42,99.5,11.34,5.98,8.26,30.0,0
1,81,125.5,4.39,4.66,5.5,98.0,1
1,37,157.5,8.49,5.31,4.08,87.3,1
0,81,136.7,9.38,5.04,5.05,51.3,1
1,68,154.9,8.78,4.87,5.5,89.8,1
0,27,106.0,3.85,5.23,3.59,85.9,1
0,73,125.4,4.1,5.06,5.42,74.5,1
1,70,163.7,10.06,5.18,5.43,94.9,1
1,51,140.5,6.04,5.19,5.16,74.0,1
0,29,136.6,4.03,4.66,4.1,69.7,1
0,52,138.3,8.45,4.92,5.58,97.2,1
0,62,147.6,6.62,3.92,6.11,74.7,1
1,27,184.0,7.53,4.7,5.12,90.9,1
1,42,151.1,2.47,6.0,5.03,108.3,1
1,69,156.9,5.91,5.81,4.1,117.4,1
0,58,134.4,8.21,5.04,6.67,94.6,1
0,90,137.7,5.35,6.03,5.85,80.7,1
0,33,141.8,8.72,5.27,4.94,48.0,1
0,74,151.0,4.13,5.0,4.85,89.6,1
0,49,97.1,6.3,5.89,4.79,67.6,1
1,34,163.9,9.46,5.01,5.74,88.8,1
0,87,135.6,4.43,5.52,6.44,60.7,1
0,63,127.2,6.99,6.3,4.98,82.3,1
1,57,121.3,7.55,4.01,6.51,112.2,1
1,39,156.2,6.66,4.28,3.87,86.9,1
1,82,142.1,6.05,6.01,4.13,108.7,1
0,20,160.2,4.92,5.1,2.66,88.5,1
0,26,140.0,6.85,5.78,5.24,77.8,1
1,31,146.0,6.32,3.51,3.99,96.6,1
1,65,123.7,3.91,5.89,5.17,96.0,1
0,25,143.4,8.48,4.03,5.48,62.4,1
1,76,163.8,4.86,5.79,5.82,110.2,1
0,32,130.6,3.96,4.84,3.57,89.7,1
0,67,139.4,5.43,5.91,6.8,76.3,1
0,76,124.2,4.89,5.4,5.26,68.1,1
1,82,168.8,6.04,6.24,5.58,106.5,1
0,39,148.0,4.26,4.49,4.14,59.4,1
1,23,134.1,7.31,4.7,3.46,115.0,1
0,73,108.8,8.99,5.61,5.67,91.8,1
0,50,162.5,6.69,6.16,3.7,81.0,1
1,87,166.3,3.9,6.2,5.67,92.9,1
1,31,139.0,4.86,4.99,6.05,93.7,1
0,59,107.5,6.9,5.67,5.86,47.8,1
0,26,137.5,2.96,5.44,4.7,60.8,1
0,53,114.6,4.28,5.42,4.07,84.7,1
0,18,130.4,3.53,4.05,4.31,60.3,1
0,72,129.1,6.71,5.86,4.72,110.4,1
1,62,153.4,10.39,5.31,6.54,90.7,1
0,25,151.4,4.23,4.56,4.07,58.3,1
1,54,183.1,7.97,4.74,4.37,102.8,1
1,49,148.9,5.49,5.48,4.78,103.2,1
1,67,137.3,4.12,5.71,4.64,118.8,1
1,54,161.4,9.32,4.64,5.29,93.9,1
1,51,180.4,10.39,4.5,6.66,84.2,1
0,78,123.2,7.24,6.7,5.57,66.2,1
0,55,144.3,7.15,5.74,4.27,91.8,1
1,77,140.7,6.61,5.61,5.4,123.5,1
0,82,129.1,6.23,5.99,4.5,66.2,1
1,79,135.7,7.11,5.3,8.17,96.7,1
1,87,152.5,7.72,5.6,7.36,120.1,1
1,68,152.5,9.49,5.43,6.48,109.4,1
0,59,140.2,5.56,5.86,5.86,65.1,1
0,56,158.1,6.73,4.39,4.97,56.0,1
0,32,128.0,6.34,4.27,4.51,62.5,1
0,78,99.2,8.34,4.84,5.36,87.2,1
0,68,127.2,10.82,5.93,7.5,51.6,1
0,81,133.4,8.41,5.55,5.45,77.7,1
0,69,133.1,7.94,4.89,4.87,68.6,1
1,53,153.3,8.13,5.06,4.97,86.3,1
1,39,179.4,8.78,4.61,5.25,89.2,1
1,89,154.1,10.85,4.87,2.65,112.2,1
0,71,128.3,3.47,6.22,5.77,82.1,1
0,81,117.2,7.58,5.53,3.33,90.2,1
1,60,128.8,1.85,6.07,6.52,85.4,1
0,55,136.4,8.21,4.36,3.55,48.2,1
0,20,138.7,7.49,5.0,3.68,74.4,1
1,23,142.8,5.52,3.88,2.73,95.5,1
1,69,153.4,1.75,6.9,7.0,90.7,1
1,34,155.4,6.47,3.87,4.67,66.6,1
0,23,125.3,6.9,5.82,6.46,84.7,1
0,74,117.7,6.39,5.5,7.27,30.0,1
0,63,136.8,5.38,5.24,6.38,84.4,1
1,26,155.0,4.89,5.14,3.26,105.9,1
0,54,122.7,6.41,4.65,5.23,82.3,1
0,52,118.9,5.06,5.65,6.27,72.2,1
0,18,133.3,7.96,5.19,4.71,37.4,1
0,62,184.2,2.51,3.31,7.9,30.0,0
0,46,135.5,3.4,5.24,5.24,60.3,1
1,82,149.2,6.82,6.79,6.04,126.4,1
1,26,163.0,7.25,5.18,3.19,110.2,1
1,79,173.6,9.41,5.12,5.07,95.8,1
0,18,142.6,8.17,5.12,4.95,62.3,1
1,73,157.6,4.88,5.17,6.25,100.2,1
1,75,163.1,9.07,5.09,5.72,111.0,1
0,47,129.9,4.01,5.41,4.57,77.4,1
1,38,193.3,10.51,6.62,6.98,31.2,0
0,28,126.9,7.86,4.85,3.88,93.5,1
1,42,133.5,9.13,5.43,4.75,103.9,1
0,66,135.5,9.9,6.54,6.09,66.3,1
0,70,135.2,8.79,5.83,7.59,79.3,1
0,31,129.6,6.25,3.98,3.54,90.3,1
1,18,174.7,7.54,3.88,5.5,101.2,1
0,58,120.4,6.9,6.31,5.5,80.1,1
1,60,128.4,5.22,4.92,3.76,120.6,1
0,89,117.6,6.29,4.83,5.69,65.7,1
1,73,130.6,9.74,4.89,5.3,83.9,1
0,58,136.3,7.66,5.75,5.16,66.9,1
0,61,119.6,10.21,5.38,6.16,86.7,1
0,65,145.3,4.55,5.76,7.08,88.6,1
0,50,146.5,5.81,5.13,6.17,75.9,1
0,67,116.4,7.25,4.74,5.53,61.6,1
0,32,74.3,2.01,1.95,2.12,39.6,0
1,78,161.2,6.29,5.07,7.43,81.5,1
0,80,143.7,7.94,5.67,4.65,68.1,1
0,49,101.9,7.93,4.42,6.1,62.9,1
0,51,136.1,4.0,5.75,3.99,89.5,1
1,54,122.6,7.86,4.61,3.71,95.0,1
0,77,121.1,8.43,4.56,6.11,99.5,1
1,30,174.4,7.03,4.85,3.11,108.5,1
0,42,177.9,3.19,5.49,4.49,59.1,1
1,62,151.2,6.0,6.23,6.48,93.3,1
0,68,71.0,11.96,2.66,1.51,30.0,0
0,39,125.4,4.94,5.84,6.4,93.7,1
1,26,159.4,8.15,4.9,2.49,109.0,1
0,55,121.4,7.81,4.85,6.04,50.0,1
0,64,116.7,6.74,5.77,4.03,82.1,1
1,73,147.3,6.53,6.31,5.29,97.7,1
0,18,141.1,6.85,3.66,4.55,52.8,1
1,19,206.1,2.34,6.08,7.54,139.2,0
0,46,119.2,4.19,4.76,4.69,70.1,1
0,59,121.0,5.73,5.66,3.87,40.7,1
0,18,129.0,6.63,5.55,5.63,75.2,1
0,30,119.0,9.05,4.89,3.49,73.8,1
0,48,121.6,7.75,4.94,3.85,69.6,1
1,38,166.9,9.15,5.24,4.67,97.4,1
1,69,150.6,3.97,5.29,4.75,95.1,1
0,20,108.7,5.86,3.4,5.15,55.1,1
1,82,168.2,10.23,5.94,5.16,89.5,1
1,30,164.3,5.16,5.44,4.6,84.8,1
1,50,135.3,5.13,5.79,5.1,106.9,1
0,90,122.5,6.01,5.06,6.68,59.5,1
1,66,142.5,10.13,5.75,4.85,90.0,1
0,90,138.2,5.29,6.67,4.3,75.9,1
1,19,153.5,7.5,6.2,3.65,73.1,1
1,70,152.9,7.21,5.74,6.42,91.7,1
0,23,131.9,3.03,5.34,4.77,72.5,1
0,62,108.6,6.47,4.73,4.91,76.4,1
0,41,154.0,5.5,4.34,4.88,78.1,1
1,74,163.5,7.72,6.1,5.24,87.1,1
1,27,147.1,9.63,3.58,5.25,79.8,1
0,83,131.6,5.88,5.74,5.96,68.0,1
0,53,146.3,5.88,6.05,4.81,76.4,1
0,55,132.3,11.03,5.65,5.93,69.2,1
0,59,154.5,5.22,5.71,6.24,57.0,1
1,20,202.8,4.08,4.67,3.57,129.1,1
0,40,131.1,8.98,4.75,3.99,61.0,1
0,69,121.4,6.41,6.73,7.54,54.4,1
1,88,137.4,7.01,6.46,6.32,88.8,1
0,89,94.9,10.52,6.24,7.28,88.4,1
1,57,174.0,3.97,5.27,5.94,106.4,1
1,36,152.1,6.15,4.59,5.13,123.6,1
0,52,175.5,1.75,4.59,5.16,99.9,0
1,51,172.0,7.1,4.98,3.92,93.0,1
1,46,140.2,5.5,5.14,5.51,112.5,1
1,44,142.6,4.39,5.43,4.07,81.5,1
0,81,155.1,7.82,5.74,5.49,92.4,1
0,46,131.3,6.52,6.02,5.74,73.8,1
0,20,125.1,4.25,3.91,4.52,60.0,1
0,70,114.3,4.36,5.49,5.76,48.8,1
0,66,128.3,6.87,6.67,6.57,82.1,1
1,45,179.1,3.49,5.61,6.24,119.4,1
1,63,112.6,1.75,7.21,7.17,146.2,0
0,86,131.1,8.91,6.17,6.87,81.2,1
0,85,152.3,7.7,5.65,4.84,79.2,1
0,75,150.4,5.38,6.4,5.7,88.6,1
0,60,136.0,6.99,5.79,5.71,92.4,1
1,20,200.6,4.25,4.18,4.31,52.7,1
0,55,127.8,6.75,5.37,4.9,69.0,1
0,77,145.8,5.91,5.81,4.53,65.6,1
1,79,147.2,4.63,5.87,5.55,101.8,1
0,74,143.1,7.62,5.7,4.03,68.8,1
0,90,124.3,2.94,6.09,5.68,82.2,1
0,55,138.4,4.37,5.48,5.15,78.8,1
1,26,194.3,4.58,4.36,5.19,67.6,1
0,54,145.9,5.59,4.94,4.02,41.1,1
1,41,164.1,8.84,4.86,5.13,108.4,1
1,78,141.6,7.86,5.63,6.07,86.4,1
0,74,132.4,6.69,5.36,5.46,100.5,1
1,49,141.0,6.6,5.8,5.38,110.2,1
1,46,169.7,6.48,4.51,5.16,70.5,1
0,29,147.0,8.97,3.79,2.24,60.5,1
1,21,156.2,3.23,5.9,3.59,99.6,1
0,40,158.0,7.89,4.51,6.73,66.3,1
0,35,156.3,5.59,5.59,5.29,70.2,1
1,37,159.5,7.41,5.32,4.2,80.2,1
0,90,136.5,7.41,5.28,6.13,80.7,1
0,67,121.5,7.82,5.33,5.98,74.6,1
0,58,127.1,9.35,5.1,6.55,85.2,1
0,31,117.7,4.03,5.08,4.27,71.8,1
1,79,145.9,8.31,5.12,5.04,89.5,1
1,65,152.9,6.39,5.27,4.85,100.3,1
0,55,106.6,5.67,5.2,4.59,79.2,1
1,52,164.5,10.16,5.84,4.5,97.6,1
0,58,146.5,7.76,5.02,5.33,92.3,1
0,79,129.0,5.75,5.0,5.2,58.7,1
1,70,113.5,8.22,5.12,5.34,112.1,1
1,53,188.0,12.0,3.46,3.48,42.4,0
0,66,109.5,5.72,4.33,4.46,84.1,1
0,85,119.4,5.41,6.39,6.0,44.4,1
1,41,178.7,7.05,5.03,3.8,92.6,1
1,83,116.2,5.4,5.9,6.49,113.5,1
0,62,118.6,6.78,5.46,6.25,67.9,1
1,31,170.3,8.1,4.46,3.84,95.0,1
1,88,141.7,6.7,5.07,5.13,103.3,1
1,68,142.5,10.06,5.0,5.96,63.3,1
0,46,162.9,6.52,4.19,4.67,77.5,1
1,33,163.4,8.93,5.1,5.94,82.1,1
1,84,166.6,8.26,5.56,4.6,113.0,1
1,78,160.6,9.25,4.65,6.53,97.0,1
0,21,137.3,10.05,4.35,6.43,75.7,1
0,64,149.6,3.33,5.75,5.63,55.9,1
1,26,187.0,6.98,5.57,3.95,107.7,1
0,39,107.8,6.3,4.21,4.08,71.9,1
1,59,154.6,6.7,6.58,5.03,74.7,1
1,36,156.8,5.78,4.36,5.33,88.4,1
0,55,125.1,5.52,4.2,3.76,83.1,1
1,49,170.8,4.52,6.19,4.7,98.7,1
1,60,158.9,6.68,4.68,5.32,107.9,1
0,76,158.3,8.18,6.45,6.92,68.6,1
1,29,174.6,5.61,4.44,6.26,113.8,1
1,76,173.9,5.91,5.36,5.4,119.1,1
0,34,115.6,5.24,4.13,3.68,45.6,1
1,20,146.9,4.71,5.47,4.53,104.0,1
0,50,121.1,6.07,5.83,5.16,95.4,1
0,40,152.8,7.12,4.6,5.87,79.4,1
1,31,143.4,8.76,4.82,4.22,95.1,1
0,48,118.1,4.35,5.52,4.07,52.7,1
0,81,112.1,6.45,5.33,5.61,69.6,1
0,60,172.3,8.62,6.12,4.89,65.5,1
1,71,151.8,4.38,5.4,5.09,110.9,1
0,28,142.1,8.78,4.51,3.78,86.5,1
1,23,141.6,5.71,3.8,3.33,92.8,1
0,42,147.2,7.78,4.25,5.39,58.0,1
0,74,103.0,6.11,5.86,5.72,42.0,1
0,82,114.1,7.33,5.77,4.92,83.1,1
0,25,123.5,9.4,5.26,5.24,79.0,1
0,52,135.1,6.28,4.84,3.38,41.5,1
1,46,144.5,8.29,4.11,4.55,104.3,1
0,72,152.7,6.99,5.18,5.63,86.9,1
1,33,165.2,5.09,6.12,5.66,54.6,1
1,53,145.4,6.24,4.62,4.56,81.7,1
1,80,168.0,6.13,5.58,6.61,135.5,1
0,51,126.0,3.96,3.72,4.43,73.9,1
1,75,144.6,7.33,5.21,6.24,132.4,1
1,63,168.1,7.68,5.1,6.77,101.0,1
1,61,118.1,7.96,5.51,4.32,114.2,1
1,36,168.4,9.07,4.75,4.86,91.8,1
0,90,117.3,8.22,4.84,6.29,65.1,1
1,36,146.7,5.41,4.54,3.6,72.5,1
0,85,157.9,5.8,5.55,6.09,83.0,1
1,90,144.0,8.01,5.15,5.29,86.5,1
1,55,169.8,7.2,4.71,4.34,83.1,1
1,81,157.1,6.47,6.22,5.24,75.4,1
0,70,135.7,4.93,5.08,4.95,74.8,1
0,71,126.1,5.54,5.73,6.14,85.8,1
1,23,154.2,7.55,4.64,4.46,92.4,1
1,28,181.1,2.99,4.08,6.64,91.4,1
0,23,148.7,2.29,4.55,3.98,95.0,1
0,20,127.5,7.75,4.87,4.83,47.7,1
0,79,113.4,5.54,6.63,5.44,102.0,1
1,30,149.2,7.34,4.39,3.45,76.2,1
0,18,198.5,15.0,6.59,8.5,105.0,0
0,86,146.1,4.68,6.24,5.83,80.8,1
1,38,165.5,3.49,5.73,4.06,111.5,1
0,77,105.0,6.0,5.17,5.9,50.8,1
1,88,163.5,5.27,5.63,6.69,101.8,1
0,56,151.0,6.45,5.91,4.36,64.5,1
1,85,155.1,7.47,5.98,5.75,114.1,1
1,88,181.9,7.09,6.34,6.7,90.0,1
1,28,138.4,6.58,5.52,4.71,67.3,1
0,28,192.2,1.82,6.92,6.94,121.9,0
0,45,117.2,7.71,5.16,4.66,72.8,1
0,58,147.1,6.17,4.87,3.74,100.5,1
1,75,162.7,7.64,5.38,5.27,113.2,1
0,31,160.9,3.72,4.76,4.12,59.4,1
0,32,141.3,8.41,5.6,4.54,87.2,1
0,40,126.9,6.54,5.11,4.31,74.4,1
1,37,149.9,4.34,5.07,4.89,107.5,1
1,86,148.6,5.75,5.09,5.41,87.9,1
1,46,148.7,8.37,5.81,5.65,91.6,1
1,81,173.1,5.12,5.15,6.17,108.8,1
1,22,177.9,7.24,4.56,3.61,107.0,1
0,25,112.1,8.08,5.56,5.63,40.6,1
0,76,130.0,6.54,6.07,4.87,83.5,1
0,36,134.3,4.94,4.43,3.71,60.1,1
0,24,122.9,6.38,4.11,5.43,75.7,1
0,61,137.5,3.96,5.19,4.69,49.2,1
0,28,156.1,5.62,4.47,4.65,85.6,1
0,22,148.2,4.51,3.85,3.28,82.2,1
0,47,152.5,6.42,4.65,4.61,61.0,1
1,58,144.4,4.22,3.62,5.06,103.9,1
1,56,155.9,6.65,5.78,4.77,97.2,1
1,60,143.5,8.54,5.8,4.74,107.1,1
0,19,138.7,8.65,5.53,4.42,51.2,1
0,39,138.0,4.26,5.2,5.67,54.8,1
1,43,171.1,5.3,4.78,4.01,86.2,1
1,39,176.8,8.03,5.6,2.51,96.2,1
0,58,141.5,7.77,4.85,6.28,98.4,1
0,34,120.7,5.39,4.11,4.09,75.3,1
0,64,110.3,5.62,5.27,4.76,88.4,1
1,86,160.2,6.65,5.94,5.23,86.2,1
0,66,152.9,3.2,4.9,4.12,65.7,1
1,46,186.8,12.12,5.97,6.46,39.0,0
0,49,109.2,8.45,4.88,4.73,70.5,1
1,60,186.3,5.8,5.55,5.59,108.0,1
1,70,161.3,3.95,5.36,4.91,93.5,1
1,40,159.6,9.04,6.58,2.6,92.5,1
0,20,117.5,6.89,4.62,3.2,80.7,1
1,69,154.3,7.78,5.89,6.38,90.8,1
1,66,164.7,4.12,4.52,4.56,86.7,1
0,25,142.0,4.13,5.13,4.99,67.2,1
0,63,120.5,7.25,5.07,4.62,101.5,1
0,23,133.8,8.35,4.74,5.19,85.4,1
0,64,121.4,4.47,6.37,5.37,102.7,1
0,72,154.8,6.32,5.26,4.13,55.1,1
1,19,172.5,3.64,3.9,3.33,101.8,1
1,71,146.0,5.24,4.77,4.08,93.0,1
1,26,140.9,6.04,4.89,5.34,91.6,1
1,37,161.5,7.38,5.03,3.61,73.7,1
1,69,146.7,2.71,5.48,5.05,118.0,1
1,43,115.4,12.96,2.89,6.7,41.5,0
0,89,111.1,6.19,6.95,5.98,88.8,1
1,87,137.1,8.83,6.58,5.33,93.4,1
0,90,130.4,7.76,5.83,4.38,61.8,1
0,25,130.5,8.03,3.86,3.41,57.9,1
0,30,171.4,10.14,5.8,3.65,73.3,1
1,31,166.8,5.09,5.55,2.24,91.1,1
0,60,113.7,6.74,5.36,5.59,74.1,1
1,49,133.1,4.72,5.85,5.43,67.7,1
1,72,159.8,6.32,5.18,4.48,67.6,1
0,38,127.2,7.8,4.39,5.93,45.6,1
0,32,153.8,8.53,4.97,4.54,84.6,1
0,65,134.7,5.81,4.44,6.06,96.0,1
1,63,125.0,4.33,4.68,5.96,94.2,1
0,68,114.9,6.63,5.75,5.24,85.6,1
1,40,146.9,4.97,5.14,2.97,102.2,1
0,56,138.0,5.46,4.41,5.3,91.3,1
1,85,136.7,7.71,5.43,6.17,117.3,1
1,62,157.1,7.37,4.53,4.65,79.6,1
1,86,132.4,8.0,5.4,5.86,102.2,1
1,49,156.2,5.89,4.78,4.95,110.3,1
0,21,140.5,8.32,5.31,3.56,85.0,1
1,73,175.6,6.53,5.4,5.37,110.2,1
0,51,135.6,5.99,5.02,4.56,73.1,1
0,21,122.6,4.52,4.48,4.76,82.2,1
0,28,156.6,2.74,3.79,4.03,51.1,1
1,40,154.3,3.68,4.94,4.16,76.4,1
1,31,169.5,6.89,5.15,3.15,119.2,1
1,67,145.1,4.87,5.54,7.33,114.7,1
0,62,132.2,3.54,5.75,4.83,97.8,1
0,42,120.8,5.75,5.47,3.82,70.8,1
1,24,163.4,7.0,6.08,5.02,81.5,1
1,23,170.8,7.25,4.07,4.63,93.3,1
1,87,144.9,6.45,5.85,6.23,128.4,1
0,43,124.4,6.39,5.25,5.45,60.6,1
0,25,139.9,5.53,4.58,5.49,69.6,1
0,69,117.7,7.64,5.06,4.42,92.7,1
1,81,130.1,6.18,5.91,5.75,100.3,1
0,26,139.7,6.36,5.03,3.1,66.5,1
1,86,150.8,8.37,5.06,5.44,110.6,1
0,70,128.1,7.93,4.37,6.0,67.3,1
0,36,141.2,6.17,4.65,3.91,80.0,1
1,74,163.5,5.91,5.11,7.49,62.5,1
0,48,129.8,5.9,5.48,4.98,47.1,1
0,64,113.8,2.86,4.81,3.65,70.7,1
1,27,148.7,8.47,4.7,5.17,116.4,1
0,35,191.0,11.68,5.65,8.85,122.4,0
1,74,155.6,8.04,4.58,3.47,97.9,1
0,76,121.2,6.57,5.08,6.16,78.5,1
0,18,123.4,9.01,4.52,3.47,65.7,1
0,33,143.0,7.45,4.4,4.61,48.5,1
0,62,127.5,8.14,5.42,4.06,84.4,1
0,84,139.9,5.43,4.64,6.45,79.2,1
1,67,167.5,4.19,5.28,5.05,103.5,1
0,69,125.4,6.77,5.31,6.42,57.7,1
0,46,146.6,3.05,4.22,3.99,96.2,1
1,21,161.0,5.66,4.85,4.23,89.6,1
0,73,133.7,4.36,4.19,3.38,96.1,1
0,76,96.6,4.99,5.13,7.86,43.2,1
1,50,141.4,7.57,5.62,6.73,91.1,1
1,54,141.8,7.45,3.87,7.04,120.5,1
0,35,128.7,6.21,5.33,6.08,70.6,1
0,51,133.6,7.08,4.47,4.49,36.7,1
0,35,135.8,5.53,4.57,4.66,58.4,1
1,48,160.5,10.87,5.96,5.22,101.6,1
0,27,124.0,7.04,4.43,4.88,93.9,1
1,62,165.2,5.44,6.3,4.25,93.8,1
0,36,160.5,8.08,4.76,3.69,89.2,1
0,70,124.7,8.73,5.4,4.2,80.4,1
1,55,145.5,5.11,5.73,4.72,91.6,1
0,83,118.4,3.95,5.97,5.37,87.0,1
0,34,134.9,4.3,5.0,4.27,87.1,1
1,37,149.4,5.29,4.68,4.97,92.5,1
1,35,131.5,6.4,3.99,3.46,86.0,1
0,64,108.7,3.57,4.46,4.51,49.9,1
1,25,173.8,5.75,5.56,3.82,102.5,1
1,68,173.4,6.13,6.44,6.1,89.8,1
1,77,177.3,7.08,5.63,5.72,106.7,1
0,67,133.7,7.6,4.34,5.64,78.7,1
1,27,143.4,7.22,4.34,3.7,101.6,1
0,53,125.1,9.73,4.7,5.1,71.2,1
1,56,133.0,8.47,4.91,4.42,78.7,1
1,46,133.5,6.9,4.56,4.25,104.4,1
0,52,135.6,4.75,5.49,5.37,86.2,1
1,73,161.8,5.28,5.64,4.88,133.5,1
0,78,158.6,3.93,6.52,5.47,66.0,1
0,39,131.9,6.78,4.75,4.54,57.2,1
1,42,136.4,7.1,5.15,3.78,79.6,1
1,33,155.9,8.11,5.34,4.14,95.9,1
1,47,109.0,11.59,8.08,2.57,165.0,0
1,57,147.9,8.4,4.51,4.8,111.2,1
1,70,159.2,8.43,5.69,3.78,122.0,1
0,37,115.1,4.65,5.04,4.08,78.6,1
1,33,159.7,5.57,5.08,5.48,78.7,1
0,20,144.8,6.48,4.74,4.79,75.6,1
0,24,155.9,5.23,5.79,4.12,40.7,1
0,21,139.6,6.06,4.18,3.36,66.9,1
0,33,149.3,7.04,4.32,4.75,66.3,1
0,68,123.5,6.28,4.93,6.23,81.3,1
1,74,149.0,6.5,5.34,6.85,105.3,1
1,89,172.3,4.8,5.91,5.31,88.4,1
0,57,110.7,7.41,4.98,4.19,63.2,1
0,51,125.9,7.28,5.77,5.45,74.5,1
1,83,169.6,5.13,5.64,5.98,106.3,1
0,28,131.0,4.17,4.76,4.57,83.4,1
1,64,181.2,2.96,2.89,1.5,33.9,0
1,77,149.3,9.65,6.65,4.36,98.1,1
0,54,133.4,6.92,5.18,5.69,58.1,1
1,37,173.6,5.85,5.94,5.55,81.4,1
1,63,168.6,8.38,4.97,4.94,69.2,1
1,90,152.2,7.35,6.25,7.34,90.0,1
0,35,149.9,6.12,4.59,4.91,91.9,1
1,59,160.2,8.24,6.38,5.02,119.2,1
1,21,171.8,5.04,5.39,3.36,104.6,1
0,34,118.2,5.26,5.42,3.15,87.8,1
1,73,179.8,7.15,5.06,5.0,110.8,1
1,54,158.9,6.71,6.35,5.41,100.3,1
0,32,92.6,7.65,6.1,6.74,36.1,1
0,42,157.7,8.65,4.8,4.9,107.1,1
1,26,158.5,3.71,4.89,5.05,93.2,1
0,74,123.7,6.57,6.07,4.74,71.5,1
1,86,143.3,9.92,4.51,5.91,121.2,1
0,25,141.1,5.43,5.46,4.57,74.6,1
1,35,144.2,5.21,5.54,3.85,134.5,1
1,80,144.3,2.47,5.26,6.8,86.5,1
1,82,144.5,6.68,4.31,5.52,114.6,1
1,74,149.2,7.55,5.71,6.47,95.0,1
0,70,122.3,7.54,4.77,5.41,76.0,1
0,80,141.8,4.63,4.65,5.3,61.8,1
1,45,160.6,6.48,5.3,4.2,87.8,1
1,83,158.6,6.9,6.44,5.34,118.5,1
0,82,138.0,6.59,5.5,6.96,82.9,1
1,34,156.2,4.53,5.62,3.87,103.0,1
1,23,143.4,6.64,5.14,5.06,71.7,1
0,56,158.5,5.03,4.42,4.84,49.7,1
0,73,143.6,3.13,5.16,5.99,60.8,1
1,80,177.2,7.73,6.25,5.79,93.1,1
1,28,173.7,6.75,4.48,3.36,94.9,1
0,45,125.6,7.57,5.57,5.05,78.0,1
1,74,118.4,5.54,5.26,7.43,114.0,1
1,22,140.4,7.63,5.16,4.72,118.2,1
0,70,139.5,8.34,5.71,6.23,77.4,1
0,39,131.6,9.66,4.84,5.05,60.3,1
1,19,152.8,7.96,5.1,5.09,106.9,1
0,35,96.1,7.19,3.63,4.05,75.5,1
0,72,129.6,4.02,4.83,5.33,81.6,1
0,81,112.7,6.31,5.34,6.41,93.1,1
1,23,147.8,3.94,5.45,4.14,90.3,1
0,51,144.7,5.03,4.3,5.98,95.4,1
1,32,142.4,10.02,4.86,3.74,75.2,1
1,67,140.3,4.66,5.6,5.39,109.3,1
0,74,132.4,2.28,5.66,5.25,64.9,1
0,88,141.3,7.96,5.66,8.13,78.8,1
0,43,126.7,5.29,4.67,4.51,78.1,1
0,39,155.1,7.88,4.84,5.16,67.7,1
1,40,137.8,4.39,5.58,3.01,87.4,1
1,73,131.9,5.73,5.08,4.41,85.9,1
1,50,132.9,8.65,3.85,5.28,101.8,1
1,19,134.3,4.12,4.96,4.14,105.5,1
1,87,157.3,6.2,6.6,5.52,126.7,1
1,25,143.8,7.02,4.14,4.21,92.4,1
1,85,131.3,5.21,6.49,5.53,76.2,1
0,29,139.8,6.94,5.15,3.04,79.5,1
1,57,167.7,6.53,4.56,5.06,71.8,1
0,40,148.8,7.46,4.58,4.6,97.0,1
1,68,167.3,9.82,4.97,6.32,109.8,1
0,47,118.5,11.32,5.21,5.69,58.2,1
1,44,160.7,7.33,4.95,2.33,73.4,1
1,52,163.3,6.3,5.84,4.38,84.7,1
0,88,121.1,7.29,6.23,7.38,83.4,1
1,35,160.0,6.08,4.0,5.52,85.2,1
1,34,138.8,3.64,4.06,5.12,107.9,1
1,22,149.4,6.42,5.1,3.99,110.2,1
0,71,135.5,8.45,5.16,6.09,66.0,1
1,67,176.9,3.86,5.3,3.98,111.6,1
1,62,172.1,4.73,5.66,4.73,116.2,1
0,19,145.0,5.45,5.2,4.69,80.4,1
0,75,78.2,1.75,2.49,2.9,30.0,0
1,77,152.2,10.78,4.22,5.73,90.4,1
0,86,106.7,5.04,5.62,6.07,105.8,1
0,85,116.0,6.66,5.16,5.85,60.5,1
1,37,145.3,6.51,4.99,4.46,90.2,1
0,69,138.7,5.96,5.38,6.59,88.5,1
0,47,146.5,6.41,4.52,6.61,67.7,1
0,61,141.9,5.66,6.57,5.17,69.5,1
0,42,150.5,11.44,5.04,3.78,52.7,1
0,65,131.6,7.85,5.03,5.09,67.2,1
1,87,137.6,5.68,5.77,5.82,135.6,1
1,65,153.8,8.63,5.69,3.31,92.9,1
1,85,141.6,6.96,5.3,6.9,118.4,1
0,86,138.3,6.6,7.08,5.15,67.8,1
0,26,129.0,6.17,3.88,3.78,56.3,1
1,88,110.2,11.13,6.76,8.66,124.7,0
0,77,139.7,4.3,4.6,5.11,85.7,1
1,49,145.0,3.49,5.14,5.03,64.7,1
0,61,145.4,7.17,5.6,5.93,99.6,1
1,63,134.5,6.15,5.15,6.41,105.3,1
1,75,158.1,8.08,5.81,6.21,93.1,1
1,76,152.0,4.9,5.81,4.67,86.9,1
0,25,146.9,4.52,4.56,4.4,64.4,1
0,18,114.6,7.9,4.93,4.45,89.2,1
1,35,134.5,5.97,4.81,4.98,73.1,1
0,56,142.7,8.04,4.99,5.56,73.0,1
1,79,147.2,6.56,5.29,5.65,115.9,1
0,65,129.1,9.88,5.51,5.22,43.9,1
1,27,148.4,7.86,5.54,5.36,86.9,1
0,70,143.7,7.24,4.73,5.28,51.8,1
1,52,160.3,7.94,4.89,5.9,78.3,1
1,44,160.2,6.01,5.16,5.61,100.4,1
1,74,136.1,3.54,6.56,6.79,108.4,1
0,39,140.6,7.15,5.24,4.98,66.8,1
0,63,115.8,9.99,4.86,6.56,51.7,1
0,31,124.0,2.38,4.31,4.35,59.6,1
1,45,136.0,7.34,5.67,5.21,103.2,1
0,58,128.9,3.74,5.08,5.85,73.4,1
1,63,170.7,6.46,4.61,4.35,80.4,1
0,85,131.9,6.64,6.28,5.35,67.9,1
0,39,126.5,7.84,5.17,4.18,84.6,1
1,83,154.3,6.88,4.93,5.61,102.2,1
0,77,130.9,8.97,4.75,5.06,59.2,1
0,44,133.6,8.6,3.76,4.98,77.0,1
1,28,160.9,6.15,4.45,4.49,88.0,1
1,36,141.8,8.47,5.12,4.47,87.1,1
1,66,156.0,5.94,5.97,5.46,100.3,1
1,75,127.2,5.63,5.78,4.89,82.3,1
1,62,163.4,4.33,4.55,4.46,91.5,1
1,70,137.5,8.86,5.28,4.33,114.2,1
0,25,152.2,5.96,5.63,2.89,109.3,1
0,54,94.9,2.14,4.9,4.47,48.0,1
0,81,154.0,7.48,6.08,6.1,61.9,1
1,46,131.8,5.72,5.48,4.74,114.3,1
1,83,134.7,5.96,6.1,5.67,80.3,1
0,27,138.8,6.08,5.06,4.18,70.4,1
1,89,161.4,5.89,6.19,7.52,126.4,1
0,75,125.2,11.41,4.64,5.65,63.8,1
1,63,168.1,9.49,6.25,4.75,94.4,1
1,63,142.8,7.76,4.26,4.31,78.8,1
1,86,146.4,6.93,5.88,7.26,109.6,1
1,45,103.5,2.41,3.65,1.79,123.1,0
1,30,149.9,6.94,4.47,3.88,86.1,1
0,85,99.5,7.97,5.09,4.99,55.8,1
0,25,134.1,7.5,5.1,4.47,67.4,1
1,66,96.9,13.9,7.75,3.58,160.6,0
0,37,149.5,8.19,4.89,4.8,78.6,1
0,85,109.2,5.74,5.5,5.37,78.8,1
0,89,118.5,6.61,6.5,4.52,79.9,1
1,52,173.9,4.74,4.93,6.71,97.3,1
1,56,159.8,4.94,5.21,5.36,117.1,1
1,51,164.1,1.95,5.04,5.53,109.2,1
1,49,162.9,7.32,6.62,4.37,77.9,1
1,86,159.3,7.82,5.19,5.45,113.9,1
1,38,184.5,8.45,5.47,5.82,100.4,1
1,88,108.3,1.75,6.54,1.5,67.3,0
0,65,115.3,7.29,4.8,5.99,44.1,1
1,88,161.8,6.5,5.53,5.54,99.4,1
0,62,122.3,7.83,5.25,5.61,72.0,1
1,77,151.7,5.33,5.39,7.04,88.5,1
1,53,161.3,5.89,5.14,4.63,113.7,1
1,51,143.6,3.7,4.75,2.59,73.0,1
1,36,149.7,5.21,5.71,3.74,142.2,1
1,33,164.8,6.51,4.29,4.67,79.9,1
1,20,150.8,6.81,5.15,5.88,103.1,1
0,45,147.1,3.47,5.48,4.55,76.5,1
0,90,61.2,12.29,7.45,9.3,123.4,0
1,86,137.6,6.79,5.47,3.63,124.4,1
1,68,182.8,9.03,5.42,4.91,91.9,1
0,44,109.6,4.98,6.07,5.81,75.8,1
1,55,155.1,7.38,5.0,5.95,91.3,1
1,73,181.5,5.49,7.67,3.7,84.1,1
1,18,158.8,5.7,5.13,3.6,96.4,1
0,85,148.7,4.92,5.88,5.58,74.8,1
1,81,162.7,4.62,6.15,5.02,99.2,1
0,88,128.1,5.65,4.69,6.81,69.7,1
0,24,132.6,8.39,5.46,4.49,77.3,1
1,87,120.5,5.14,4.91,4.44,111.1,1
1,62,150.0,4.86,5.85,5.65,80.0,1
0,58,134.7,6.88,4.91,5.62,83.2,1
0,31,137.4,6.51,4.39,3.59,96.0,1
0,53,168.7,6.38,6.26,4.26,54.5,1
1,44,160.8,6.96,5.0,4.24,99.5,1
1,90,161.5,4.68,4.83,7.03,106.3,1
0,42,150.3,4.88,5.61,4.76,84.9,1
0,33,141.8,8.28,4.16,2.67,86.1,1
1,87,151.0,6.24,6.52,4.66,117.4,1
0,31,132.7,7.57,4.86,5.26,74.6,1
0,84,123.3,8.7,4.9,5.31,60.2,1
0,88,134.9,8.02,6.21,4.66,70.0,1
1,40,154.4,4.03,5.31,4.46,118.7,1
0,68,139.6,6.29,4.15,6.24,61.2,1
0,76,114.3,8.37,5.5,7.48,82.6,1
0,57,133.5,7.44,5.43,5.09,86.5,1
0,68,153.5,6.83,5.56,5.8,83.6,1
0,27,130.9,3.55,4.69,4.45,86.3,1
0,55,159.1,5.39,5.67,5.3,73.3,1
0,55,134.0,6.62,5.57,4.27,72.2,1
0,59,130.3,3.93,5.3,6.48,101.2,1
0,86,130.1,7.93,5.55,5.31,104.9,1
1,78,148.5,6.29,5.66,4.57,120.6,1
0,62,101.1,2.94,4.97,4.55,82.3,1
1,47,169.5,5.48,4.49,5.54,88.7,1
1,47,189.2,5.98,4.43,4.31,99.4,1
1,19,166.3,6.27,4.62,5.75,94.0,1
1,58,163.3,9.06,4.76,5.74,114.4,1
1,36,154.7,7.54,4.84,5.5,102.7,1
0,82,146.2,4.04,6.43,5.26,83.9,1
0,74,129.0,3.82,5.39,4.92,74.2,1
0,84,132.6,6.02,5.74,5.71,37.8,1
1,90,128.5,6.73,5.61,4.73,119.2,1
1,47,148.4,8.29,5.89,5.37,96.4,1
1,49,161.6,9.61,6.13,5.81,112.0,1
1,62,168.4,9.71,5.05,4.62,93.0,1
0,49,146.1,5.7,5.57,5.6,97.8,1
0,38,109.5,8.18,6.22,4.99,64.9,1
0,69,107.9,7.27,4.74,6.38,73.4,1
0,50,140.8,4.54,5.74,6.48,73.7,1
1,86,141.2,3.1,4.65,6.42,76.7,1
0,34,147.0,6.76,4.93,4.63,78.9,1
1,50,131.5,3.81,5.07,6.09,109.9,1
1,56,153.9,4.97,4.22,5.16,104.1,1
0,84,128.1,5.27,6.31,5.44,110.0,1
1,60,162.2,6.89,5.39,4.65,84.6,1
0,23,119.2,8.81,4.19,4.55,46.3,1
1,42,172.1,1.75,2.89,3.9,130.7,0
1,82,155.4,5.53,6.17,4.71,100.4,1
0,37,141.2,2.78,3.89,3.62,90.8,1
1,42,171.9,7.33,3.14,3.74,99.7,1
0,29,128.7,6.55,4.81,5.5,65.1,1
1,70,165.6,5.51,4.99,5.76,121.0,1
0,28,141.5,8.6,5.62,5.89,70.7,1
0,44,152.4,4.36,4.84,4.41,52.6,1
0,69,129.3,5.27,5.62,4.28,89.4,1
0,83,102.8,6.06,5.53,7.06,84.8,1
0,34,132.6,5.49,3.98,4.02,76.3,1
1,42,158.1,7.49,5.05,5.45,121.4,1
1,26,166.2,7.34,3.99,3.32,94.7,1
1,49,133.1,8.39,4.31,5.14,101.6,1
0,90,123.3,7.4,5.09,5.65,60.9,1
0,40,146.0,6.29,4.29,3.52,62.4,1
1,36,155.8,5.89,4.81,6.42,89.7,1
0,47,127.7,7.32,4.87,4.14,83.7,1
0,83,157.3,6.16,5.82,4.82,65.0,1
0,57,115.2,6.59,4.31,4.55,72.4,1
0,62,111.1,11.51,3.82,1.5,30.0,0
0,74,144.9,6.75,5.22,5.19,73.9,1
1,70,150.6,7.06,5.57,4.81,87.0,1
0,61,130.4,5.08,5.46,6.11,70.9,1
1,58,154.7,8.93,5.36,5.44,80.6,1
0,56,134.1,4.51,4.65,3.98,73.2,1
0,31,125.0,7.29,4.88,4.03,72.1,1
1,48,149.8,5.63,4.81,6.9,98.5,1
1,79,147.8,8.45,6.37,4.76,107.3,1
0,20,130.2,8.09,4.77,5.14,99.1,1
0,78,124.5,6.5,5.62,4.95,50.0,1
1,59,121.5,9.3,4.52,4.28,92.4,1
0,43,134.2,6.16,4.69,4.37,59.5,1
1,26,150.5,8.09,4.95,5.84,101.0,1
0,73,101.7,5.19,5.45,4.14,85.3,1
1,18,153.9,7.23,4.62,4.95,77.7,1
0,57,125.6,4.82,4.2,6.24,78.6,1
1,29,177.2,6.54,4.35,4.08,109.4,1
1,84,144.5,6.41,5.5,6.58,105.6,1
0,31,143.9,8.08,5.59,5.38,67.5,1
0,76,101.4,11.55,2.46,2.25,125.3,0
1,59,145.7,12.03,4.66,4.33,94.1,1
1,20,158.3,4.01,3.56,4.26,109.6,1
0,70,125.7,13.29,7.82,3.27,129.2,0
1,82,156.2,7.02,6.34,5.31,96.3,1
1,34,163.2,7.47,5.13,5.19,77.8,1
0,88,122.1,5.57,6.07,5.06,75.7,1
1,76,163.7,6.94,4.92,4.7,82.7,1
0,72,129.2,5.48,5.7,5.44,58.3,1
1,42,129.3,9.87,4.57,5.05,91.9,1
0,26,129.1,5.36,4.83,5.7,71.2,1
1,49,138.4,6.23,5.44,5.39,79.5,1
1,76,155.1,5.31,5.36,6.16,96.3,1
1,60,141.2,5.06,5.79,4.89,94.4,1
1,65,161.7,3.98,5.28,5.0,89.3,1
1,75,154.2,7.71,5.69,4.93,94.9,1
1,42,138.1,5.29,6.16,5.0,106.8,1
1,20,151.6,5.07,5.0,4.53,90.2,1
0,82,138.1,4.77,5.18,5.73,83.8,1
0,62,148.0,7.05,5.04,5.06,72.9,1
0,59,117.6,6.54,5.81,5.14,89.2,1
1,59,138.6,6.55,5.91,6.67,110.1,1
1,80,182.3,5.13,5.58,5.85,95.8,1
0,74,129.5,7.28,4.59,6.01,64.5,1
0,66,131.8,5.31,4.82,5.74,81.6,1
1,75,142.4,6.63,5.63,5.34,90.9,1
1,39,160.3,6.25,5.33,5.26,73.4,1
1,69,179.8,3.46,6.04,5.4,109.5,1
0,89,131.9,10.15,4.52,4.65,66.3,1
0,35,149.5,7.53,5.45,4.18,41.7,1
0,59,131.5,6.82,6.14,6.97,72.8,1
1,67,138.9,7.11,3.97,6.39,112.4,1
1,55,145.3,10.19,5.22,4.83,88.9,1
1,88,135.4,8.55,6.17,6.37,94.2,1
0,47,183.6,2.61,2.74,8.46,37.9,0
0,33,152.1,5.23,4.6,6.23,65.8,1
1,27,160.7,5.51,5.14,4.42,94.8,1
1,79,148.5,3.25,5.27,5.78,112.4,1
0,68,118.4,5.84,5.2,4.64,84.6,1
1,60,160.3,7.69,5.43,5.08,101.4,1
1,49,137.5,7.64,4.43,2.51,72.4,1
0,47,115.3,7.61,4.46,5.17,82.1,1
1,86,119.7,1.75,3.97,9.3,35.6,0
1,67,150.1,7.49,5.97,6.86,105.7,1
1,88,147.7,7.98,5.96,6.19,76.6,1
0,76,126.9,2.49,6.36,5.19,88.9,1
1,74,164.5,7.05,5.76,4.74,86.1,1
0,58,133.7,10.25,6.38,4.73,80.4,1
1,35,146.4,5.98,4.96,3.26,110.7,1
0,65,119.9,1.96,5.53,5.07,80.1,1
1,70,151.1,5.04,5.69,4.3,104.3,1
1,56,159.9,3.23,4.86,4.58,99.1,1
0,19,134.6,5.36,4.22,4.2,53.7,1
0,88,126.3,4.3,5.18,6.06,95.3,1
0,78,129.9,8.18,5.24,4.07,91.3,1
1,43,156.2,7.9,6.29,4.55,91.4,1
1,54,143.9,7.12,6.3,5.7,46.3,1
1,27,174.9,8.71,4.61,5.8,111.5,1
0,86,121.2,5.48,5.44,5.65,48.0,1
0,34,135.5,6.63,3.62,6.66,80.7,1
0,45,101.6,10.45,4.48,5.53,62.3,1
1,49,152.9,7.55,4.65,5.04,104.7,1
1,37,140.8,7.55,4.69,5.86,81.7,1
0,64,115.9,5.12,5.02,4.82,74.3,1
0,90,164.3,5.75,5.88,4.86,49.9,1
1,80,156.7,4.69,6.06,6.44,99.2,1
1,56,173.8,9.53,4.8,5.6,97.7,1
0,27,147.1,3.7,5.67,5.48,83.1,1
1,81,167.6,8.15,5.82,6.54,91.9,1
0,36,130.4,7.55,5.47,6.53,77.0,1
0,84,152.7,3.61,5.4,4.37,69.3,1
0,46,145.1,8.56,5.42,4.6,80.1,1
1,55,156.1,6.03,5.5,4.84,103.6,1
1,49,160.0,4.12,6.02,6.03,110.6,1
0,51,129.8,7.16,5.56,5.36,56.0,1
1,30,158.8,5.02,5.36,5.65,95.1,1
1,58,154.5,6.13,4.95,5.41,102.2,1
1,47,162.0,5.59,5.82,4.92,124.6,1
1,79,179.2,4.92,4.82,6.19,128.7,1
0,52,113.7,4.36,4.84,5.28,53.2,1
0,88,145.3,7.93,5.89,6.11,66.2,1
0,39,127.6,7.08,4.29,5.37,35.5,1
0,41,151.9,6.97,4.46,5.21,106.0,1
0,20,130.0,5.84,4.15,5.28,76.8,1
0,71,136.1,6.59,5.69,5.47,83.3,1
1,23,156.3,5.18,4.65,4.61,91.4,1
0,38,107.2,5.14,5.55,3.86,72.8,1
0,84,154.7,9.58,6.79,6.56,92.1,1
0,62,116.7,8.09,5.49,6.78,58.4,1
0,58,132.5,5.49,4.96,3.54,57.0,1
1,76,137.6,3.81,5.76,6.1,95.2,1
1,74,133.5,3.44,4.97,5.35,98.8,1
0,82,125.7,5.36,5.59,5.47,83.4,1
1,66,145.5,6.69,6.87,5.88,98.6,1
1,50,138.5,6.71,5.03,4.97,84.8,1
1,27,157.8,6.77,4.99,4.89,90.6,1
0,44,110.4,7.1,4.96,4.56,75.9,1
1,69,156.0,4.63,5.19,6.73,108.4,1
1,36,155.5,9.21,5.23,4.51,111.8,1
1,66,117.2,6.14,4.63,4.63,94.2,1
0,27,126.5,7.03,4.71,4.85,61.7,1
1,22,165.8,5.32,3.92,3.69,82.6,1
0,44,116.6,7.06,5.99,5.09,90.7,1
0,34,141.3,10.24,5.5,6.16,66.2,1
1,81,159.4,4.72,5.15,5.58,87.6,1
1,45,141.2,4.49,3.96,3.68,99.8,1
0,48,132.0,4.94,5.41,4.59,97.6,1
1,47,168.7,5.9,5.08,5.67,83.5,1
1,41,104.2,9.89,4.38,8.33,70.3,0
1,84,149.5,4.63,6.5,6.31,92.4,1
0,71,147.2,6.41,5.85,4.85,76.2,1
0,29,121.2,9.31,4.52,4.21,84.6,1
1,33,164.6,6.23,4.74,5.23,114.9,1
1,23,142.5,6.33,4.93,5.91,88.2,1
1,36,155.0,7.12,5.15,4.37,108.1,1
1,65,161.2,7.67,4.95,5.33,101.8,1
1,86,116.3,8.97,4.87,6.71,105.3,1
1,53,147.7,6.93,6.35,5.18,116.2,1
0,23,141.1,6.5,4.77,5.03,61.5,1
1,21,162.3,4.72,4.97,3.75,107.7,1
0,48,124.4,7.83,4.61,4.96,75.8,1
1,37,140.7,4.98,5.77,4.18,114.6,1
0,60,140.4,4.92,5.92,3.68,80.2,1
1,26,153.6,6.85,4.83,3.72,94.0,1
0,34,141.8,9.27,5.04,5.08,85.8,1
0,58,89.1,13.82,3.17,7.78,30.0,0
0,38,126.5,6.43,5.03,5.45,66.9,1
0,44,148.7,4.73,5.39,5.34,61.9,1
1,34,148.7,9.24,5.14,4.48,87.3,1
0,21,152.8,6.4,4.61,2.77,31.0,1
1,43,176.5,5.98,4.34,3.83,89.5,1
1,42,172.6,7.5,5.01,5.83,96.0,1
1,83,150.0,5.69,6.1,4.9,110.6,1
0,83,166.9,5.14,6.05,5.59,61.3,1
0,49,134.4,5.32,5.92,5.04,65.9,1
0,39,136.7,5.31,5.84,3.53,70.3,1
0,48,131.9,4.47,5.54,5.26,84.9,1
0,62,113.9,4.27,5.44,6.62,76.8,1
1,46,175.8,8.25,5.3,4.9,102.9,1
0,73,121.1,7.7,5.15,5.22,87.9,1
0,88,142.0,5.02,6.2,4.72,82.9,1
0,47,149.7,8.1,5.9,4.69,64.3,1
0,26,143.4,7.06,5.41,5.01,98.0,1
0,26,124.0,5.92,5.12,4.51,43.8,1
0,81,123.8,4.29,5.47,5.22,88.5,1
1,48,116.0,7.11,4.91,5.87,104.0,1
1,41,155.2,9.86,4.92,4.58,115.7,1
1,63,166.7,6.53,4.91,4.87,94.7,1
1,87,148.7,8.3,5.87,5.87,91.9,1
1,48,147.3,6.12,3.44,6.14,80.9,1
0,41,128.4,8.16,4.69,4.68,57.1,1
0,80,147.2,6.23,5.64,4.8,72.5,1
0,24,133.8,2.17,6.26,4.97,59.6,1
0,79,157.0,5.2,5.59,5.28,64.3,1
0,55,122.9,6.74,5.25,5.6,57.8,1
0,19,138.4,8.45,4.18,2.54,87.5,1
0,34,87.5,12.19,7.72,7.73,30.0,0
1,67,185.4,6.55,4.92,5.12,104.4,1
1,72,156.5,5.44,6.7,4.58,96.7,1
1,32,189.7,9.31,4.44,3.55,101.8,1
0,65,124.2,9.2,5.94,5.05,70.3,1
0,90,150.9,5.28,5.72,4.84,87.1,1
1,68,156.0,3.77,5.08,2.69,107.6,1
0,69,142.6,3.25,6.04,4.32,92.6,1
0,32,115.5,7.59,5.68,3.54,62.7,1
0,64,135.8,6.74,5.25,5.31,61.5,1
0,69,114.1,5.09,5.42,4.31,68.6,1
1,26,162.3,6.99,4.54,4.52,98.0,1
1,40,134.2,4.29,5.13,3.94,104.9,1
0,82,127.4,7.93,4.97,6.34,65.7,1
0,90,144.4,5.81,4.13,6.14,78.5,1
1,30,166.2,4.55,3.73,4.33,93.8,1
1,71,135.4,5.84,5.33,5.55,94.6,1
1,54,127.1,5.78,4.57,5.6,97.6,1
0,61,138.4,7.16,5.24,5.28,96.6,1
1,55,179.2,8.6,4.92,5.23,109.6,1
1,81,138.4,8.51,5.19,3.72,114.8,1
1,50,187.5,6.79,4.76,4.53,102.9,1
0,61,130.8,6.16,5.9,4.52,100.5,1
1,66,125.0,5.48,5.53,6.27,111.6,1
0,58,107.8,3.32,6.21,4.81,52.5,1
0,82,140.3,6.47,5.69,5.03,86.0,1
1,35,159.4,4.97,3.78,5.22,101.8,1
1,87,174.5,8.69,5.08,4.37,108.7,1
0,67,112.3,6.14,5.47,5.26,51.9,1
0,88,130.0,7.84,5.87,3.98,53.4,1
0,45,132.6,5.63,4.72,4.25,71.8,1
0,52,129.7,5.28,4.7,4.62,47.3,1
1,21,153.2,7.59,4.35,5.73,106.6,1
0,85,123.1,7.0,5.59,5.57,77.5,1
1,77,155.9,7.08,5.53,4.74,128.1,1
0,39,137.6,6.33,4.33,4.66,78.6,1
1,21,162.7,7.92,4.86,5.72,106.5,1
1,68,172.3,7.66,5.56,3.51,107.1,1
1,67,136.3,2.58,5.34,6.04,99.5,1
1,56,128.2,6.04,4.83,5.46,99.6,1
1,29,173.4,8.33,5.24,4.48,95.6,1
1,85,138.3,4.66,6.47,5.42,63.5,1
1,49,150.4,3.45,4.87,6.27,114.3,1
0,70,120.8,6.25,5.07,6.05,91.5,1
1,80,143.5,7.44,5.88,4.67,112.0,1
1,58,133.3,5.67,4.57,5.18,99.2,1
0,24,126.1,8.83,3.99,5.6,70.2,1
1,82,162.5,9.82,5.24,6.12,82.1,1
0,66,130.3,3.03,5.58,5.56,55.5,1
1,83,160.3,5.81,5.12,4.49,90.2,1
1,62,147.4,2.39,5.32,7.32,101.1,1
1,84,225.5,11.39,2.16,8.84,61.3,0
1,81,145.3,5.28,5.99,7.23,91.3,1
0,33,157.9,1.75,7.48,2.14,83.3,0
0,30,138.7,8.57,4.3,4.58,62.5,1
1,29,169.6,4.11,5.1,4.0,94.7,1
0,76,121.0,3.66,5.42,6.4,51.4,1
1,35,175.5,2.4,4.99,6.05,99.5,1
0,50,119.2,8.79,5.0,5.94,97.7,1
1,75,195.9,1.9,7.6,4.88,123.3,0
1,49,182.3,5.97,4.64,5.1,129.2,1
1,22,159.4,4.2,4.07,3.88,85.5,1
1,44,153.2,8.0,5.72,5.11,93.9,1
0,24,133.0,11.46,3.75,5.2,79.4,1
0,46,156.8,6.08,5.08,4.68,72.6,1
0,71,135.9,4.33,5.43,5.38,49.1,1
1,55,187.7,8.74,5.2,5.29,101.5,1
1,67,158.5,4.46,5.8,5.78,99.5,1
1,25,148.7,5.84,4.55,4.62,92.3,1
0,72,121.0,1.75,5.87,5.63,75.7,1
1,49,157.0,5.95,6.33,5.55,104.1,1
0,38,102.6,4.2,4.88,5.45,59.6,1
0,65,166.4,15.0,5.7,2.45,30.0,0
0,27,127.5,4.74,4.72,2.89,63.2,1
1,54,159.2,7.9,5.07,4.15,120.7,1
0,48,161.3,6.31,5.36,5.37,89.0,1
1,30,158.8,6.73,3.65,3.94,81.6,1
1,87,123.5,7.44,5.9,5.98,117.8,1
1,44,142.9,6.4,4.81,4.83,103.3,1
1,20,162.9,5.33,5.18,4.46,104.0,1
0,50,133.4,5.04,4.84,5.44,70.8,1
0,88,152.6,7.42,6.24,6.83,70.3,1
1,66,168.8,3.08,4.48,5.31,94.2,1
1,64,168.6,9.52,5.37,4.34,83.9,1
1,83,109.9,13.18,7.29,9.05,122.9,0
1,24,175.1,5.89,4.47,5.12,86.6,1
0,58,117.8,6.98,6.9,3.13,64.3,1
0,41,147.4,5.43,4.45,4.17,56.7,1
0,67,126.1,6.18,5.18,5.37,83.1,1
0,80,107.3,4.46,4.91,5.17,78.7,1
1,23,167.6,7.18,4.56,4.58,87.3,1
1,29,179.1,6.36,4.75,4.02,91.8,1
1,87,146.2,6.84,5.26,6.58,102.7,1
1,53,179.1,9.17,6.14,5.11,86.7,1
0,41,108.1,5.05,5.71,3.2,34.7,1
1,29,140.1,6.27,4.27,5.24,114.4,1
0,43,130.5,3.53,5.54,5.58,71.4,1
0,18,129.6,7.49,4.38,4.33,76.0,1
0,34,123.6,6.47,4.17,3.02,75.3,1
1,31,159.9,6.53,4.43,5.43,74.9,1
1,24,150.7,6.22,4.01,3.56,85.9,1
1,88,146.8,5.46,6.28,5.43,99.2,1
1,75,157.7,10.99,5.0,4.98,95.8,1
0,86,118.4,6.57,6.46,4.42,58.3,1
0,35,131.9,7.03,5.01,4.71,77.9,1
1,39,147.4,4.45,4.74,4.96,105.5,1
0,38,115.1,8.09,4.67,4.86,67.2,1
1,58,166.7,6.28,6.32,4.97,112.9,1
0,31,159.5,7.3,4.87,3.95,80.5,1
0,35,149.5,8.12,4.62,6.02,78.5,1
0,89,133.1,6.31,6.25,5.95,68.0,1
0,43,123.1,5.28,5.4,4.02,70.6,1
1,75,149.2,2.31,4.93,5.9,111.2,1
1,34,173.5,5.8,4.91,5.01,75.0,1
1,85,118.3,5.27,4.59,6.25,78.5,1
1,68,148.8,4.44,5.4,5.33,92.3,1
0,80,140.0,9.12,5.79,5.04,74.7,1
0,55,114.4,8.27,5.49,3.87,72.3,1
0,84,135.0,3.21,5.06,5.2,83.0,1
1,44,162.3,6.78,4.62,3.39,100.8,1
0,52,110.0,5.03,5.33,5.31,73.9,1
0,22,136.1,7.16,5.48,2.99,67.6,1
1,30,148.7,5.06,4.91,4.28,108.8,1
1,74,159.8,5.53,5.18,6.14,116.7,1
1,41,166.9,8.23,5.6,4.6,92.6,1
0,25,140.5,7.97,4.85,4.45,78.1,1
1,39,158.2,9.22,5.09,5.18,93.1,1
1,43,161.0,6.11,5.52,5.32,79.0,1
0,70,112.4,3.88,5.39,6.33,49.5,1
1,24,158.1,8.16,4.2,4.99,113.8,1
1,19,147.2,8.17,4.59,4.7,107.9,1
0,70,145.5,7.63,6.12,3.63,80.5,1
0,28,144.4,5.16,5.96,4.78,87.4,1
0,48,142.4,4.57,4.39,6.45,61.4,1
1,67,180.0,7.46,6.39,5.92,111.7,1
0,55,126.6,4.9,5.0,5.97,79.0,1
1,27,150.1,5.95,4.82,3.93,89.9,1
1,70,148.7,11.73,6.47,5.34,63.9,1
0,21,110.9,10.33,4.47,4.93,50.6,1
1,34,134.7,7.93,4.75,5.08,122.5,1
1,25,167.8,5.31,4.39,5.21,121.5,1
1,55,134.6,5.2,5.25,4.08,76.5,1
0,68,114.1,7.79,5.61,4.65,44.4,1
0,65,129.0,9.19,4.96,4.14,93.8,1
1,28,152.0,5.58,5.69,4.79,95.2,1
0,43,146.0,5.68,4.6,4.69,62.3,1
0,28,135.1,6.66,5.12,4.38,53.9,1
1,43,144.7,4.0,5.06,4.25,78.5,1
0,34,148.2,4.05,5.66,3.92,92.3,1
1,72,164.7,4.38,5.0,5.44,102.3,1
0,72,108.6,7.48,5.82,6.44,47.7,1
0,77,133.1,6.99,7.01,6.95,64.3,1
0,32,123.1,8.55,4.02,6.05,96.3,1
0,18,124.1,3.37,4.13,3.94,76.4,1
0,20,163.0,3.77,5.95,3.34,51.0,1
0,79,131.0,7.32,5.5,6.38,65.2,1
0,84,125.3,4.93,5.73,6.83,73.6,1
1,33,159.0,5.06,4.7,5.04,110.9,1
1,81,166.0,8.32,6.61,5.6,97.6,1
0,56,120.9,5.5,4.27,4.56,94.5,1
0,31,125.9,5.72,5.61,5.16,76.5,1
0,40,142.9,6.05,4.11,5.32,38.6,1
0,37,110.6,6.16,4.01,4.99,80.9,1
1,73,168.6,7.73,4.84,4.46,95.9,1
1,31,133.8,4.32,4.79,3.73,89.0,1
0,31,130.2,6.16,4.44,4.54,78.5,1
1,70,130.0,8.59,4.99,6.34,94.8,1
1,40,141.2,10.34,4.44,5.62,100.0,1
0,36,152.9,4.06,4.39,4.36,64.9,1
1,76,169.1,7.1,4.98,3.88,90.4,1
0,85,145.8,6.16,5.82,6.9,91.9,1
1,58,133.5,6.32,4.89,6.28,99.6,1
1,78,137.4,5.08,3.97,5.67,105.0,1
0,79,134.2,7.86,5.56,5.19,66.3,1
1,60,165.7,7.77,5.75,4.92,114.0,1
1,78,141.2,11.04,5.4,6.4,102.0,1
0,18,126.5,4.12,3.91,4.84,66.8,1
0,20,118.0,3.35,5.15,4.01,91.0,1
1,82,177.7,10.2,4.81,7.62,94.0,1
0,28,127.1,6.41,4.63,3.18,75.1,1
0,71,130.4,5.68,5.45,4.88,56.5,1
1,48,157.5,6.84,5.77,4.44,88.0,1
0,75,146.1,3.99,5.87,5.6,86.4,1
1,66,140.1,7.18,5.53,6.34,97.5,1
1,23,176.2,6.36,5.3,5.21,97.5,1
1,42,137.6,8.43,4.34,4.95,95.8,1
1,69,171.6,8.04,6.38,4.19,97.7,1
1,85,126.8,8.19,3.84,6.56,91.1,1
1,76,151.8,6.84,6.4,4.5,91.7,1
1,83,177.1,9.39,5.14,5.3,94.7,1
0,87,138.8,7.54,5.93,5.67,71.0,1
1,83,159.0,5.54,6.51,4.93,106.1,1
0,60,115.3,5.04,5.64,4.46,80.4,1
1,42,111.7,1.75,4.0,2.97,66.0,0
0,55,93.2,14.57,3.75,3.6,30.0,0
0,76,136.5,4.1,4.65,5.45,61.5,1
0,49,145.5,6.78,4.34,3.38,63.4,1
1,78,154.3,5.0,5.73,5.81,112.9,1
0,69,125.9,4.24,5.32,4.75,84.4,1
0,33,145.2,4.54,4.71,4.98,88.2,1
1,85,156.4,6.46,6.42,5.97,99.2,1
1,79,150.6,7.87,6.28,3.89,95.1,1
1,61,133.7,5.28,4.76,4.87,103.2,1
0,32,148.1,2.76,5.15,5.19,52.0,1
1,34,164.2,12.18,3.97,4.6,93.7,1
1,79,144.0,8.51,4.63,4.59,128.3,1
0,19,152.8,8.18,4.15,4.97,67.0,1
1,53,159.4,9.43,5.16,3.56,97.4,1
0,63,134.7,6.67,4.95,5.47,71.1,1
0,34,146.9,6.26,5.18,4.19,95.2,1
1,81,162.9,8.94,5.61,6.01,81.3,1
0,56,135.8,8.93,5.91,4.91,83.9,1
0,22,132.0,7.61,5.06,4.88,66.1,1
0,41,162.7,8.09,4.39,6.05,63.3,1
1,47,145.3,4.27,5.65,5.56,72.2,1
0,34,144.8,6.04,4.39,5.29,98.4,1
0,86,127.1,9.57,5.94,6.24,86.2,1
1,44,163.4,7.95,4.76,3.33,77.3,1
1,54,174.1,3.87,6.0,5.15,78.8,1
0,57,126.6,5.54,5.69,5.38,64.2,1
1,34,203.1,2.48,6.13,7.34,141.3,0
0,59,135.1,7.32,5.05,5.1,72.0,1
1,43,147.1,6.83,7.01,5.5,83.5,1
1,18,178.1,6.88,3.91,3.5,94.7,1
1,47,167.0,6.35,4.67,6.73,116.4,1
0,60,124.5,5.56,4.9,5.7,82.9,1
1,26,175.0,5.0,4.09,3.69,69.2,1
1,74,141.1,8.32,4.88,6.7,82.9,1
0,66,130.0,6.93,5.32,4.32,72.3,1
0,40,126.6,7.77,5.29,4.81,75.0,1
1,61,166.2,7.48,4.36,5.32,117.7,1
0,40,125.8,9.04,4.7,4.43,72.8,1
1,65,165.9,7.32,4.89,5.19,106.3,1
0,29,143.0,7.98,4.13,4.64,39.6,1
1,62,149.2,6.8,5.93,4.27,92.1,1
1,22,186.2,4.79,4.27,4.69,106.6,1
0,19,85.8,10.28,5.69,1.89,65.5,0
0,36,112.3,7.56,5.47,6.47,52.7,1
0,30,146.8,7.72,5.6,5.94,69.9,1
1,53,123.5,9.11,5.34,4.4,71.2,1
1,30,180.4,5.67,4.29,4.47,93.4,1
0,35,135.0,6.91,4.76,4.08,88.4,1
1,25,137.1,6.27,4.38,4.27,110.1,1
1,82,138.6,9.42,5.6,6.41,98.4,1
0,71,105.4,7.18,5.89,5.33,70.7,1
1,33,163.4,7.21,4.88,4.21,135.7,1
0,26,114.5,6.44,4.79,5.06,69.0,1
1,80,160.5,6.09,5.29,3.86,90.7,1
0,66,125.8,3.89,5.79,4.97,65.8,1
0,82,121.7,4.23,5.85,6.87,53.1,1
0,31,141.5,6.82,3.76,5.9,79.1,1
0,44,191.1,1.75,5.96,8.18,116.9,0
0,26,151.6,6.83,4.59,3.41,81.5,1
1,48,146.7,8.19,5.7,3.85,109.0,1
0,29,133.7,6.67,5.53,4.14,63.5,1
1,18,149.7,5.87,5.13,4.37,93.4,1
0,55,133.9,6.12,5.13,4.44,91.0,1
0,89,116.4,6.94,6.61,4.27,68.4,1
1,65,148.1,5.82,4.94,6.14,89.8,1
0,73,123.4,8.42,5.29,6.15,89.6,1
0,77,133.7,6.48,4.7,5.01,62.9,1
1,88,152.2,6.95,5.51,6.4,82.2,1
0,27,141.9,5.03,4.29,5.39,56.6,1
1,36,155.8,8.42,5.86,2.58,137.3,1
0,62,122.1,9.09,6.13,5.82,89.2,1
1,77,156.2,4.05,5.59,5.49,108.2,1
0,74,115.8,7.22,5.79,3.22,60.6,1
0,71,138.4,6.31,5.1,6.34,82.0,1
1,40,152.7,7.01,3.48,4.87,122.4,1
1,44,159.7,7.31,4.6,3.44,102.6,1
1,23,162.0,2.48,5.19,4.82,79.6,1
0,40,157.0,7.87,5.26,4.96,81.0,1
0,29,139.8,8.5,4.6,5.07,70.0,1
1,86,153.5,8.7,6.13,3.98,101.4,1
0,24,124.2,4.8,4.48,4.21,57.7,1
0,44,144.6,6.44,4.38,4.0,61.8,1
0,82,124.7,5.53,6.07,5.49,68.0,1
1,87,129.4,3.05,5.34,4.21,87.7,1
0,45,129.6,5.38,5.69,3.89,72.4,1
0,51,134.8,4.55,3.97,6.41,63.3,1
0,56,119.1,7.1,4.9,6.17,98.4,1
0,78,127.4,3.56,5.93,6.43,82.3,1
0,74,128.5,4.74,5.81,6.8,86.1,1
0,56,130.6,5.56,5.11,3.44,71.7,1
0,45,151.0,7.89,5.25,4.85,43.2,1
0,45,112.8,11.5,5.16,5.12,85.8,1
1,65,185.0,7.05,4.48,4.95,96.6,1
1,78,152.7,4.64,5.35,3.89,105.1,1
0,23,143.4,5.28,4.88,5.26,71.1,1
0,74,131.5,7.68,5.81,6.04,41.3,1
0,53,105.8,4.08,5.16,4.5,67.2,1
0,28,118.4,8.47,4.49,5.32,60.0,1
0,25,126.6,6.99,3.97,4.61,75.4,1
1,42,171.7,6.27,5.48,5.41,104.0,1
0,36,112.6,3.47,5.33,3.9,105.1,1
1,25,145.7,8.16,5.37,4.71,103.3,1
0,39,135.6,5.13,4.34,5.0,64.5,1
0,78,136.3,6.78,5.64,5.35,68.6,1
0,70,136.6,6.22,5.03,2.99,82.2,1
0,33,118.9,3.65,4.92,4.81,85.3,1
0,67,106.3,6.08,7.15,5.56,55.7,1
0,50,140.1,4.32,5.69,4.15,69.8,1
0,72,151.3,5.33,5.03,5.96,72.3,1
1,36,152.2,7.28,4.79,4.94,72.6,1
1,22,141.6,7.76,4.51,4.81,106.9,1
0,40,126.6,6.47,5.07,4.46,76.4,1
1,90,157.9,4.91,4.84,4.26,96.6,1
0,58,127.7,5.33,5.46,3.64,77.6,1
0,21,156.0,5.3,3.44,5.04,81.9,1
0,89,142.0,2.65,4.73,4.8,104.5,1
0,78,132.0,6.63,6.77,4.84,84.7,1
1,57,126.0,3.5,5.04,5.9,80.7,1
1,72,143.4,6.64,6.34,3.52,140.9,1
1,31,149.7,3.87,4.38,3.17,79.7,1
1,61,88.6,1.75,2.49,2.53,135.9,0
1,84,155.5,7.7,5.03,5.76,96.1,1
0,50,135.2,6.54,6.76,3.21,71.7,1
0,20,109.9,3.11,3.85,4.0,77.7,1
0,73,141.8,5.49,6.56,5.62,81.5,1
1,71,154.1,6.97,5.67,4.43,119.3,1
0,72,135.2,5.39,5.55,4.14,64.7,1
1,65,165.7,5.88,4.93,3.78,104.2,1
1,28,146.7,6.94,4.28,5.32,105.5,1
0,26,153.3,6.58,5.13,5.46,107.6,1
0,75,127.4,4.71,6.32,6.18,82.2,1
1,80,175.7,6.54,5.72,6.71,81.7,1
0,23,121.3,5.98,5.19,5.61,92.8,1
0,60,103.2,14.43,6.55,6.99,113.5,0
0,54,118.0,6.31,6.51,5.98,60.8,1
1,43,194.9,6.74,5.19,4.96,117.0,1
0,65,116.2,6.97,6.59,7.01,76.2,1
1,84,168.4,5.92,5.08,8.73,96.2,1
0,77,123.9,5.2,5.53,5.36,100.1,1
1,29,168.8,7.33,5.48,4.31,88.8,1
1,51,155.3,7.34,5.25,4.67,89.8,1
0,86,112.0,10.25,6.0,5.78,82.7,1
1,35,115.5,7.84,4.34,4.91,62.9,1
0,80,166.6,7.87,5.36,7.97,77.4,1
0,53,187.7,3.5,2.74,8.58,31.3,0
1,56,111.2,5.26,5.19,4.73,85.0,1
0,36,137.9,4.24,4.83,4.73,72.5,1
1,85,162.8,4.69,5.36,4.96,103.1,1
1,56,114.0,4.08,7.52,1.5,156.3,0
0,59,120.5,9.06,4.65,5.05,86.2,1
0,51,131.6,7.82,3.88,7.12,77.6,1
1,24,176.6,6.2,4.42,5.28,93.7,1
0,74,131.1,9.52,6.8,5.05,85.2,1
0,41,154.8,5.7,5.32,5.14,77.1,1
0,35,150.5,4.43,4.42,6.96,117.8,1
0,75,126.1,6.96,5.79,5.68,90.1,1
1,32,134.2,8.83,4.8,3.84,88.7,1
0,67,126.9,4.98,5.64,5.4,48.6,1
1,52,163.7,3.43,5.71,5.62,87.4,1
1,76,154.3,6.57,5.66,5.89,68.2,1
1,21,168.4,7.89,4.79,5.73,106.0,1
1,74,166.6,1.75,6.4,5.57,94.3,1
1,34,165.6,8.26,5.23,2.57,85.2,1
0,81,124.8,4.04,5.73,6.04,84.0,1
0,43,140.5,7.8,5.07,5.22,67.6,1
1,18,192.7,2.91,4.33,4.66,101.8,1
0,53,109.4,3.85,4.45,4.3,69.7,1
1,21,166.2,7.61,5.12,6.21,97.2,1
0,37,160.8,8.69,5.72,3.76,92.2,1
1,70,136.4,6.48,5.71,4.52,112.2,1
1,58,170.2,10.81,5.61,4.95,119.4,1
0,69,101.0,9.62,6.77,4.69,138.3,0
1,82,130.6,4.64,5.27,6.87,72.0,1
0,52,142.5,5.96,4.41,5.62,63.3,1
0,57,127.2,5.87,5.11,5.94,49.6,1
1,22,157.9,7.01,5.32,3.27,109.9,1
1,38,152.3,5.16,4.55,3.23,97.1,1
1,70,173.7,7.52,5.41,5.07,117.4,1
0,22,133.1,7.48,5.15,5.24,87.7,1
0,44,125.7,9.4,5.78,5.7,71.3,1
0,27,127.6,5.62,3.82,3.76,98.5,1
1,80,147.9,7.11,5.31,4.72,113.4,1
0,58,115.0,7.59,4.83,6.21,75.1,1
1,65,147.4,6.49,4.85,5.47,104.8,1
1,67,156.1,6.12,5.18,3.48,119.6,1
0,34,139.7,2.79,3.74,3.67,79.4,1
1,21,177.0,6.65,4.49,4.86,86.1,1
0,47,135.9,7.57,5.13,3.87,55.7,1
0,31,126.8,6.4,4.24,3.73,68.6,1
0,41,117.7,5.09,4.73,3.97,62.8,1
1,41,161.3,3.48,5.03,5.61,100.1,1
1,75,151.7,7.32,5.6,5.49,91.0,1
1,41,155.6,6.56,4.03,6.33,91.3,1
1,29,162.0,9.0,5.26,4.19,114.6,1
1,87,160.1,3.89,6.14,5.55,124.2,1
1,21,162.9,5.65,4.27,4.72,84.4,1
1,32,155.2,4.12,5.89,4.08,91.2,1
0,43,120.7,8.35,5.32,3.42,69.7,1
0,22,125.6,8.73,4.92,4.12,76.8,1
1,83,165.4,9.96,6.05,4.99,104.3,1
1,43,150.3,7.44,4.43,4.75,89.5,1
1,75,133.3,7.92,5.31,4.96,106.4,1
1,27,175.7,7.28,5.18,4.95,89.4,1
1,56,141.3,7.53,4.76,4.8,92.2,1
1,27,107.7,11.28,2.59,1.5,140.5,0
1,34,165.0,7.61,5.27,4.12,112.2,1
0,47,132.3,10.35,5.29,3.86,87.0,1
1,80,115.8,6.89,5.61,7.33,104.2,1
1,40,162.9,6.54,5.04,4.84,106.9,1
1,73,173.6,6.86,5.39,6.06,115.3,1
1,24,170.4,6.23,5.27,4.39,107.5,1
0,36,101.5,6.94,6.19,6.37,83.7,1
0,62,162.7,6.17,5.51,4.11,67.7,1
1,52,135.9,8.56,5.95,4.33,75.1,1
1,54,139.4,8.38,4.95,6.08,85.8,1
0,67,142.0,10.4,5.0,4.87,107.3,1
0,23,141.5,6.46,4.27,3.79,68.6,1
1,68,155.4,7.02,4.87,4.85,122.4,1
0,80,120.5,6.94,5.42,7.34,83.1,1
1,73,173.7,6.86,6.03,7.3,98.2,1
0,38,132.6,8.53,5.57,5.13,59.4,1
0,43,109.2,3.58,4.74,5.04,62.6,1
1,88,170.7,7.33,5.53,6.47,97.4,1
1,75,156.8,10.09,5.52,5.85,96.7,1
1,86,169.1,8.95,5.83,5.88,107.5,1
1,84,161.2,8.75,6.01,5.27,89.0,1
0,49,133.4,13.98,3.07,6.94,96.5,0
1,27,153.7,5.43,4.68,4.99,109.4,1
1,34,157.8,5.15,5.72,4.81,125.2,1
1,39,167.9,5.16,4.82,6.1,98.2,1
0,78,124.6,4.45,5.23,5.33,81.6,1
1,38,169.2,8.2,4.92,3.93,94.7,1
0,44,88.4,9.14,5.11,3.57,72.2,1
1,80,151.9,7.28,4.68,4.91,95.8,1
1,29,156.6,7.95,4.57,3.29,91.2,1
0,66,128.3,7.03,5.64,6.35,82.6,1
1,58,142.0,7.52,6.47,4.78,107.2,1
1,89,165.7,2.69,5.42,5.09,95.8,1
1,53,148.1,7.07,5.65,5.49,89.0,1
1,56,158.4,5.73,5.35,6.87,90.6,1
1,80,152.4,6.43,6.3,5.22,108.8,1
0,90,135.5,6.91,5.38,4.78,63.5,1
1,71,175.4,5.21,6.13,5.06,83.3,1
1,68,157.1,4.56,6.26,3.69,102.6,1
0,81,141.5,5.16,6.48,6.08,74.0,1
0,89,130.3,3.89,6.59,6.3,73.4,1
0,71,122.3,4.42,5.58,5.02,87.1,1
1,39,155.0,4.67,5.34,3.77,96.2,1
0,64,126.3,3.92,5.11,7.44,64.4,1
1,35,166.0,7.45,3.59,3.59,99.3,1
1,54,157.2,4.88,5.36,4.4,87.9,1
0,50,120.1,3.15,5.05,5.03,86.8,1
1,90,148.7,5.78,6.33,6.57,99.8,1
1,58,132.3,4.5,5.79,5.02,82.5,1
1,88,149.4,9.13,5.08,5.79,101.7,1
1,76,153.4,6.74,6.94,6.07,86.9,1
0,79,156.2,3.85,5.82,8.47,90.4,1
0,30,154.2,7.52,4.08,4.08,71.0,1
0,74,114.1,6.65,4.82,5.02,84.1,1
0,36,136.4,6.07,3.63,4.62,63.5,1
1,60,158.3,9.33,5.76,5.81,95.1,1
0,53,128.2,4.74,4.88,7.33,79.9,1
1,36,154.9,8.36,4.44,4.62,94.4,1
1,89,146.8,5.76,5.35,6.28,86.1,1
0,81,157.0,6.47,5.43,3.68,85.8,1
1,59,148.9,5.15,5.63,5.24,102.2,1
0,18,140.3,5.27,3.68,4.35,55.8,1
1,31,120.0,5.72,4.22,5.54,91.1,1
0,34,146.0,3.08,5.19,4.21,60.4,1
0,88,146.0,7.12,5.36,4.66,68.1,1
0,47,116.5,6.71,5.45,5.15,66.6,1
1,21,151.2,3.8,4.42,3.02,92.5,1
0,60,137.8,7.69,6.24,4.48,52.7,1
1,87,152.6,9.12,5.83,5.79,93.1,1
0,58,138.2,5.3,6.01,3.0,88.4,1
0,50,127.7,5.09,5.46,4.77,99.4,1
1,30,185.9,8.5,5.2,6.02,79.4,1
1,82,142.8,7.23,5.18,4.19,115.3,1
0,25,174.9,6.26,5.48,3.88,105.8,1
0,86,147.0,7.97,5.82,6.25,72.4,1
0,34,146.1,6.99,4.34,5.41,80.4,1
1,28,142.6,9.07,3.55,4.61,111.6,1
0,43,146.3,6.47,5.13,4.69,66.6,1
0,18,144.3,7.27,5.57,5.85,86.2,1
1,19,127.3,8.48,4.14,4.57,93.1,1
0,31,112.8,2.09,4.3,3.67,86.9,1
0,68,135.6,8.54,5.23,5.47,97.2,1
1,77,151.3,5.59,6.22,5.42,117.7,1
0,36,125.7,7.4,3.84,4.33,68.1,1
0,65,146.7,9.5,4.98,3.79,83.2,1
0,43,119.4,5.95,4.44,4.85,66.1,1
1,49,149.3,5.68,5.47,5.5,80.4,1
1,42,147.1,6.4,4.94,5.52,93.8,1
1,83,160.4,3.89,5.44,5.67,111.4,1
1,55,129.7,10.46,5.12,5.13,93.7,1
0,54,124.1,6.42,5.68,4.58,95.5,1
0,80,103.2,9.46,6.27,6.47,76.2,1
0,65,125.8,5.9,5.99,4.23,58.2,1
0,28,145.0,6.56,5.17,4.09,68.3,1
1,31,169.0,8.2,5.7,3.89,87.0,1
0,42,121.9,4.52,4.47,4.74,92.9,1
1,25,166.5,6.32,5.01,5.68,103.8,1
1,68,151.4,8.13,6.83,4.29,97.5,1
0,54,152.0,6.12,4.11,5.33,84.9,1
1,21,157.0,5.63,4.39,4.69,84.5,1
1,47,111.7,8.51,4.48,4.07,80.3,1
0,78,142.6,9.02,5.74,5.39,56.1,1
0,84,121.7,9.31,6.52,4.87,47.8,1
0,88,124.1,5.29,6.04,5.85,59.5,1
1,85,157.5,5.46,5.54,5.59,107.7,1
1,62,133.4,5.65,5.66,6.59,109.1,1
0,85,129.6,7.79,5.5,5.01,62.2,1
1,87,160.3,4.35,5.82,5.59,69.2,1
0,64,136.1,4.45,5.73,4.94,68.1,1
0,48,123.2,5.21,6.17,6.18,80.9,1
0,88,143.1,4.81,5.99,5.32,87.9,1
0,48,117.2,8.09,5.25,4.16,77.1,1
0,30,124.6,7.97,6.07,3.9,57.4,1
0,25,132.5,5.63,3.6,3.79,83.2,1
0,59,135.5,6.15,5.23,4.66,79.9,1
1,20,154.1,1.93,4.26,3.63,107.1,1
0,26,152.8,5.68,4.65,4.53,58.9,1
1,35,161.9,8.74,5.29,3.53,104.5,1
1,56,156.5,5.58,5.83,5.64,110.8,1
1,52,159.7,4.53,4.87,5.08,77.3,1
0,55,142.5,8.98,5.63,6.56,64.5,1
1,55,159.1,4.49,4.69,5.52,74.9,1
0,90,132.8,4.45,2.95,8.53,30.0,0
0,33,150.0,11.7,4.94,6.47,71.1,1
1,52,157.6,6.3,5.05,5.43,75.9,1
0,62,141.1,8.74,6.22,5.05,90.8,1
1,37,117.6,1.75,3.88,1.5,73.9,0
0,31,106.5,3.42,4.5,5.93,70.6,1
1,21,164.1,1.75,5.83,1.5,34.5,0
1,41,142.7,7.98,4.19,3.79,96.4,1
1,36,165.2,6.5,4.44,3.7,118.7,1
1,32,177.3,6.16,5.0,3.96,106.0,1
1,37,161.8,4.18,4.8,4.78,69.9,1
0,68,114.4,6.27,4.66,5.12,40.6,1
0,78,117.4,5.34,6.64,6.03,61.3,1
0,55,151.9,4.84,5.62,4.12,73.1,1
1,22,139.1,4.69,5.79,3.66,70.6,1
1,71,185.4,6.85,4.38,5.56,95.5,1
1,29,186.2,5.2,5.6,3.71,71.3,1
1,22,190.8,6.49,4.64,3.21,96.2,1
0,59,136.8,3.32,5.05,3.8,77.2,1
1,49,151.0,7.41,5.15,4.94,123.0,1
1,40,162.3,6.93,4.58,4.74,95.0,1
0,88,141.8,6.08,5.63,5.66,70.1,1
0,24,124.8,6.79,5.33,5.58,92.2,1
1,21,192.8,3.74,1.95,2.56,59.5,0
0,60,126.7,3.89,6.2,5.2,74.6,1
1,48,144.6,6.62,5.36,6.17,92.8,1
1,76,172.0,4.15,5.47,6.4,124.3,1
1,20,149.8,6.66,5.26,3.74,85.0,1
1,48,157.6,6.03,5.34,5.71,75.2,1
1,28,172.9,6.46,4.53,6.16,93.5,1
1,21,178.1,8.03,4.25,6.02,91.3,1
1,51,159.0,7.97,6.06,5.9,115.6,1
0,71,135.7,8.46,4.58,5.77,76.9,1
1,29,142.8,5.79,4.72,4.84,110.2,1
1,79,168.4,7.77,4.74,6.89,60.5,1
1,55,174.5,7.41,5.52,3.9,92.7,1
0,53,103.6,5.83,5.14,6.2,95.8,1
0,85,154.9,6.71,4.93,5.82,59.1,1
1,42,146.3,6.26,4.51,4.01,92.9,1
0,32,142.7,9.01,4.91,3.58,85.2,1
0,75,130.7,7.96,5.7,3.96,67.2,1
1,25,157.6,5.9,3.61,5.01,108.0,1
0,81,125.8,5.77,5.19,7.35,66.0,1
1,78,138.3,8.22,5.67,5.11,98.3,1
0,89,136.0,8.91,6.46,5.01,85.5,1
0,51,127.6,7.07,5.67,6.11,57.2,1
1,63,135.1,7.69,5.07,5.36,85.9,1
0,82,113.3,8.85,6.23,6.77,88.8,1
1,27,138.9,6.19,4.62,3.66,84.5,1
1,40,149.1,6.65,3.13,5.39,98.9,1
0,52,139.1,7.38,6.04,6.67,88.2,1
1,63,144.0,5.73,5.62,4.32,99.5,1
0,67,144.9,9.56,5.52,5.05,78.4,1
1,85,150.7,5.71,5.68,5.37,122.5,1
0,53,127.4,6.61,5.38,5.73,108.2,1
0,30,134.3,9.95,4.85,5.73,74.5,1
0,31,154.8,3.15,4.69,4.01,66.2,1
1,76,187.3,2.9,2.82,9.3,76.9,0
0,51,156.7,5.31,5.21,5.07,61.9,1
1,64,169.0,6.5,4.83,4.77,117.9,1
0,59,130.8,4.33,4.6,6.46,65.7,1
0,77,147.0,5.83,5.72,5.67,68.5,1
1,33,152.9,6.54,5.48,4.32,81.3,1
0,30,138.3,6.93,4.37,4.11,59.8,1
0,71,121.8,8.11,5.09,7.31,92.3,1
1,49,170.6,2.32,4.12,4.09,102.6,1
1,77,142.7,6.27,4.77,6.55,98.1,1
0,27,133.5,6.19,4.04,3.81,103.1,1
1,37,167.5,6.38,5.54,4.18,98.6,1
1,88,167.9,6.56,4.68,5.69,99.1,1
0,79,116.8,5.01,5.86,6.0,58.3,1
1,22,170.1,3.72,4.57,2.96,84.0,1
1,77,138.6,6.89,5.92,5.05,84.8,1
1,22,96.4,11.57,3.58,7.71,145.6,0
0,26,123.2,7.22,4.77,5.44,65.3,1
0,83,141.2,4.81,6.33,5.4,70.9,1
1,27,158.1,7.75,5.73,3.48,106.8,1
1,39,149.1,6.4,5.79,4.97,96.6,1
0,27,135.1,6.53,4.4,5.29,99.2,1
0,61,131.2,6.06,4.13,5.38,83.5,1
1,22,168.1,5.77,4.66,5.7,85.5,1
1,38,133.0,6.08,5.08,4.52,103.7,1
0,41,131.4,8.63,3.84,3.63,75.3,1
0,65,132.4,3.74,5.41,4.76,95.2,1
1,54,135.1,5.33,3.67,5.08,110.0,1
1,32,137.1,8.4,5.81,4.01,97.6,1
1,51,150.4,7.98,5.45,4.55,123.8,1
1,51,156.0,8.92,4.67,5.89,105.9,1
1,43,156.9,6.39,5.12,4.13,106.2,1
0,56,123.1,4.13,5.39,3.92,96.3,1
0,41,123.9,4.51,5.3,5.55,85.9,1
0,42,126.9,5.96,5.07,5.42,76.3,1
0,75,134.0,7.87,6.09,4.57,73.6,1
1,36,176.1,6.04,4.18,5.36,66.5,1
1,42,123.5,5.9,4.95,3.82,69.4,1
0,28,143.5,7.21,5.89,3.91,70.6,1
0,68,128.5,6.55,5.21,4.37,66.1,1
0,69,138.0,5.71,5.58,4.97,74.7,1
0,67,148.1,4.7,4.81,5.85,89.6,1
0,30,122.7,8.2,6.14,4.84,60.9,1
0,50,146.2,8.39,5.32,4.27,49.9,1
1,39,138.3,4.6,4.23,4.95,77.5,1
0,73,131.6,5.78,6.15,5.8,59.9,1
1,42,153.2,7.7,4.39,5.7,80.0,1
0,48,132.9,4.45,5.53,5.28,74.0,1
0,51,117.1,7.16,5.78,5.68,96.6,1
1,73,160.3,5.91,6.71,5.52,107.9,1
1,69,177.9,4.31,5.57,4.65,108.8,1
0,77,114.7,9.7,5.58,5.69,78.1,1
0,49,134.9,5.89,3.92,6.07,54.9,1
0,77,142.1,7.44,5.28,6.68,108.5,1
0,81,124.4,4.48,5.19,3.3,70.3,1
1,56,175.8,9.29,5.13,5.69,109.4,1
0,67,123.9,10.01,5.09,4.9,40.8,1
0,84,126.9,3.8,6.13,6.04,73.9,1
0,79,114.2,6.2,5.25,4.35,72.4,1
0,38,135.1,8.89,5.26,4.37,68.9,1
0,70,130.0,5.66,5.38,3.96,53.5,1
0,50,141.5,7.24,4.78,4.61,76.5,1
1,28,148.7,3.48,4.39,5.11,114.7,1
0,45,122.3,5.08,5.21,5.3,104.7,1
0,89,85.8,14.14,8.78,4.24,134.2,0
1,87,173.3,5.44,5.27,5.28,118.3,1
1,75,210.1,10.88,3.53,6.95,85.4,0
0,90,155.7,3.77,6.04,7.05,102.9,1
0,59,98.3,1.75,3.58,7.15,119.0,0
1,73,161.5,4.09,4.44,5.63,102.4,1
0,30,144.2,9.27,5.14,5.05,53.4,1
1,39,179.4,5.27,4.08,2.7,105.0,1
0,30,152.6,7.94,3.95,3.62,68.8,1
0,86,112.1,7.76,4.91,4.49,73.0,1
1,62,166.8,4.73,5.23,5.99,94.0,1
0,86,132.4,5.46,5.11,5.14,37.9,1
1,48,153.3,5.68,4.26,4.73,68.8,1
1,47,129.7,5.8,5.33,3.49,110.2,1
0,67,107.2,4.16,5.39,4.61,64.2,1
0,59,125.6,7.46,5.74,4.47,89.3,1
0,45,110.5,5.26,4.64,4.7,70.8,1
1,41,189.2,1.75,6.77,1.5,118.6,0
0,55,142.2,8.31,5.71,6.42,52.7,1
1,23,150.0,7.53,3.96,5.08,86.1,1
1,31,159.2,5.38,4.47,3.02,82.6,1
1,21,142.9,8.37,5.31,5.34,94.7,1
0,29,138.6,7.7,4.85,5.37,76.2,1
0,32,141.4,5.23,4.79,4.7,77.7,1
1,23,137.4,5.57,4.72,5.35,99.6,1
1,22,147.5,8.3,5.46,5.52,109.4,1
0,77,148.7,2.83,7.82,2.08,141.9,0
1,31,165.5,3.8,4.89,3.52,82.6,1
0,58,133.7,4.69,5.26,5.67,45.9,1
1,25,157.8,7.75,3.81,3.77,86.1,1
1,87,150.4,4.39,6.01,5.98,100.6,1
0,35,138.3,7.95,4.43,3.77,64.9,1
0,72,134.9,9.98,4.72,6.32,84.1,1
0,64,123.2,7.17,4.31,4.6,54.2,1
0,74,120.1,4.84,4.59,5.29,98.4,1
0,63,129.8,6.82,3.98,5.01,85.9,1
1,55,152.7,8.36,4.61,3.83,92.0,1
0,74,160.5,6.68,5.25,6.45,63.2,1
0,77,123.5,7.37,6.19,6.7,72.6,1
0,45,136.8,5.06,5.11,4.77,90.5,1
0,86,175.4,1.75,3.83,2.72,125.7,0
1,90,173.0,8.13,6.52,5.59,90.8,1
0,70,117.8,5.22,3.74,4.94,74.4,1
1,85,172.6,1.84,5.91,5.68,80.4,1
0,25,132.3,5.95,4.96,4.22,88.4,1
1,57,192.8,7.07,5.75,4.32,107.2,1
1,65,159.9,8.41,4.3,6.32,111.8,1
0,85,110.1,9.46,5.33,5.51,96.0,1
0,26,131.4,6.65,4.23,6.26,60.4,1
1,76,173.4,7.69,4.77,5.61,99.0,1
1,23,159.9,6.72,6.13,4.1,94.7,1
0,44,131.7,7.14,4.72,4.63,97.0,1
1,68,165.0,6.16,5.98,5.03,92.2,1
1,39,151.9,7.2,5.41,4.68,70.1,1
1,78,150.0,5.19,4.71,5.76,92.0,1
0,85,114.3,10.06,5.36,4.69,88.5,1
1,29,184.0,2.2,4.87,3.66,104.4,1
1,36,139.1,7.53,5.18,5.42,95.4,1
1,23,161.2,7.08,4.94,4.92,90.4,1
0,69,137.3,7.17,6.49,3.96,79.6,1
1,82,152.6,4.37,6.18,6.11,107.6,1
0,61,112.1,3.48,5.71,5.98,77.3,1
0,27,119.3,7.59,5.39,4.77,67.1,1
0,30,95.4,14.79,7.65,1.5,119.7,0
0,20,123.3,6.9,4.33,3.2,63.8,1
1,53,124.6,7.95,4.25,5.02,113.2,1
1,70,159.8,5.68,5.09,7.09,96.5,1
0,28,121.1,7.1,4.0,4.08,58.4,1
0,79,138.6,8.71,5.0,6.12,108.8,1
0,36,130.4,5.94,5.0,4.14,61.9,1
1,55,151.8,8.63,4.89,6.63,84.4,1
0,66,131.2,3.56,5.78,5.36,56.2,1
0,57,114.2,5.4,5.44,4.05,63.5,1
1,52,110.7,3.27,7.54,6.68,64.0,0
1,42,152.9,9.93,4.27,4.03,73.4,1
0,49,114.9,6.53,4.61,5.08,75.9,1
0,35,144.2,4.64,3.78,4.07,64.0,1
0,39,128.5,9.88,5.33,4.33,60.8,1
1,73,132.0,6.27,6.65,7.21,72.6,1
1,82,144.4,7.7,5.74,5.11,98.4,1
0,79,130.6,5.9,5.75,5.74,49.2,1
0,42,126.1,6.76,4.71,4.59,68.9,1
0,41,177.7,1.75,3.26,7.1,45.5,0
0,22,143.4,10.56,5.49,5.04,38.2,1
1,37,193.3,8.64,5.01,2.76,107.3,1
0,60,148.3,9.68,5.68,5.34,44.3,1
1,37,132.8,5.08,5.74,4.4,124.1,1
0,71,124.5,3.21,6.13,5.58,71.6,1
1,21,154.9,5.97,4.73,4.24,83.1,1
0,48,140.8,11.03,5.18,4.79,76.5,1
1,38,143.2,5.92,4.74,5.03,83.4,1
0,54,123.6,8.39,5.51,4.58,37.3,1
0,19,116.4,4.66,4.44,6.15,89.0,1
0,48,81.3,11.32,3.5,7.32,30.0,0
1,75,145.0,6.36,6.15,6.8,99.9,1
0,80,124.3,10.3,4.59,4.48,72.5,1
0,36,115.6,8.48,3.83,4.48,60.3,1
1,49,170.8,2.8,5.11,5.26,80.7,1
1,68,161.3,7.7,5.82,4.52,109.3,1
1,51,134.2,4.43,5.34,4.12,105.2,1
0,57,131.7,5.27,4.53,4.89,73.2,1
0,42,109.3,7.42,5.57,5.65,88.4,1
0,79,149.2,9.02,6.73,5.65,73.8,1
0,64,154.8,8.93,4.84,6.99,91.0,1
1,88,151.4,7.1,5.28,6.27,121.5,1
1,74,140.8,7.12,5.53,5.07,114.9,1
1,44,146.6,8.92,4.98,2.46,103.4,1
1,41,203.9,1.75,4.51,1.5,36.9,0
0,24,133.0,9.79,4.93,4.24,78.9,1
1,63,175.3,5.18,5.17,3.85,91.0,1
1,72,168.1,6.97,5.13,5.27,109.4,1
1,43,171.3,5.61,4.13,5.06,121.4,1
1,19,161.7,4.42,5.51,4.12,94.6,1
0,78,111.9,7.33,5.95,5.32,58.1,1
0,34,122.0,6.93,4.86,6.44,83.2,1
0,60,131.9,6.31,5.37,5.26,73.9,1
1,21,140.9,6.23,4.65,4.3,119.1,1
0,22,139.4,9.25,3.67,3.55,72.9,1
0,83,140.8,10.45,4.79,5.66,74.1,1
0,67,138.5,8.76,5.28,4.91,75.8,1
0,18,142.8,7.0,4.54,5.98,76.5,1
1,25,130.5,3.55,4.77,5.01,66.5,1
1,53,175.7,7.63,6.21,6.34,85.5,1
1,67,130.8,7.71,5.23,5.53,115.0,1
0,48,129.9,7.89,4.66,6.08,63.6,1
0,81,138.2,4.45,5.65,4.72,74.6,1
0,65,135.9,8.03,4.54,5.52,70.8,1
1,62,135.6,9.31,5.42,4.46,87.8,1
1,39,140.6,4.73,4.55,4.38,94.5,1
0,67,134.6,7.73,5.54,5.38,59.0,1
0,81,136.6,5.04,5.51,4.76,52.8,1
0,21,118.3,6.31,4.63,3.1,75.1,1
1,71,159.8,4.79,5.84,6.31,122.7,1
0,82,106.1,5.87,6.07,4.13,86.3,1
1,49,165.5,5.88,6.35,6.5,109.0,1
0,73,116.4,7.24,5.91,4.73,90.5,1
0,44,133.8,8.1,4.91,5.39,76.3,1
1,32,203.4,2.0,6.71,1.71,130.6,0
1,77,170.7,5.33,5.76,4.54,86.0,1
1,40,160.6,7.15,5.88,5.21,108.8,1
0,73,120.7,4.52,6.01,5.61,78.8,1
0,41,187.5,13.32,6.7,8.25,103.5,0
1,47,188.4,6.58,5.38,6.03,92.6,1
1,68,165.3,4.84,5.55,6.09,81.5,1
0,42,131.9,7.51,5.66,4.06,81.0,1
1,76,140.9,6.22,5.72,5.4,122.0,1
1,20,149.8,6.78,4.86,3.66,79.1,1
1,18,169.4,8.7,3.96,3.84,111.6,1
0,23,121.4,5.73,5.22,4.9,90.3,1
1,36,157.4,8.03,4.11,5.26,79.4,1
1,21,180.5,9.1,4.77,4.94,65.0,1
0,45,134.8,8.99,4.74,5.16,74.2,1
0,19,118.9,6.16,4.32,4.78,69.3,1
1,73,186.4,4.75,5.84,5.05,95.3,1
0,29,160.5,5.22,4.83,5.8,89.3,1
0,88,135.7,3.64,4.28,6.36,70.1,1
0,80,148.1,7.73,5.48,5.58,111.3,1
1,68,150.2,7.85,5.19,6.37,75.4,1
1,76,164.3,6.71,6.29,5.06,85.8,1
1,74,147.2,4.02,4.76,5.59,85.6,1
1,79,132.8,5.84,6.74,6.39,96.1,1
1,58,194.1,8.98,5.78,4.06,119.2,1
0,63,109.6,7.6,5.18,7.26,57.4,1
0,52,136.3,7.91,4.93,4.51,60.0,1
0,63,135.0,12.45,4.96,4.85,64.6,1
0,45,140.2,7.09,5.27,4.92,71.9,1
0,27,133.0,2.61,4.33,5.21,74.8,1
1,85,151.3,4.52,5.6,6.45,93.4,1
0,69,132.2,7.05,4.78,6.73,55.1,1
0,69,137.3,6.53,5.86,5.32,73.0,1
1,38,157.2,6.19,5.07,5.06,118.4,1
0,74,128.6,6.22,5.23,4.1,88.4,1
1,55,135.7,5.09,5.08,4.14,90.9,1
1,23,188.9,7.17,4.33,4.38,97.2,1
1,87,160.3,9.01,5.89,6.06,106.8,1
1,90,124.3,5.47,6.92,3.52,82.3,0
0,81,119.5,9.57,6.16,6.09,98.1,1
1,52,140.7,4.78,5.28,4.99,101.6,1
0,35,146.4,6.46,4.66,4.49,55.2,1
1,18,156.8,5.94,5.02,6.52,72.9,1
1,71,163.2,7.57,5.7,5.18,107.6,1
1,83,132.4,6.35,5.02,6.57,77.4,1
0,25,157.7,6.09,5.56,3.32,84.5,1
1,67,167.8,9.12,3.91,5.45,89.4,1
1,19,157.9,6.68,5.34,3.77,77.7,1
1,74,160.6,6.72,5.41,7.26,106.4,1
0,20,146.1,7.24,5.29,3.9,56.7,1
1,89,132.0,7.72,6.6,5.75,106.5,1
0,30,159.2,7.73,4.59,3.86,75.2,1
0,47,139.5,9.29,4.88,4.14,44.8,1
1,68,143.6,4.19,5.61,5.29,119.6,1
0,79,112.7,7.08,4.9,5.91,94.4,1
0,44,147.4,6.32,4.86,5.83,87.5,1
1,89,155.3,5.96,5.49,5.26,114.0,1
1,19,166.3,7.86,3.97,3.84,85.0,1
0,52,132.2,8.83,4.9,6.2,91.0,1
0,90,159.2,1.75,7.73,3.68,134.6,0
0,38,140.8,9.54,5.38,4.68,41.5,1
0,56,128.4,3.92,5.13,5.54,59.3,1
1,50,155.7,7.56,5.19,6.5,86.1,1
0,46,168.1,4.9,4.91,7.3,95.5,1
1,74,166.6,5.34,4.45,5.86,84.2,1
0,55,145.4,6.61,4.61,5.78,65.0,1
1,70,194.8,5.78,6.03,5.52,79.2,1
1,55,161.3,1.75,5.94,3.77,90.6,1
1,90,153.8,7.6,5.24,6.11,115.0,1
0,52,121.6,7.9,5.85,6.27,52.2,1
0,76,122.6,6.21,4.82,4.84,81.9,1
1,62,124.1,6.07,5.02,3.57,84.9,1
0,76,141.3,5.83,5.47,6.05,103.1,1
1,82,133.8,3.42,5.47,4.06,100.8,1
1,34,171.1,3.23,4.49,3.27,95.4,1
0,40,132.4,7.95,5.08,3.33,64.3,1
0,40,134.9,8.42,5.47,3.0,76.2,1
0,53,131.1,7.57,4.32,6.01,51.6,1
0,53,152.5,7.18,5.27,5.18,75.1,1
0,18,153.3,7.91,5.25,6.21,63.1,1
1,83,152.3,7.79,5.4,6.32,89.7,1
1,80,139.5,5.09,5.27,7.46,129.9,1
0,61,144.8,6.9,4.8,4.64,95.1,1
1,40,142.4,5.97,6.2,5.13,118.9,1
0,78,105.9,5.99,6.47,4.41,87.7,1
0,37,140.8,8.55,4.78,4.49,79.0,1
1,40,175.3,9.33,5.71,6.09,119.0,1
1,90,145.9,2.28,5.43,5.76,104.4,1
0,85,134.6,6.04,5.58,5.49,84.5,1
0,60,124.8,5.95,4.66,5.18,94.8,1
1,30,168.8,8.59,3.74,4.73,108.7,1
0,26,150.8,3.89,4.44,4.65,79.0,1
0,88,124.3,1.75,5.46,6.96,87.3,1
0,37,117.9,7.98,5.21,4.09,74.5,1
0,67,108.4,8.23,5.8,5.15,82.0,1
1,43,170.6,3.29,4.97,4.95,106.2,1
1,54,138.6,6.28,4.62,4.27,79.2,1
0,89,133.7,9.25,5.34,5.38,64.4,1
0,61,142.6,4.56,6.27,5.91,85.0,1
0,49,124.6,6.68,5.51,4.24,75.4,1
0,48,129.7,7.41,5.97,7.46,73.1,1
0,34,148.6,3.93,5.98,6.15,77.1,1
1,58,143.1,5.49,4.88,5.32,68.2,1
1,59,141.5,3.46,5.78,5.7,95.4,1
1,24,155.1,6.2,4.22,5.17,93.8,1
0,47,151.5,5.08,5.72,5.44,76.1,1
0,65,154.7,6.87,5.87,5.39,87.1,1
0,22,133.3,7.64,3.46,6.92,66.6,1
0,89,117.4,9.0,5.98,5.13,95.6,1
0,80,145.0,10.7,5.09,5.25,60.4,1
0,64,105.6,6.87,5.16,5.35,84.6,1
1,19,162.8,5.93,4.29,4.96,88.2,1
0,55,130.8,5.83,5.77,6.91,91.3,1
0,83,148.1,4.76,5.23,5.66,78.5,1
1,19,180.0,7.31,3.92,4.9,77.9,1
1,75,139.4,5.61,5.04,5.85,100.3,1
1,79,155.6,7.43,5.46,5.51,105.0,1
0,23,126.1,4.82,4.99,5.58,75.5,1
0,34,87.3,1.75,3.77,2.42,115.2,0
0,70,139.3,7.28,5.76,6.29,71.1,1
0,84,123.6,6.28,6.01,5.42,66.8,1
1,74,156.5,3.04,5.95,4.99,74.0,1
1,56,169.8,6.47,5.73,4.81,106.5,1
1,61,177.6,5.06,5.94,5.49,105.7,1
1,56,159.7,8.63,6.74,6.13,126.5,1
0,60,132.8,8.25,5.78,7.09,73.4,1
0,74,113.0,2.39,5.68,5.64,78.9,1
1,21,182.7,7.94,4.44,6.1,98.3,1
1,33,165.1,7.2,5.08,5.22,109.6,1
1,22,160.8,3.83,5.42,3.84,88.4,1
1,76,154.7,8.08,4.81,5.63,101.1,1
0,71,135.3,4.2,6.22,6.11,75.0,1
0,21,146.5,8.56,4.46,5.18,83.2,1
1,25,171.9,5.34,4.64,4.07,129.6,1
0,37,157.5,3.77,5.27,4.42,77.8,1
1,35,161.1,10.32,4.61,4.4,75.1,1
0,55,157.8,3.72,5.5,4.92,56.2,1
0,54,147.5,5.05,4.52,5.35,89.5,1
0,44,131.7,5.4,5.59,6.58,48.2,1
1,29,191.0,10.43,7.19,7.08,51.9,0
0,65,131.8,7.76,5.37,3.82,63.3,1
0,75,152.9,6.6,5.69,3.97,115.2,1
1,64,143.0,8.31,5.35,6.02,80.0,1
0,76,130.6,7.17,5.8,5.03,64.9,1
0,84,131.1,3.49,5.54,5.92,86.9,1
1,79,167.2,7.49,5.41,4.94,95.5,1
1,65,148.7,6.92,4.31,5.17,87.5,1
1,21,145.9,5.38,5.53,4.13,81.6,1
0,42,141.4,10.23,4.33,4.22,63.2,1
1,49,144.9,7.6,6.1,6.09,83.9,1
0,70,137.6,14.1,3.82,8.87,122.3,0
1,79,180.7,8.26,6.32,6.16,127.8,1
0,64,144.5,5.74,5.99,7.12,105.1,1
1,44,184.9,7.64,5.64,3.7,127.9,1
1,75,166.6,7.07,5.55,5.31,96.8,1
0,68,140.4,5.5,4.7,5.05,85.1,1
0,76,134.9,4.3,5.43,6.16,76.7,1
1,61,152.1,6.54,5.13,4.09,85.7,1
1,65,162.2,7.56,5.31,5.9,71.2,1
1,43,148.4,6.53,4.31,3.56,70.7,1
1,47,140.3,6.17,4.93,5.61,99.7,1
1,38,152.2,6.55,3.22,5.8,76.4,1
0,36,152.8,5.98,4.76,3.7,60.9,1
0,65,112.0,9.29,5.45,4.97,79.8,1
1,46,138.2,6.99,4.62,5.99,62.3,1
0,27,143.2,5.62,4.64,5.79,94.4,1
1,20,152.8,3.25,4.8,3.12,96.8,1
0,80,136.3,6.15,6.21,5.94,69.4,1
0,49,146.9,5.46,5.77,5.57,63.9,1
0,60,137.9,5.39,5.48,5.19,81.1,1
1,84,143.1,8.2,5.64,6.97,84.7,1
0,26,153.6,6.64,5.0,4.03,92.1,1
0,86,139.5,3.47,6.77,5.35,88.3,1
1,69,154.5,7.61,5.74,4.79,87.6,1
0,64,130.3,3.65,5.52,5.5,71.3,1
1,49,161.7,7.75,5.78,4.74,115.6,1
1,69,149.4,5.64,5.46,6.17,104.5,1
0,32,109.3,6.66,4.37,4.33,69.2,1
1,40,168.3,6.46,5.28,4.65,85.8,1
0,88,138.6,6.23,5.82,5.99,73.7,1
0,38,98.7,6.88,4.84,4.06,66.7,1
1,70,161.7,6.65,5.78,6.36,103.1,1
0,85,154.8,9.87,4.59,6.37,70.5,1
0,61,114.0,6.9,4.99,5.86,59.5,1
0,39,132.0,6.94,4.46,3.91,89.4,1
1,79,150.4,5.22,5.12,7.02,107.1,1
0,78,154.1,7.19,5.48,3.94,59.9,1
0,57,148.1,4.66,4.71,5.85,65.0,1
1,26,145.2,8.57,5.8,4.69,106.9,1
0,50,137.1,3.83,5.42,5.65,60.9,1
0,49,166.6,4.98,4.66,4.84,70.9,1
0,31,124.5,3.57,3.82,4.75,68.2,1
1,47,156.1,7.26,4.75,5.62,86.5,1
1,29,165.8,5.74,4.64,4.63,80.5,1
1,68,145.0,7.73,5.04,5.6,97.6,1
0,49,158.5,4.74,6.66,5.25,59.5,1
1,71,146.8,7.46,4.47,7.45,89.6,1
1,51,135.1,7.54,5.2,3.63,110.3,1
1,70,99.9,2.83,7.01,9.3,141.6,0
0,71,139.7,6.56,5.32,5.88,81.4,1
1,29,146.1,6.75,3.67,4.93,110.8,1
0,50,136.5,4.86,5.12,3.91,71.9,1
1,72,162.2,4.56,5.59,6.53,106.2,1
1,61,136.8,7.48,5.74,4.25,85.2,1
0,34,125.1,5.84,5.2,6.06,83.8,1
0,78,134.4,7.32,6.3,5.12,84.6,1
1,32,168.3,9.29,3.65,6.02,118.4,1
0,90,119.9,5.68,5.61,5.21,93.1,1
1,69,156.4,5.42,6.94,4.59,102.4,1
1,41,152.6,5.92,5.65,4.78,138.5,1
0,32,144.7,6.57,4.01,4.02,85.9,1
1,83,160.5,7.61,5.7,5.5,118.2,1
1,56,149.8,6.45,4.61,6.69,90.9,1
0,76,136.6,10.24,5.28,5.07,69.3,1
0,78,89.5,3.6,4.58,7.6,106.3,0
0,22,141.7,7.91,5.31,5.92,57.1,1
0,67,137.4,6.43,4.49,5.6,74.9,1
1,42,192.4,8.32,4.57,5.9,96.5,1
1,84,147.6,6.13,5.66,6.23,115.6,1
1,33,155.6,5.34,4.74,5.61,114.2,1
0,20,125.3,8.13,4.89,4.39,73.8,1
1,66,138.9,6.4,4.93,5.89,92.7,1
1,58,148.4,6.94,5.05,6.83,124.8,1
1,58,165.2,8.27,4.8,4.91,75.1,1
0,37,144.4,6.75,4.73,5.16,49.6,1
1,54,160.0,6.23,5.63,4.52,104.9,1
1,88,147.8,5.54,5.9,6.74,98.4,1
0,73,122.3,8.41,5.07,4.0,70.0,1
1,89,138.3,5.88,6.41,5.56,72.0,1
0,42,124.4,6.41,5.67,5.79,59.9,1
1,81,85.9,13.69,7.88,8.15,85.1,0
1,45,176.9,7.01,4.92,3.33,116.9,1
1,86,180.0,8.32,6.75,5.07,111.2,1
1,81,123.9,6.37,6.58,5.05,86.8,1
0,30,138.3,8.98,3.94,6.06,67.5,1
1,88,156.3,6.05,6.44,6.52,93.4,1
0,62,133.9,7.17,6.36,6.09,63.9,1
1,74,144.7,6.17,5.9,4.42,90.5,1
0,60,103.0,5.58,7.01,1.95,35.9,0
0,33,139.9,5.87,4.69,6.11,50.5,1
1,89,167.6,6.03,6.76,6.63,117.2,1
0,26,123.3,6.71,5.29,4.11,70.3,1
1,77,132.6,6.02,5.88,6.29,91.3,1
1,33,164.2,7.07,6.29,3.55,73.0,1
0,75,115.1,8.71,4.92,4.77,86.5,1
0,48,148.0,6.77,5.07,3.31,57.8,1
1,35,125.6,6.83,5.04,4.64,104.0,1
1,35,150.5,6.09,4.8,5.31,83.5,1
0,41,123.7,5.59,3.91,4.0,74.8,1
1,83,147.7,6.67,6.25,5.62,79.9,1
1,74,157.5,6.51,5.06,4.77,96.1,1
0,66,136.3,8.61,4.93,4.83,73.1,1
1,63,164.3,4.77,5.13,4.36,100.6,1
1,48,167.5,9.12,4.98,6.12,110.7,1
0,83,126.1,6.24,5.57,5.08,82.9,1
1,37,188.9,6.77,5.53,4.56,120.3,1
1,86,173.2,4.58,6.39,5.29,77.8,1
1,45,151.8,7.51,4.92,5.23,128.6,1
0,42,130.7,4.77,4.67,7.13,87.2,1
0,52,126.8,7.17,5.1,7.59,67.0,1
0,72,135.2,7.0,4.94,5.29,89.4,1
1,70,139.4,5.91,5.43,5.82,125.0,1
1,73,141.9,2.78,4.93,6.37,115.3,1
0,24,102.1,10.39,6.04,5.66,57.4,1
1,29,152.1,4.6,4.91,5.2,97.1,1
1,79,169.1,6.99,5.26,6.62,110.3,1
0,89,125.8,5.19,6.16,6.2,75.0,1
0,27,132.9,8.39,4.07,4.02,78.9,1
0,84,132.8,5.82,5.23,6.72,82.8,1
1,37,142.3,5.15,5.21,4.91,82.1,1
0,89,128.5,7.57,5.82,6.13,94.3,1
1,90,165.4,4.21,6.38,4.63,100.9,1
1,64,159.2,5.76,3.72,4.63,97.5,1
1,31,172.6,7.74,5.36,4.32,83.1,1
0,75,148.5,9.21,5.2,6.02,71.1,1
1,25,168.4,4.77,4.07,6.16,110.3,1
0,42,122.1,5.4,4.0,5.59,76.7,1
0,64,125.4,7.13,5.03,5.16,84.8,1
0,22,163.8,2.9,5.68,3.6,71.6,1
1,46,161.1,8.94,5.67,6.09,98.6,1
1,76,156.1,4.7,6.52,5.85,74.2,1
0,24,121.7,5.71,4.69,1.65,78.1,1
0,44,131.2,6.97,5.12,5.87,70.3,1
1,18,169.9,6.59,3.72,4.74,100.7,1
1,66,154.6,4.77,4.44,3.43,66.0,1
0,23,126.9,9.6,4.66,5.07,110.1,1
0,38,128.9,1.86,4.14,4.88,74.0,1
1,56,173.3,4.48,4.73,3.98,104.7,1
1,33,167.7,5.35,4.92,6.54,102.5,1
0,34,141.6,4.79,5.67,5.12,68.0,1
1,78,159.8,8.7,5.58,5.17,105.2,1
1,74,135.9,3.51,4.69,4.82,116.5,1
0,23,138.8,9.3,3.65,4.33,74.8,1
1,80,169.0,6.0,5.67,5.5,111.9,1
1,52,151.9,4.05,4.8,5.6,109.1,1
0,28,148.9,2.72,4.89,4.39,83.0,1
0,84,136.8,6.11,5.54,5.35,103.0,1
0,42,145.2,5.24,4.99,5.03,78.4,1
0,41,133.7,6.93,5.74,4.47,71.9,1
1,28,171.5,5.69,5.45,4.5,95.8,1
1,82,130.8,8.22,5.85,6.93,105.2,1
1,38,157.7,6.24,4.43,4.37,76.6,1
1,61,165.6,5.74,4.98,5.11,119.0,1
0,35,137.9,8.25,5.38,4.01,69.1,1
1,83,169.1,6.91,6.43,6.65,97.8,1
0,75,127.1,7.89,4.76,3.98,55.2,1
0,54,123.4,8.57,6.13,4.33,75.3,1
0,43,108.1,5.97,4.58,5.5,52.8,1
1,65,150.4,6.57,5.78,5.16,73.0,1
1,54,163.4,8.02,6.89,5.87,86.7,1
0,86,139.8,2.09,4.74,5.55,71.6,1
1,67,133.3,6.32,5.71,4.74,85.5,1
1,19,176.7,6.1,4.5,4.27,100.2,1
0,78,114.6,7.17,5.84,4.4,93.3,1
1,32,156.0,5.06,4.51,3.9,99.9,1
1,39,148.6,8.47,3.5,5.6,63.7,1
0,49,138.4,5.17,4.68,4.75,73.2,1
1,33,159.1,5.67,5.1,4.63,105.4,1
1,86,162.6,5.3,6.5,5.83,93.7,1
1,89,179.8,8.71,5.98,4.37,104.2,1
0,29,140.1,2.75,5.72,3.18,76.4,1
0,41,124.2,9.72,4.72,5.16,56.6,1
1,45,163.4,9.15,4.73,4.53,115.3,1
0,66,159.6,5.48,5.6,5.12,70.0,1
0,61,140.7,8.35,5.09,5.77,69.1,1
0,67,144.5,6.73,6.08,4.5,81.1,1
1,20,135.1,9.48,3.86,3.89,71.9,1
0,55,137.3,8.21,5.74,4.78,92.7,1
1,33,153.7,10.45,5.62,4.96,81.9,1
0,34,123.4,3.69,5.13,4.36,99.8,1
0,74,129.3,6.84,6.06,4.91,91.6,1
0,28,135.8,3.4,4.43,6.08,57.2,1
1,20,149.6,5.57,4.2,4.44,101.0,1
0,53,134.5,10.55,5.41,5.65,59.3,1
0,71,127.3,7.34,5.03,3.79,58.1,1
1,55,166.0,8.27,5.41,3.94,60.3,1
1,29,161.5,7.43,5.02,5.11,106.0,1
0,74,135.2,7.31,5.47,5.26,67.9,1
0,45,147.2,5.56,5.24,4.55,85.0,1
1,69,162.4,5.22,5.82,4.52,101.8,1
0,32,133.7,5.51,4.82,5.52,54.3,1
0,84,97.3,1.75,5.37,6.27,87.8,1
0,38,140.9,6.35,5.46,4.7,80.7,1
1,88,138.5,6.93,5.88,5.98,92.2,1
0,45,131.2,5.39,5.35,4.63,87.9,1
0,71,135.5,6.26,5.81,4.8,70.5,1
0,54,151.6,7.45,5.3,4.61,61.9,1
1,23,186.3,8.09,4.54,5.15,93.3,1
1,25,144.7,4.34,4.4,4.14,90.7,1
1,47,136.6,5.07,5.05,4.99,75.1,1
0,32,138.7,7.86,5.17,4.25,33.1,1
0,62,134.4,7.56,5.65,6.09,98.8,1
0,28,116.2,8.92,4.91,3.97,89.4,1
1,61,154.7,8.85,5.53,6.59,120.2,1
1,32,166.8,10.85,4.22,4.12,110.1,1
0,31,115.4,5.97,4.59,4.1,66.3,1
1,44,141.7,9.34,5.46,6.68,94.6,1
1,60,88.9,10.68,7.0,1.5,120.0,0
1,47,153.1,10.81,5.19,4.91,105.5,1
0,43,112.2,11.12,7.23,3.21,138.7,0
1,42,151.9,7.48,4.96,3.45,92.0,1
0,42,133.6,8.28,5.44,5.07,79.7,1
0,47,166.0,4.06,5.24,3.55,90.8,1
0,78,114.9,4.57,4.85,5.59,74.9,1
1,60,145.2,6.71,5.61,7.03,80.5,1
1,48,166.4,7.12,4.82,2.84,104.2,1
0,72,144.6,10.25,4.66,5.37,56.3,1
0,56,137.6,4.79,5.69,4.71,61.7,1
1,87,179.4,9.27,4.99,4.83,103.5,1
1,59,159.9,6.02,5.07,3.8,107.2,1
0,33,104.1,6.0,5.07,5.65,74.1,1
0,59,132.6,6.21,5.24,5.36,58.8,1
0,74,121.0,5.95,5.14,3.81,116.5,1
0,33,154.5,7.38,4.3,3.81,64.8,1
1,32,172.3,5.79,4.42,4.15,103.4,1
0,61,107.1,3.96,4.67,3.81,65.3,1
1,82,173.1,6.02,5.55,5.72,85.0,1
1,42,170.9,7.32,4.7,5.07,97.9,1
1,54,150.7,3.98,4.38,5.3,91.1,1
1,65,153.3,7.55,5.2,7.12,99.7,1
0,66,151.3,8.62,5.0,4.47,64.5,1
0,28,104.6,9.16,4.98,4.13,74.4,1
1,46,163.1,7.11,5.31,4.45,86.0,1
1,90,168.4,3.25,6.56,6.57,115.6,1
1,82,151.5,7.67,6.02,6.31,103.6,1
0,74,139.3,8.24,4.86,4.46,72.8,1
1,19,160.6,5.25,3.38,5.68,95.7,1
0,48,120.4,6.37,4.21,4.14,67.7,1
0,21,122.8,7.37,4.41,5.19,73.8,1
1,39,167.8,9.72,4.02,5.49,119.4,1
0,81,119.4,6.04,5.25,5.98,66.5,1
0,46,109.5,8.1,5.11,4.62,75.7,1
0,30,135.8,7.07,4.51,4.32,61.0,1
0,70,122.3,6.86,5.62,5.83,37.3,1
1,73,135.7,8.89,5.13,5.93,107.8,1
1,65,155.6,5.0,4.92,5.94,114.4,1
1,77,164.8,6.91,6.58,6.18,105.4,1
0,69,130.4,6.55,5.42,5.69,109.5,1
1,64,138.6,3.79,5.43,6.55,92.8,1
1,82,160.0,8.72,6.14,5.1,85.7,1
0,41,148.4,7.99,5.54,4.86,90.8,1
1,51,189.1,6.56,4.95,4.52,116.2,1
1,59,176.7,6.03,5.91,7.38,114.4,1
1,66,139.3,6.5,5.12,6.01,82.1,1
1,52,168.7,7.77,5.79,5.95,87.1,1
1,50,159.8,6.6,4.41,5.4,72.9,1
1,30,140.7,5.3,4.67,4.55,126.1,1
1,64,158.9,5.57,5.49,7.68,84.4,1
1,27,187.1,6.48,5.02,5.63,78.3,1
0,52,149.7,4.82,4.67,4.75,72.0,1
1,47,141.1,7.1,4.12,4.7,99.1,1
1,74,153.8,5.07,5.79,5.68,108.7,1
0,52,139.2,4.78,5.06,4.55,71.6,1
1,18,133.3,12.25,4.44,4.05,85.7,1
1,54,130.2,9.99,6.2,3.71,91.8,1
1,33,160.0,6.76,4.72,2.5,87.6,1
1,45,159.0,8.03,4.76,6.68,118.2,1
0,39,105.5,8.34,3.9,4.32,72.9,1
1,30,163.8,6.36,4.2,4.33,106.0,1
1,87,168.6,7.01,6.23,5.8,96.2,1
0,36,130.1,6.03,4.5,5.35,45.4,1
1,55,156.4,8.76,5.6,5.8,122.4,1
0,78,137.8,8.78,4.79,6.49,83.6,1
0,44,139.2,9.31,4.54,5.4,79.0,1
1,86,127.4,6.98,5.15,5.48,67.5,1
1,47,142.7,10.4,5.39,6.08,95.3,1
1,87,146.4,6.36,5.58,5.58,122.5,1
0,50,119.1,10.18,4.48,5.93,92.9,1
1,19,181.1,5.67,5.11,2.99,92.7,1
0,81,138.4,4.16,5.91,6.79,93.3,1
1,81,136.3,10.15,5.82,4.82,122.6,1
1,88,149.0,7.69,5.9,4.45,97.1,1
1,27,175.3,7.43,4.29,3.37,116.1,1
0,79,119.4,5.85,6.34,5.76,94.0,1
1,42,169.6,4.98,4.97,6.9,109.7,1
0,79,149.8,5.15,5.75,5.4,89.0,1
1,88,170.4,6.75,5.95,5.66,86.3,1
0,32,136.5,6.23,4.31,5.33,84.4,1
1,45,175.3,3.01,6.21,4.38,95.4,1
0,37,125.5,9.55,4.94,4.61,59.3,1
1,40,194.3,5.74,5.02,4.49,119.8,1
1,61,158.5,8.73,5.07,6.99,96.3,1
0,48,149.4,5.23,5.81,5.03,76.9,1
1,65,149.1,6.78,6.09,5.97,100.4,1
0,67,137.8,8.25,5.5,4.7,51.0,1
1,32,166.0,8.0,4.0,3.61,92.2,1
0,21,121.0,6.02,4.62,5.02,83.7,1
0,72,115.4,7.42,5.44,5.67,74.8,1
0,31,130.8,7.72,4.59,5.55,67.3,1
1,32,174.4,6.23,4.29,3.84,101.6,1
1,61,127.4,4.5,4.38,5.14,114.2,1
1,37,151.9,5.38,5.84,3.58,72.3,1
0,31,153.5,5.82,5.31,4.18,71.0,1
1,40,138.5,6.55,5.02,3.5,97.3,1
0,56,150.2,9.37,4.85,4.86,100.3,1
0,79,112.2,8.13,5.8,6.76,93.0,1
0,90,114.3,5.03,5.87,5.03,54.8,1
0,71,127.7,9.81,5.22,4.64,94.6,1
1,83,180.8,6.36,5.88,5.51,96.9,1
1,56,186.7,4.05,3.84,3.13,30.0,0
1,47,130.3,4.81,5.52,5.63,77.2,1
1,77,132.3,5.69,5.02,4.37,119.3,1
1,40,171.0,8.37,5.26,2.55,103.8,1
0,77,109.0,4.92,6.26,5.6,60.1,1
0,90,145.8,6.6,5.93,7.32,99.2,1
1,46,157.4,7.35,6.41,4.75,107.9,1
0,64,130.1,4.66,5.25,5.64,70.4,1
0,75,134.0,3.3,4.49,5.43,79.2,1
1,75,141.5,8.13,5.02,6.17,85.6,1
0,33,135.8,11.65,4.49,4.4,102.6,1
1,88,80.2,13.18,4.54,7.78,129.3,0
1,54,175.8,7.67,5.71,6.55,78.4,1
1,21,143.5,4.91,4.8,5.45,99.0,1
1,26,165.0,9.15,4.97,3.9,139.5,1
0,71,114.4,5.82,6.61,4.82,53.5,1
0,49,124.1,8.59,4.64,4.44,85.7,1
1,25,152.9,7.59,4.73,3.49,97.3,1
1,55,200.2,7.64,4.95,4.6,103.7,1
0,61,130.7,7.57,4.61,5.11,91.2,1
1,23,146.4,7.51,3.53,3.76,85.9,1
1,43,150.0,7.01,5.82,5.32,93.3,1
0,51,109.3,8.24,4.71,3.51,63.2,1
1,74,151.2,5.19,5.36,4.42,119.7,1
1,65,182.3,6.07,5.63,5.89,117.3,1
1,24,163.6,9.14,4.05,6.19,79.3,1
1,62,168.4,6.81,4.83,5.47,103.8,1
1,83,139.1,5.91,5.63,4.91,114.9,1
1,21,155.8,8.36,4.45,3.42,72.2,1
0,90,131.1,8.01,4.98,5.46,96.3,1
1,24,147.7,4.16,5.12,5.62,95.2,1
1,63,160.7,7.81,5.07,5.72,91.3,1
1,43,165.9,6.75,5.13,3.75,118.1,1
1,71,162.0,7.78,5.5,5.75,115.5,1
0,79,126.8,6.52,6.17,6.87,54.4,1
0,80,145.4,7.34,5.81,6.66,85.8,1
0,81,125.0,3.2,5.1,6.82,85.3,1
1,77,148.1,4.89,6.25,6.26,66.1,1
1,40,178.6,7.83,4.72,3.65,105.4,1
0,51,115.3,11.22,4.68,4.29,67.4,1
1,70,128.5,7.16,4.87,6.97,115.4,1
0,30,121.0,5.25,3.44,4.29,59.7,1
0,60,136.8,6.74,4.93,3.49,75.8,1
1,56,218.5,1.75,3.88,7.68,126.6,0
0,89,118.2,8.75,4.92,6.74,65.9,1
1,21,186.1,6.59,5.74,4.35,63.2,1
1,24,159.0,8.4,3.42,4.97,112.2,1
0,20,133.3,6.22,4.23,3.65,89.4,1
0,57,150.3,12.77,2.22,7.2,44.7,0
0,58,160.5,3.58,5.82,3.53,79.5,1
0,61,69.1,13.22,3.45,7.31,30.0,0
1,35,137.5,7.47,4.77,5.99,112.9,1
1,40,193.9,6.02,4.15,1.82,100.7,1
1,48,162.1,7.15,4.4,4.61,98.3,1
1,21,170.9,7.12,4.86,3.94,118.1,1
1,72,179.0,8.39,5.07,5.98,79.1,1
1,21,168.1,7.62,4.38,2.5,66.9,1
1,66,169.0,7.21,5.35,4.63,105.0,1
1,51,156.7,8.08,4.92,4.49,94.4,1
1,90,163.0,4.06,4.7,6.16,82.5,1
0,68,182.6,1.75,5.94,3.19,133.6,0
0,52,131.5,4.01,4.4,3.55,79.1,1
1,69,155.9,7.49,5.0,5.08,111.6,1
0,26,128.4,7.24,4.84,3.82,55.8,1
0,31,141.5,8.99,4.89,5.04,66.4,1
0,54,139.1,7.13,5.92,4.86,78.2,1
0,80,141.3,5.36,4.76,7.17,91.6,1
1,77,162.9,6.74,5.74,4.94,112.5,1
1,45,186.5,3.12,4.6,4.39,89.9,1
0,38,149.0,5.77,6.16,4.28,80.7,1
1,88,149.1,2.28,5.66,5.59,91.6,1
1,59,161.9,7.09,4.95,5.94,91.8,1
1,26,179.6,6.0,4.95,4.12,91.6,1
1,34,143.4,6.26,5.03,4.32,87.1,1
0,79,159.3,4.82,5.36,5.9,86.0,1
0,83,59.4,1.75,7.43,1.99,124.8,0
1,84,166.1,7.75,6.57,6.25,93.2,1
1,18,159.3,3.92,5.22,4.02,98.5,1
1,78,152.4,7.41,5.48,4.75,93.1,1
1,26,138.9,5.04,5.86,2.86,82.2,1
1,77,166.9,3.47,5.84,4.55,82.5,1
0,82,109.5,8.71,4.97,5.45,101.3,1
1,44,135.0,8.89,5.09,4.8,86.0,1
0,32,151.2,5.53,4.75,4.38,82.1,1
0,70,156.8,5.51,5.13,4.07,80.4,1
0,22,124.8,6.05,4.92,4.25,54.2,1
1,60,170.0,5.04,4.17,3.8,104.4,1
0,42,144.7,5.36,5.99,3.7,77.5,1
1,48,154.8,7.31,5.49,5.94,97.0,1
1,78,173.2,10.23,4.47,5.44,92.4,1
1,90,149.5,5.86,6.11,6.18,99.5,1
0,47,140.1,8.34,5.37,6.2,80.4,1
1,39,138.3,7.14,5.86,4.7,84.0,1
0,78,111.0,3.49,6.6,6.4,96.5,1
1,48,173.7,6.46,6.26,5.28,107.7,1
1,32,166.1,6.23,4.71,3.96,60.5,1
0,83,126.6,9.14,5.97,5.5,71.8,1
0,90,156.6,9.21,5.46,5.09,107.4,1
0,39,161.6,7.18,5.57,5.3,78.3,1
1,29,164.7,8.69,3.54,5.45,85.6,1
1,29,136.3,6.24,4.07,3.32,106.0,1
0,61,129.2,8.51,5.05,4.4,42.3,1
1,40,144.5,6.68,4.96,4.45,101.0,1
0,63,132.0,8.48,5.44,4.5,66.6,1
1,73,196.7,13.02,4.84,2.84,40.7,0
0,18,117.3,7.79,4.28,4.66,51.9,1
0,80,95.1,5.17,4.82,6.73,68.5,1
1,20,161.5,5.74,4.47,3.91,56.8,1
0,26,99.9,7.85,4.43,3.99,63.0,1
0,70,125.2,8.11,5.78,5.7,76.3,1
1,63,165.1,6.79,6.26,5.18,114.9,1
0,89,117.3,5.94,6.6,4.35,112.4,1
1,59,138.8,6.84,5.94,4.37,85.7,1
0,48,131.2,6.0,4.78,4.61,81.0,1
0,66,118.0,6.01,5.29,5.99,69.3,1
0,73,79.5,15.0,3.41,9.03,38.6,0
1,66,138.9,5.64,4.93,4.33,99.6,1
0,45,130.9,7.41,4.67,4.17,70.9,1
0,88,123.0,6.78,5.94,6.5,103.4,1
1,40,156.8,4.29,4.18,4.35,92.5,1
0,43,157.2,4.23,5.7,5.15,56.0,1
0,38,136.2,6.35,4.73,4.55,75.7,1
0,39,140.7,2.99,5.31,4.77,56.8,1
0,33,124.3,9.79,5.02,4.25,67.1,1
0,60,134.3,5.85,6.05,6.17,89.9,1
1,71,149.8,5.7,4.19,3.99,94.8,1
0,49,132.5,8.7,5.89,4.59,81.3,1
0,85,138.2,6.25,6.42,6.59,72.1,1
1,52,148.3,7.67,5.35,4.81,101.5,1
0,52,125.8,5.47,5.49,4.9,63.2,1
1,23,151.4,6.58,5.1,5.28,108.3,1
0,83,85.5,14.98,3.05,8.14,104.4,0
1,28,160.8,4.95,4.85,5.28,84.4,1
1,30,152.5,7.45,5.38,5.63,97.7,1
0,86,150.9,2.15,4.62,4.38,87.7,1
1,55,246.7,15.0,3.81,2.64,158.1,0
0,22,126.3,5.5,4.78,3.65,79.8,1
1,50,160.4,6.35,5.53,5.24,79.2,1
0,61,146.5,6.32,4.55,6.11,69.3,1
1,18,155.2,4.75,4.22,2.06,99.5,1
1,73,138.8,4.61,4.66,3.98,99.5,1
1,66,180.5,7.44,4.55,3.4,82.1,1
0,18,145.5,7.52,5.17,3.53,59.3,1
1,63,159.5,4.91,4.99,5.23,96.2,1
1,34,179.4,7.47,4.51,6.07,107.9,1
1,71,165.5,7.5,6.12,4.17,130.1,1
1,45,155.8,5.82,4.87,6.98,80.9,1
0,32,119.2,4.17,5.46,5.03,73.4,1
1,54,148.2,6.43,4.58,5.51,82.4,1
1,50,174.1,7.16,4.94,5.56,97.1,1
0,42,143.0,6.39,4.49,3.49,67.3,1
1,82,150.0,5.43,5.96,5.03,105.2,1
1,65,181.0,7.34,5.25,4.3,68.4,1
0,53,129.3,8.78,5.63,5.56,68.7,1
0,34,148.4,5.11,5.0,3.78,74.3,1
0,59,134.4,5.96,4.12,4.9,77.0,1
0,19,164.1,11.44,4.53,3.69,76.9,1
1,82,122.9,14.09,6.16,4.19,141.6,0
1,18,159.9,4.22,4.88,3.72,114.8,1
1,69,151.4,5.64,5.77,4.3,118.4,1
1,43,156.5,5.14,5.44,5.2,94.0,1
0,70,119.1,7.18,5.38,5.25,66.7,1
1,44,136.1,7.05,4.08,6.05,100.2,1
1,19,163.7,5.35,4.81,4.57,108.1,1
0,87,120.3,9.84,5.95,5.9,76.0,1
0,73,121.7,6.65,5.39,6.16,58.3,1
1,21,157.6,5.68,4.77,4.74,110.4,1
1,20,159.8,4.3,3.57,5.02,101.9,1
1,56,155.5,4.89,5.28,5.67,124.2,1
0,87,154.4,4.26,5.64,5.35,64.1,1
0,60,140.9,6.16,4.57,4.03,77.6,1
0,18,166.8,4.91,4.99,4.11,78.4,1
1,69,147.5,7.91,5.14,3.48,95.1,1
1,49,167.9,5.45,5.27,4.23,83.2,1
0,64,65.9,14.12,3.97,2.79,39.0,0
0,43,124.3,7.38,5.24,5.94,66.7,1
1,18,226.7,13.8,2.04,1.7,55.2,0
1,19,147.6,8.11,4.45,5.87,96.6,1
1,64,121.1,10.09,6.64,5.62,82.3,1
1,64,144.0,4.97,6.2,3.72,91.7,1
1,41,126.8,8.02,5.52,5.76,90.9,1
1,24,144.3,7.22,4.92,5.33,97.2,1
1,74,92.6,14.3,2.76,1.5,138.2,0
1,29,158.6,6.7,4.74,5.14,101.3,1
0,31,50.0,13.35,2.63,2.95,136.5,0
1,51,173.8,4.18,5.11,3.0,99.9,1
1,70,125.9,4.69,4.58,4.34,128.5,1
0,90,126.1,5.48,6.32,6.57,81.4,1
1,63,149.8,6.37,3.73,5.01,78.1,1
0,88,140.6,6.58,6.23,7.01,69.6,1
0,65,135.8,5.17,5.9,6.07,122.2,1
0,79,146.9,4.72,6.98,6.25,54.8,1
0,30,128.6,5.32,4.7,5.58,79.7,1
1,22,151.8,3.42,4.42,3.63,130.0,1
1,66,160.6,5.98,5.46,4.97,79.9,1
0,89,143.5,6.39,6.07,7.46,99.3,1
1,71,166.3,7.29,5.41,5.03,122.3,1
1,43,161.5,6.8,4.34,5.77,93.2,1
1,53,99.9,4.17,7.44,2.36,30.0,0
1,26,157.9,7.96,4.79,3.76,105.7,1
1,42,205.3,13.34,6.02,1.5,39.7,0
1,67,184.8,7.16,4.43,5.76,95.9,1
1,30,154.4,7.46,6.33,5.7,106.9,1
1,53,150.2,6.1,5.69,5.43,98.2,1
0,39,126.5,6.68,5.32,4.93,49.5,1
1,53,161.5,9.96,5.13,3.95,96.2,1
0,73,97.9,6.37,5.91,5.39,80.4,1
1,82,150.8,4.1,5.0,5.73,106.8,1
1,47,169.5,7.75,5.22,4.07,116.8,1
1,78,145.3,8.08,5.72,5.88,70.1,1
1,69,156.9,6.78,4.82,4.69,113.9,1
1,85,184.1,3.12,5.61,5.27,93.8,1
1,72,158.8,8.82,5.23,6.06,101.7,1
1,58,121.6,6.91,4.81,6.53,111.2,1
1,67,77.2,1.75,6.85,8.72,36.2,0
0,41,129.1,8.64,3.99,4.62,67.6,1
1,67,142.2,2.86,6.04,5.76,107.1,1
1,69,155.7,6.7,6.37,5.88,89.9,1
1,62,150.4,5.53,4.77,5.73,103.4,1
1,25,176.0,9.19,5.44,4.54,80.4,1
1,55,139.1,6.94,5.21,6.2,116.2,1
0,69,127.0,4.94,5.43,4.76,86.0,1
0,32,137.1,8.55,4.1,3.54,61.4,1
0,75,134.6,2.07,5.19,5.75,91.4,1
1,79,155.3,7.41,5.9,5.23,105.5,1
1,57,119.1,4.23,4.67,6.8,83.8,1
1,88,153.4,5.67,5.27,5.27,109.9,1
1,80,150.7,6.07,5.3,6.46,109.9,1
0,52,144.8,8.14,3.14,5.4,50.1,1
1,82,163.6,10.47,5.83,4.31,62.9,1
1,86,156.0,3.3,6.07,6.19,93.5,1
1,25,163.2,7.3,4.99,3.85,85.4,1
1,90,172.3,10.46,6.32,7.9,109.2,1
0,18,152.5,5.47,4.4,3.58,62.1,1
1,53,114.7,1.75,4.11,1.5,135.6,0
1,86,184.6,6.92,5.18,3.69,126.7,1
1,70,144.6,7.99,5.32,4.64,117.6,1
0,37,115.5,7.68,4.76,5.33,50.2,1
0,64,130.4,5.85,5.47,4.28,94.7,1
0,33,128.1,5.06,4.75,5.06,96.4,1
0,35,96.5,8.87,4.86,4.87,70.9,1
0,84,118.8,5.11,5.25,4.74,69.6,1
0,21,140.1,3.05,4.45,4.25,44.0,1
0,88,127.3,3.88,4.38,4.85,55.6,1
0,51,120.3,5.46,5.65,5.73,72.2,1
1,22,159.4,9.19,4.12,2.73,89.4,1
1,75,155.3,4.36,5.23,6.1,93.9,1
0,21,145.6,9.24,4.08,3.7,77.7,1
1,41,147.3,8.85,5.36,4.86,124.0,1
0,35,146.6,6.91,4.6,5.05,64.2,1
1,75,137.1,1.91,4.06,5.56,90.3,1
0,46,124.8,4.37,5.26,6.71,71.6,1
0,65,156.0,5.36,4.93,4.86,70.7,1
0,23,86.9,14.95,6.38,1.5,60.2,0
0,68,120.3,5.48,5.92,7.25,71.8,1
0,69,111.3,5.11,4.84,5.65,88.4,1
0,38,120.8,6.84,4.94,4.83,112.1,1
0,82,130.9,3.96,5.17,7.59,101.5,1
1,52,166.4,6.46,5.77,3.8,95.2,1
1,66,154.1,5.06,5.44,5.18,91.6,1
0,31,129.0,11.34,4.85,3.58,58.5,1
0,86,109.8,4.85,4.95,5.56,77.2,1
1,36,146.5,9.97,5.39,3.37,73.5,1
1,63,131.5,4.45,5.87,5.28,132.1,1
1,24,169.6,6.97,4.3,4.44,88.4,1
0,21,147.0,7.4,4.81,4.33,73.0,1
1,27,157.7,6.76,5.16,2.44,100.8,1
1,86,159.0,6.64,7.02,6.36,81.7,1
0,33,146.8,8.05,5.13,4.4,88.0,1
1,82,154.3,7.25,5.63,7.95,106.6,1
0,60,151.9,6.19,5.21,4.72,70.3,1
0,24,119.2,5.29,4.7,3.86,78.3,1
1,50,150.8,6.2,5.61,5.09,96.6,1
1,52,148.8,6.18,4.65,3.88,97.8,1
1,37,167.0,6.14,5.51,5.79,87.2,1
0,62,109.3,6.64,4.41,4.35,76.3,1
0,80,150.7,3.96,6.0,4.81,81.7,1
1,82,161.2,4.65,6.2,6.35,87.1,1
1,56,181.7,8.0,5.72,5.31,102.5,1
1,83,152.1,2.45,5.81,5.83,70.6,1
1,85,144.2,8.65,5.91,4.48,118.3,1
1,24,203.6,10.0,6.54,1.79,122.6,0
0,64,146.1,9.51,4.69,4.35,48.7,1
0,74,118.9,8.71,5.66,3.93,67.6,1
0,19,105.1,5.91,4.73,4.71,75.8,1
0,62,103.4,6.1,5.88,5.05,70.1,1
0,84,132.5,9.37,5.58,5.46,87.9,1
1,37,180.4,8.79,5.05,5.34,93.8,1
0,80,109.5,8.25,5.77,5.31,72.5,1
1,86,148.3,8.56,6.03,4.15,97.9,1
0,64,125.4,4.54,5.93,4.97,100.5,1
1,63,183.5,6.87,4.77,5.52,92.7,1
1,57,189.2,5.11,5.68,5.3,136.3,1
0,47,138.7,4.5,5.0,4.78,103.9,1
0,51,145.4,6.79,5.55,7.19,56.6,1
0,56,144.5,5.76,6.13,6.61,88.6,1
1,53,136.5,6.2,3.93,3.98,89.3,1
1,78,163.7,5.6,6.3,4.33,102.0,1
1,74,138.3,4.24,5.44,6.67,75.6,1
1,43,154.1,9.55,4.53,5.82,96.8,1
0,55,148.6,6.78,4.96,6.43,116.6,1
1,33,158.9,3.9,4.28,4.26,86.0,1
0,30,150.5,6.83,5.15,4.46,85.0,1
1,44,176.1,9.24,4.44,3.28,100.5,1
1,22,132.4,8.23,5.45,4.57,89.6,1
1,80,120.3,5.57,6.02,5.03,118.7,1
1,27,175.7,5.61,4.94,3.84,90.9,1
1,41,174.9,4.78,3.79,5.65,98.0,1
1,36,161.2,5.16,4.15,4.58,101.9,1
0,33,139.6,5.31,4.85,5.4,92.4,1
0,44,146.0,3.86,5.04,4.78,68.9,1
1,70,167.1,5.7,6.01,5.89,133.9,1
0,83,124.1,7.12,3.9,4.48,49.8,1
0,31,148.2,5.75,4.41,3.73,65.0,1
0,35,128.3,6.89,5.43,5.11,92.8,1
1,52,159.5,9.42,4.98,6.56,90.6,1
1,41,159.9,9.8,4.73,5.24,101.1,1
1,76,140.5,6.38,4.57,5.53,85.8,1
1,34,146.5,8.08,5.55,6.03,76.9,1
1,47,189.8,6.2,4.81,4.74,91.1,1
1,57,141.9,5.62,5.91,4.42,110.6,1
0,45,138.0,4.49,5.95,4.91,65.7,1
1,63,163.4,6.66,6.14,5.6,98.3,1
1,76,152.6,8.45,5.52,4.38,92.7,1
0,56,141.5,4.21,4.95,5.24,85.5,1
0,51,83.1,2.13,7.0,6.88,30.0,0
1,87,196.3,1.75,5.13,2.17,146.9,0
1,89,160.2,6.94,5.61,5.64,95.7,1
0,90,119.8,6.97,6.38,5.77,63.3,1
0,19,116.2,13.92,6.6,6.18,36.1,0
1,79,159.5,9.91,5.34,5.67,74.4,1
1,83,191.8,1.75,7.65,3.01,142.8,0
1,76,158.5,4.83,6.25,6.79,107.1,1
1,72,139.9,6.95,5.5,6.75,94.1,1
1,44,160.5,9.11,4.79,4.9,127.8,1
1,70,150.6,3.87,4.97,7.63,106.4,1
0,60,118.6,7.1,5.49,4.52,64.7,1
0,78,116.6,6.14,5.26,4.9,85.6,1
1,43,193.2,8.04,5.4,4.88,91.5,1
0,72,166.2,12.26,8.27,9.3,36.0,0
1,75,147.0,6.59,5.84,6.08,117.1,1
0,78,120.1,7.38,6.65,3.43,84.5,1
0,30,141.1,5.32,4.42,3.73,90.1,1
0,81,119.3,7.94,6.03,6.31,39.2,1
0,33,117.3,9.0,5.65,3.86,79.5,1
1,86,151.9,6.68,6.52,5.6,123.6,1
1,20,158.4,5.77,5.47,4.72,80.7,1
1,34,151.3,6.24,4.92,5.12,100.8,1
0,62,117.4,7.92,5.86,6.01,72.3,1
1,57,149.4,6.42,4.64,6.28,110.2,1
0,68,123.2,4.34,6.38,5.93,67.8,1
0,47,123.2,8.21,4.53,3.84,86.9,1
0,18,139.3,4.73,5.42,4.89,69.2,1
0,63,164.1,7.26,5.97,6.23,116.6,1
0,55,151.5,3.14,5.85,5.51,80.9,1
0,55,105.9,13.55,4.39,3.41,161.7,0
0,45,124.0,6.38,5.71,5.11,84.7,1
1,83,177.8,2.96,4.85,5.55,95.2,1
1,75,156.9,7.1,5.88,4.74,101.1,1
0,31,148.7,4.52,3.73,6.45,80.1,1
0,20,141.9,6.65,4.65,3.46,39.3,1
0,31,128.8,5.76,4.61,4.62,88.7,1
1,21,169.7,3.83,5.1,4.1,100.3,1
1,69,161.4,4.62,4.94,4.18,108.3,1
0,63,104.2,4.76,4.87,6.06,85.1,1
0,51,130.0,8.27,5.47,5.47,55.8,1
0,61,144.0,8.0,6.02,5.44,77.1,1
0,77,133.5,10.45,5.56,4.98,76.7,1
0,78,136.2,5.58,6.96,6.07,57.9,1
0,49,120.8,5.52,4.93,4.74,96.9,1
1,61,158.7,6.74,5.72,5.65,127.8,1
1,60,153.6,5.86,5.5,6.49,93.9,1
1,87,149.2,5.45,5.5,3.54,108.7,1
0,73,119.5,6.6,6.28,6.36,75.4,1
0,40,146.7,7.77,4.47,6.94,69.2,1
0,82,134.0,2.7,4.38,7.19,70.0,1
0,47,136.0,5.47,5.03,5.64,56.0,1
0,73,160.5,3.97,5.34,6.56,81.6,1
0,89,165.7,11.5,8.74,6.84,30.0,0
0,77,147.3,7.28,4.81,5.76,85.3,1
0,25,138.6,8.51,5.09,4.37,66.9,1
1,33,152.4,5.72,5.14,4.24,80.4,1
1,76,137.5,6.69,5.73,6.41,89.8,1
1,27,161.9,3.47,5.43,4.36,102.9,1
0,18,95.2,4.95,4.66,2.69,67.9,1
0,36,137.5,6.87,4.97,5.11,60.1,1
1,53,160.4,4.05,5.47,5.04,122.9,1
1,27,155.0,8.73,4.74,5.16,77.1,1
1,29,156.7,7.44,4.02,4.21,117.1,1
0,42,114.0,4.87,4.78,3.29,91.1,1
1,61,175.7,3.83,5.16,4.34,112.4,1
1,57,150.2,5.21,4.92,4.32,110.4,1
1,76,138.8,4.88,5.35,4.6,88.3,1
1,89,160.3,4.31,5.84,5.27,92.2,1
0,20,187.9,1.75,6.15,2.02,67.0,0
1,68,205.6,10.51,4.25,1.5,60.3,0
1,29,151.1,7.82,5.36,5.37,105.1,1
0,44,132.5,5.22,3.63,3.74,65.8,1
0,43,152.9,7.3,4.19,4.52,61.0,1
0,69,137.1,5.91,3.99,5.35,58.2,1
1,36,156.9,7.6,4.78,4.45,87.6,1
0,83,141.5,5.08,5.44,6.22,72.4,1
1,45,156.9,7.01,5.17,4.8,101.0,1
1,77,159.3,6.72,6.06,5.4,118.2,1
0,87,130.6,8.95,5.68,3.6,108.7,1
0,55,140.3,7.51,4.86,5.46,97.6,1
1,25,151.8,6.96,4.77,6.19,78.6,1
1,69,137.0,3.85,5.14,4.94,88.4,1
0,48,145.8,5.55,4.23,5.55,60.4,1
1,42,179.4,5.06,5.6,4.1,114.9,1
0,51,115.5,5.02,5.42,5.91,86.8,1
1,39,159.8,6.53,5.85,5.25,91.2,1
1,38,150.5,6.93,4.23,4.43,96.9,1
1,90,165.3,7.0,4.78,5.41,104.6,1
0,38,136.9,8.77,4.41,5.34,83.0,1
0,51,181.8,7.37,5.4,5.06,94.0,1
1,70,149.5,4.29,5.97,4.29,103.5,1
1,34,180.7,6.86,5.08,3.3,95.5,1
1,63,179.2,7.55,5.43,5.79,106.2,1
0,83,136.7,8.77,6.16,4.97,73.9,1
1,77,153.9,6.22,5.28,5.57,106.7,1
1,20,160.4,6.24,5.33,4.93,95.1,1
0,47,132.5,8.44,6.3,3.86,93.1,1
1,18,176.2,6.82,4.03,3.45,117.0,1
0,62,117.7,3.62,5.18,6.7,73.0,1
1,41,154.5,3.24,4.18,4.45,130.1,1
1,83,148.5,9.81,5.07,6.58,104.1,1
1,30,132.1,3.42,5.09,6.86,104.7,1
0,80,141.9,6.2,4.59,5.82,98.4,1
1,42,172.7,8.09,4.56,4.06,129.3,1
1,85,143.0,3.32,6.31,5.81,118.8,1
1,32,173.3,4.55,5.01,4.47,103.4,1
0,37,109.5,4.26,5.42,4.8,69.0,1
1,43,157.1,9.74,4.27,5.51,103.7,1
0,89,126.2,10.13,5.78,6.53,86.3,1
1,71,155.2,5.18,6.6,3.62,106.7,1
1,77,154.5,7.54,5.16,6.61,97.3,1
1,58,154.0,7.05,4.98,5.41,88.4,1
1,76,147.6,5.99,5.89,5.0,103.6,1
1,63,153.1,3.57,4.81,5.92,89.9,1
1,66,174.8,10.65,5.82,4.37,74.7,1
1,79,144.4,3.23,4.51,4.68,87.1,1
1,89,185.9,6.88,4.28,6.73,94.1,1
0,60,121.5,5.33,5.49,5.26,63.5,1
0,50,135.6,8.31,4.56,6.41,78.0,1
1,65,163.1,8.02,5.04,4.68,80.4,1
0,72,125.4,4.74,6.01,5.7,58.4,1
1,90,172.7,5.08,6.12,6.15,119.3,1
0,69,138.3,3.71,4.7,5.75,89.4,1
0,87,125.2,6.85,6.02,6.3,80.8,1
1,71,174.5,7.78,5.28,5.83,120.4,1
1,87,137.1,5.71,5.96,5.76,89.5,1
0,72,121.3,6.06,5.47,3.69,86.4,1
0,82,137.2,9.93,4.73,6.42,72.9,1
1,31,169.9,8.19,4.44,2.48,119.5,1
0,90,132.8,8.93,4.3,4.69,79.6,1
0,43,130.8,2.46,5.16,4.23,60.5,1
1,76,149.6,7.48,5.78,6.33,119.8,1
1,46,173.4,6.95,4.67,4.72,91.9,1
1,51,159.5,4.25,5.1,6.71,80.4,1
1,72,140.7,4.62,4.9,4.19,122.0,1
1,57,141.4,6.11,6.01,4.15,108.0,1
1,70,176.7,4.08,4.68,3.37,86.0,1
0,23,123.9,5.06,4.56,3.43,71.1,1
0,78,133.3,5.67,4.79,4.99,73.4,1
0,47,152.6,7.53,5.25,6.26,60.4,1
1,75,161.6,5.23,6.15,6.44,86.4,1
1,38,145.8,5.69,3.72,4.97,95.9,1
0,61,115.7,8.34,5.71,4.94,89.3,1
1,60,183.0,3.32,6.28,5.89,111.0,1
0,28,118.6,6.91,4.9,5.71,64.6,1
1,52,147.5,7.2,4.78,4.46,110.6,1
0,64,136.2,7.25,5.34,4.79,97.0,1
0,79,125.8,5.6,5.26,5.19,62.6,1
0,82,137.4,4.58,6.81,4.08,86.6,1
0,46,110.4,9.24,5.59,6.01,74.0,1
1,64,151.4,4.96,5.9,4.75,94.6,1
0,30,144.2,4.49,6.14,4.34,73.2,1
0,83,138.9,6.54,6.45,6.97,87.8,1
1,81,144.3,5.17,5.54,5.13,80.6,1
0,90,112.7,8.39,5.77,6.94,76.0,1
1,53,158.9,6.02,6.61,3.49,92.6,1
1,44,136.9,8.62,4.62,5.39,98.0,1
1,73,173.0,7.31,5.39,5.06,96.4,1
1,70,156.4,5.8,4.84,3.98,87.7,1
0,33,123.2,8.51,3.8,3.64,101.4,1
1,57,139.5,5.33,4.73,5.27,59.1,1
1,64,145.1,5.92,4.84,4.42,107.2,1
1,51,132.5,7.45,4.79,5.36,106.7,1
1,45,126.2,3.28,3.19,6.61,56.6,0
0,35,121.5,5.29,4.92,3.24,77.4,1
0,48,138.2,3.73,5.73,5.83,83.4,1
1,35,165.6,6.47,5.02,4.96,89.3,1
1,39,171.6,5.19,5.09,3.16,92.0,1
0,31,137.7,6.55,4.69,5.21,68.3,1
0,45,149.4,5.74,6.24,5.01,80.9,1
0,64,151.4,5.21,5.11,4.89,82.4,1
0,45,136.4,6.02,5.63,4.55,58.0,1
0,28,139.0,6.37,4.11,5.77,72.0,1
1,76,145.0,7.75,5.39,5.81,90.2,1
1,49,141.3,7.26,6.34,6.23,84.0,1
1,60,174.2,10.27,5.71,5.63,91.5,1
0,56,140.5,6.75,4.4,5.33,57.7,1
1,54,165.9,5.29,4.59,4.4,71.3,1
1,49,147.2,6.2,6.1,5.12,99.4,1
1,73,178.1,7.52,5.55,6.38,113.4,1
0,80,125.6,8.31,5.43,5.67,71.0,1
0,83,116.7,8.91,5.18,7.4,89.6,1
0,50,123.4,4.67,4.96,5.92,85.7,1
1,42,180.4,8.81,5.88,3.76,84.7,1
0,24,117.9,6.42,4.34,4.04,60.4,1
1,50,144.7,4.83,4.79,5.61,76.6,1
0,90,171.5,6.13,6.11,4.43,79.7,1
1,36,171.5,8.68,4.32,4.62,105.0,1
0,79,118.1,7.32,5.02,4.74,75.5,1
0,73,113.5,4.32,5.5,5.5,63.6,1
1,66,129.3,4.33,5.41,4.49,97.6,1
1,59,156.6,4.28,4.8,6.13,108.9,1
1,73,164.6,5.18,5.78,5.0,108.0,1
0,25,157.3,6.64,4.91,5.1,80.4,1
0,27,105.9,4.47,3.62,3.2,77.5,1
0,32,113.9,5.73,5.35,4.37,90.2,1
1,73,151.9,9.02,5.15,4.31,84.4,1
0,49,173.9,9.41,5.62,6.05,64.8,1
0,33,147.0,9.29,6.14,3.96,59.0,1
1,21,164.5,3.27,4.67,4.34,90.4,1
0,53,113.3,9.51,4.81,5.38,96.0,1
0,47,100.5,6.67,5.93,4.27,62.3,1
0,30,134.6,6.64,4.35,3.52,61.7,1
1,19,157.6,8.35,5.82,4.55,70.7,1
0,73,125.7,7.77,5.22,3.72,84.5,1
0,74,123.9,3.14,5.13,6.69,74.5,1
0,35,122.3,5.4,6.34,4.58,93.8,1
1,54,140.9,5.84,5.43,3.75,118.9,1
1,36,178.2,4.11,5.91,4.48,80.2,1
0,47,119.0,8.29,5.09,5.46,72.5,1
0,25,130.4,9.09,4.72,3.76,91.4,1
0,87,127.7,6.48,3.95,3.99,64.5,1
1,70,164.6,7.04,6.06,5.29,113.4,1
0,83,115.9,6.48,5.88,6.35,38.0,1
0,39,147.8,6.68,4.92,4.99,72.2,1
0,81,120.2,8.51,5.97,5.98,65.8,1
1,55,153.1,3.32,5.25,5.96,113.8,1
1,32,182.4,7.37,4.31,6.06,91.0,1
1,42,142.3,6.52,5.25,2.42,109.5,1
0,77,140.1,5.22,5.44,4.35,82.8,1
0,74,144.7,5.59,5.95,5.63,63.5,1
0,70,134.6,9.8,5.28,5.65,87.9,1
0,34,131.8,4.11,4.63,3.29,81.0,1
1,65,186.4,6.2,5.05,4.6,75.7,1
1,86,152.2,9.43,5.16,7.27,107.3,1
0,21,138.0,4.21,4.4,4.1,65.1,1
1,41,151.9,5.68,5.27,5.01,104.2,1
0,23,137.0,6.58,4.3,6.07,76.1,1
1,25,173.0,7.24,4.07,4.58,111.5,1
1,90,147.9,6.36,6.22,6.51,113.9,1
0,35,101.9,4.89,4.84,5.21,61.1,1
1,31,165.6,7.31,5.33,4.32,88.9,1
1,23,142.5,6.32,4.61,4.11,92.5,1
0,89,181.0,3.04,3.89,4.42,50.4,0
0,52,131.8,8.16,4.13,5.03,67.7,1
1,75,167.6,3.82,4.85,4.59,103.7,1
0,36,119.2,8.36,4.42,5.69,86.5,1
0,64,122.6,6.04,5.53,2.71,75.0,1
1,82,147.7,7.99,5.56,7.06,125.2,1
1,66,132.2,7.39,4.77,5.15,90.3,1
1,55,172.2,9.84,3.56,5.11,105.9,1
0,33,109.3,6.51,5.17,4.73,78.7,1
1,35,174.0,5.77,5.45,5.9,98.7,1
0,61,137.3,5.58,5.89,5.38,42.1,1
1,50,153.0,4.63,4.57,4.98,93.4,1
1,21,164.1,7.95,5.33,3.56,70.0,1
0,32,81.2,11.61,7.27,6.85,30.0,0
1,49,150.1,7.94,5.47,5.56,96.3,1
1,31,162.4,6.1,4.5,4.82,131.1,1
1,58,166.2,3.33,5.19,6.68,109.2,1
0,39,118.9,9.18,6.08,4.05,57.5,1
1,39,162.3,1.75,5.99,3.74,100.0,1
0,25,95.1,6.35,4.75,4.77,78.6,1
0,54,102.7,6.92,5.33,5.0,75.2,1
0,31,142.4,2.35,3.55,3.54,72.8,1
1,64,148.3,7.29,6.08,4.81,89.9,1
1,86,139.6,5.29,6.14,6.35,104.7,1
1,84,151.8,6.05,5.87,4.49,103.1,1
0,66,124.5,8.92,5.03,4.3,84.5,1
1,76,138.6,6.76,5.58,4.86,111.4,1
0,85,103.9,5.87,6.55,5.06,87.4,1
0,67,100.8,6.19,5.62,6.05,76.0,1
1,36,168.5,9.7,6.52,4.22,94.4,1
1,54,149.3,7.23,5.7,6.55,108.8,1
1,80,216.9,1.75,6.42,2.04,34.8,0
0,66,123.9,5.62,5.14,5.65,37.2,1
1,44,161.9,4.36,4.63,4.84,71.1,1
1,30,156.1,5.69,5.36,4.6,68.4,1
1,28,158.9,9.39,5.51,2.34,104.8,1
0,45,133.9,6.2,6.1,3.91,75.2,1
0,76,122.7,4.09,5.34,5.37,86.6,1
1,58,136.8,7.28,5.55,3.39,105.7,1
1,22,170.3,5.79,5.5,1.81,111.7,1
1,85,176.4,7.51,6.6,4.59,116.2,1
1,47,144.5,13.18,2.81,7.42,152.4,0
0,46,124.1,9.1,5.46,5.35,87.8,1
1,77,142.3,4.86,4.84,4.44,123.4,1
0,45,124.2,4.4,4.71,4.72,104.5,1
1,63,152.1,8.19,4.56,5.64,99.3,1
